"STATION","DATE","LATITUDE","LONGITUDE","ELEVATION","NAME","TEMP","TEMP_ATTRIBUTES","DEWP","DEWP_ATTRIBUTES","SLP","SLP_ATTRIBUTES","STP","STP_ATTRIBUTES","VISIB","VISIB_ATTRIBUTES","WDSP","WDSP_ATTRIBUTES","MXSPD","GUST","MAX","MAX_ATTRIBUTES","MIN","MIN_ATTRIBUTES","PRCP","PRCP_ATTRIBUTES","SNDP","FRSHTT"
"01023099999","2018-01-01","69.055758","18.540356","76.8","BARDUFOSS, NO","   2.9","24","  -0.2","24","9999.9"," 0","999.9"," 0","  6.2","24","  0.9","24","  2.9","999.9","  10.6","*","  -6.7","*"," 0.05","G"," 14.2","000000"
"01023099999","2018-01-02","69.055758","18.540356","76.8","BARDUFOSS, NO","  12.1","24","   9.9","24","9999.9"," 0","999.9"," 0","  5.9","24","  0.5","24","  2.9","999.9","  19.4","*","   4.3"," "," 0.00","G"," 13.8","001000"
"01023099999","2018-01-03","69.055758","18.540356","76.8","BARDUFOSS, NO","  16.8","24","  15.2","24","9999.9"," 0","999.9"," 0","  4.7","24","  0.5","24","  3.9","999.9","  25.9","*","  11.1"," "," 0.09","G"," 14.2","001000"
"01023099999","2018-01-04","69.055758","18.540356","76.8","BARDUFOSS, NO","  16.1","24","  14.5","24","9999.9"," 0","999.9"," 0","  5.7","24","  1.8","24","  5.1","999.9","  24.8","*","  -4.0","*"," 0.00","G","999.9","001000"
"01023099999","2018-01-05","69.055758","18.540356","76.8","BARDUFOSS, NO","  -8.5","24"," -12.5","24","9999.9"," 0","999.9"," 0","  6.0","24","  0.4","24","  1.9","999.9","  -2.2","*"," -13.0","*"," 0.00","I"," 16.9","000000"
"01023099999","2018-01-06","69.055758","18.540356","76.8","BARDUFOSS, NO","   3.7","24","   0.8","24","9999.9"," 0","999.9"," 0","  5.8","24","  0.4","24","  1.9","999.9","  14.0"," ","  -3.1","*"," 0.00","H","999.9","001000"
"01023099999","2018-01-07","69.055758","18.540356","76.8","BARDUFOSS, NO","   2.3","24","  -0.4","24","9999.9"," 0","999.9"," 0","  5.5","24","  0.4","24","  5.1","999.9","  23.0","*","  -9.4","*"," 0.17","F"," 19.3","001000"
"01023099999","2018-01-08","69.055758","18.540356","76.8","BARDUFOSS, NO","  28.7","24","  23.6","24","9999.9"," 0","999.9"," 0","  4.7","24","  9.4","24"," 17.5"," 33.0","  32.9"," ","  22.8","*"," 0.04","E","999.9","001000"
"01023099999","2018-01-09","69.055758","18.540356","76.8","BARDUFOSS, NO","  29.0","24","  27.5","24","9999.9"," 0","999.9"," 0","  5.3","24","  2.4","24","  7.0","999.9","  35.6","*","  23.4"," "," 0.18","G"," 19.3","111000"
"01023099999","2018-01-10","69.055758","18.540356","76.8","BARDUFOSS, NO","  27.8","24","  26.7","24","9999.9"," 0","999.9"," 0","  6.0","24","  1.3","24","  5.1","999.9","  36.1","*","   8.6","*"," 0.09","G"," 17.3","110000"
"01023099999","2018-01-11","69.055758","18.540356","76.8","BARDUFOSS, NO","   6.7","24","   4.2","24","9999.9"," 0","999.9"," 0","  6.2","24","  0.8","24","  1.9","999.9","  15.8","*","  -0.4","*"," 0.00","G"," 16.5","000000"
"01023099999","2018-01-12","69.055758","18.540356","76.8","BARDUFOSS, NO","  32.5","24","  29.0","24","9999.9"," 0","999.9"," 0","  6.2","24","  2.9","24","  8.9","999.9","  41.0","*","  11.1"," "," 0.00","G"," 16.5","010000"
"01023099999","2018-01-13","69.055758","18.540356","76.8","BARDUFOSS, NO","  19.0","24","  17.3","24","9999.9"," 0","999.9"," 0","  6.2","24","  1.4","24","  4.1","999.9","  33.8","*","   6.8","*"," 0.00","G"," 16.1","000000"
"01023099999","2018-01-14","69.055758","18.540356","76.8","BARDUFOSS, NO","   6.5","24","   2.9","24","9999.9"," 0","999.9"," 0","  6.2","24","  1.9","24","  6.0","999.9","  15.4"," ","  -0.4","*"," 0.00","G"," 16.1","000000"
"01023099999","2018-01-15","69.055758","18.540356","76.8","BARDUFOSS, NO","  24.5","24","  11.0","24","9999.9"," 0","999.9"," 0","  6.2","24"," 11.5","24"," 24.1"," 35.0","  34.5"," ","  -2.2","*"," 0.00","G"," 16.1","000000"
"01023099999","2018-01-16","69.055758","18.540356","76.8","BARDUFOSS, NO","  28.6","24","  14.8","24","9999.9"," 0","999.9"," 0","  6.2","24"," 13.5","24"," 23.3"," 35.9","  32.7","*","  22.3","*"," 0.00","G"," 15.7","000000"
"01023099999","2018-01-17","69.055758","18.540356","76.8","BARDUFOSS, NO","  20.8","24","   7.9","24","9999.9"," 0","999.9"," 0","  6.2","24"," 10.2","24"," 20.0"," 31.1","  25.2"," ","  14.0","*"," 0.00","G"," 15.7","000000"
"01023099999","2018-01-18","69.055758","18.540356","76.8","BARDUFOSS, NO","  15.1","24","   1.6","24","9999.9"," 0","999.9"," 0","  6.2","24","  7.9","24"," 17.1"," 26.0","  17.6","*","  10.4"," "," 0.00","G"," 15.7","000000"
"01023099999","2018-01-19","69.055758","18.540356","76.8","BARDUFOSS, NO","   3.1","24","  -3.8","24","9999.9"," 0","999.9"," 0","  6.2","24","  3.6","24"," 11.7","999.9","  18.1","*"," -13.0","*"," 0.00","G"," 15.7","000000"
"01023099999","2018-01-20","69.055758","18.540356","76.8","BARDUFOSS, NO"," -13.1","24"," -17.2","24","9999.9"," 0","999.9"," 0","  6.2","24","  0.7","24","  2.9","999.9","  -5.3"," "," -14.8","*"," 0.00","G"," 15.4","000000"
"01023099999","2018-01-21","69.055758","18.540356","76.8","BARDUFOSS, NO"," -12.8","24"," -17.3","24","9999.9"," 0","999.9"," 0","  6.2","24","  0.6","24","  2.9","999.9","  -6.7"," "," -17.3"," "," 0.00","G"," 15.7","000000"
"01023099999","2018-01-22","69.055758","18.540356","76.8","BARDUFOSS, NO","  -0.7","24","  -6.4","24","9999.9"," 0","999.9"," 0","  6.2","24","  2.5","24","  6.0","999.9","   7.5"," "," -17.7"," "," 0.00","G"," 15.7","001000"
"01023099999","2018-01-23","69.055758","18.540356","76.8","BARDUFOSS, NO"," -13.3","24"," -18.1","24","9999.9"," 0","999.9"," 0","  6.2","24","  1.3","24","  3.9","999.9","   3.6","*"," -18.4","*"," 0.00","G"," 15.7","000000"
"01023099999","2018-01-24","69.055758","18.540356","76.8","BARDUFOSS, NO","   0.2","24","  -7.0","24","9999.9"," 0","999.9"," 0","  6.2","24","  4.9","24"," 12.0","999.9","  14.2"," "," -19.3"," "," 0.00","G"," 15.4","000000"
"01023099999","2018-01-25","69.055758","18.540356","76.8","BARDUFOSS, NO","  13.7","24","   6.2","24","9999.9"," 0","999.9"," 0","  6.2","24","  3.1","24"," 11.7","999.9","  21.9"," ","   2.1","*"," 0.00","F"," 15.4","000000"
"01023099999","2018-01-26","69.055758","18.540356","76.8","BARDUFOSS, NO","   9.2","24","   6.0","24","9999.9"," 0","999.9"," 0","  6.2","24","  0.8","24","  2.9","999.9","  14.9"," ","   0.5","*"," 0.00","H"," 15.4","101000"
"01023099999","2018-01-27","69.055758","18.540356","76.8","BARDUFOSS, NO","  -8.6","24"," -12.3","24","9999.9"," 0","999.9"," 0","  6.2","24","  0.7","24","  2.9","999.9","   1.4","*"," -15.3","*"," 0.00","G"," 15.7","001000"
"01023099999","2018-01-28","69.055758","18.540356","76.8","BARDUFOSS, NO"," -12.8","24"," -17.3","24","9999.9"," 0","999.9"," 0","  6.2","24","  0.6","24","  1.9","999.9","  -7.6"," "," -16.1"," "," 0.00","G"," 15.7","001000"
"01023099999","2018-01-29","69.055758","18.540356","76.8","BARDUFOSS, NO","  -5.3","24","  -9.0","24","9999.9"," 0","999.9"," 0","  6.2","24","  0.6","24","  2.9","999.9","   7.0"," "," -16.2"," "," 0.00","G"," 15.7","000000"
"01023099999","2018-01-30","69.055758","18.540356","76.8","BARDUFOSS, NO","   4.1","24","   1.0","24","9999.9"," 0","999.9"," 0","  6.2","24","  0.4","24","  1.9","999.9","   9.0"," ","  -4.0","*"," 0.00","G"," 15.7","000000"
"01023099999","2018-01-31","69.055758","18.540356","76.8","BARDUFOSS, NO","  -6.7","24"," -10.6","24","9999.9"," 0","999.9"," 0","  6.2","24","  0.5","24","  1.9","999.9","   2.7"," ","  -9.4","*"," 0.00","G"," 15.7","000000"
"01023099999","2018-02-01","69.055758","18.540356","76.8","BARDUFOSS, NO","   6.5","24","   0.3","24","9999.9"," 0","999.9"," 0","  6.2","24","  3.6","24"," 11.1","999.9","  19.4","*","  -9.0"," "," 0.00","G"," 15.7","000000"
"01023099999","2018-02-02","69.055758","18.540356","76.8","BARDUFOSS, NO","  -9.4","24"," -13.3","24","9999.9"," 0","999.9"," 0","  6.2","24","  1.5","24","  4.1","999.9","  -2.9","*"," -16.6","*"," 0.00","G"," 15.7","000000"
"01023099999","2018-02-03","69.055758","18.540356","76.8","BARDUFOSS, NO"," -13.3","24"," -17.8","24","9999.9"," 0","999.9"," 0","  6.2","24","  0.9","24","  2.9","999.9","  -4.7"," "," -18.4","*"," 0.00","G"," 15.7","000000"
"01023099999","2018-02-04","69.055758","18.540356","76.8","BARDUFOSS, NO","  -7.6","24"," -11.7","24","9999.9"," 0","999.9"," 0","  6.2","24","  0.6","24","  2.9","999.9","   5.0","*"," -17.0"," "," 0.00","G"," 15.7","000000"
"01023099999","2018-02-05","69.055758","18.540356","76.8","BARDUFOSS, NO","  22.8","24","  16.6","24","9999.9"," 0","999.9"," 0","  6.2","24","  3.5","24","  9.9"," 15.9","  41.7"," ","  -2.4"," "," 0.00","G"," 15.7","011000"
"01023099999","2018-02-06","69.055758","18.540356","76.8","BARDUFOSS, NO","  22.0","24","  16.0","24","9999.9"," 0","999.9"," 0","  6.2","24","  3.7","24","  8.0","999.9","  34.7","*","  -0.4","*"," 0.07","G"," 15.0","001000"
"01023099999","2018-02-07","69.055758","18.540356","76.8","BARDUFOSS, NO","   9.4","24","   1.0","24","9999.9"," 0","999.9"," 0","  6.2","24","  2.8","24","  5.8","999.9","  18.0"," ","  -2.9"," "," 0.00","G"," 15.0","001000"
"01023099999","2018-02-08","69.055758","18.540356","76.8","BARDUFOSS, NO","  15.0","24","   8.4","24","9999.9"," 0","999.9"," 0","  5.8","24","  2.3","24","  8.0","999.9","  23.5"," ","   3.2","*"," 0.04","G"," 16.1","001000"
"01023099999","2018-02-09","69.055758","18.540356","76.8","BARDUFOSS, NO","  17.2","24","   9.8","24","9999.9"," 0","999.9"," 0","  6.2","24","  2.4","24","  9.7","999.9","  26.6","*","   7.9","*"," 0.00","G"," 15.0","000000"
"01023099999","2018-02-10","69.055758","18.540356","76.8","BARDUFOSS, NO","  25.2","24","  20.1","24","9999.9"," 0","999.9"," 0","  6.2","24","  2.3","24","  8.0","999.9","  33.8","*","  17.4","*"," 0.00","G"," 15.0","000000"
"01023099999","2018-02-11","69.055758","18.540356","76.8","BARDUFOSS, NO","  13.2","24","   9.8","24","9999.9"," 0","999.9"," 0","  6.2","24","  1.7","24","  7.0","999.9","  28.9","*","   1.4","*"," 0.00","G"," 15.0","001000"
"01023099999","2018-02-12","69.055758","18.540356","76.8","BARDUFOSS, NO","   4.4","24","   0.3","24","9999.9"," 0","999.9"," 0","  6.2","24","  1.6","24","  9.9","999.9","  21.2","*","  -3.5"," "," 0.00","G"," 15.0","000000"
"01023099999","2018-02-13","69.055758","18.540356","76.8","BARDUFOSS, NO","  19.6","24","  11.0","24","9999.9"," 0","999.9"," 0","  6.1","24","  4.8","24","  9.7","999.9","  26.6","*","   0.7"," "," 0.00","G"," 15.0","001000"
"01023099999","2018-02-14","69.055758","18.540356","76.8","BARDUFOSS, NO","   5.6","24","   2.4","24","9999.9"," 0","999.9"," 0","  6.2","24","  1.7","24","  8.9","999.9","  29.3"," ","  -4.0","*"," 0.02","G"," 15.4","000000"
"01023099999","2018-02-15","69.055758","18.540356","76.8","BARDUFOSS, NO","   0.3","24","  -3.0","24","9999.9"," 0","999.9"," 0","  6.2","24","  1.1","24","  2.9","999.9","  13.8"," ","  -9.4","*"," 0.00","G"," 15.4","000000"
"01023099999","2018-02-16","69.055758","18.540356","76.8","BARDUFOSS, NO","  -3.7","24","  -7.6","24","9999.9"," 0","999.9"," 0","  6.2","24","  0.7","24","  2.9","999.9","   7.5"," "," -13.0","*"," 0.00","G"," 15.4","001000"
"01023099999","2018-02-17","69.055758","18.540356","76.8","BARDUFOSS, NO","  -9.1","24"," -13.2","24","9999.9"," 0","999.9"," 0","  6.2","24","  0.8","24","  2.9","999.9","   4.8"," "," -14.8","*"," 0.00","G"," 15.7","000000"
"01023099999","2018-02-18","69.055758","18.540356","76.8","BARDUFOSS, NO","  -9.5","24"," -14.2","24","9999.9"," 0","999.9"," 0","  6.2","24","  0.9","24","  2.9","999.9","   5.7"," "," -18.6"," "," 0.00","G"," 15.7","000000"
"01023099999","2018-02-19","69.055758","18.540356","76.8","BARDUFOSS, NO","  -5.0","24","  -8.8","24","9999.9"," 0","999.9"," 0","  6.2","24","  1.3","24","  3.9","999.9","   8.8"," "," -13.0"," "," 0.00","G"," 15.7","000000"
"01023099999","2018-02-20","69.055758","18.540356","76.8","BARDUFOSS, NO","  -5.5","24","  -9.5","24","9999.9"," 0","999.9"," 0","  6.2","23","  1.7","24","  3.9","999.9","   9.9"," "," -13.0","*"," 0.00","G"," 15.7","000000"
"01023099999","2018-02-21","69.055758","18.540356","76.8","BARDUFOSS, NO","  -9.9","24"," -14.6","24","9999.9"," 0","999.9"," 0","  6.2","24","  0.9","24","  2.9","999.9","   8.1"," "," -18.4","*"," 0.00","G"," 15.7","000000"
"01023099999","2018-02-22","69.055758","18.540356","76.8","BARDUFOSS, NO","  -8.9","24"," -13.6","24","9999.9"," 0","999.9"," 0","  6.2","24","  1.0","24","  4.1","999.9","   8.6"," "," -16.8"," "," 0.00","G"," 15.7","000000"
"01023099999","2018-02-23","69.055758","18.540356","76.8","BARDUFOSS, NO","   0.0","24","  -6.9","24","9999.9"," 0","999.9"," 0","  6.2","24","  3.2","24"," 13.0","999.9","  19.6"," "," -16.6"," "," 0.00","G"," 15.7","000000"
"01023099999","2018-02-24","69.055758","18.540356","76.8","BARDUFOSS, NO","   1.0","24","  -7.4","24","9999.9"," 0","999.9"," 0","  6.2","24","  2.8","24","  8.0","999.9","  16.5"," "," -15.3"," "," 0.00","G"," 15.7","010000"
"01023099999","2018-02-25","69.055758","18.540356","76.8","BARDUFOSS, NO","  -7.4","24"," -13.7","24","9999.9"," 0","999.9"," 0","  6.2","24","  1.0","24","  4.1","999.9","  13.5"," "," -18.4","*"," 0.00","G"," 15.4","000000"
"01023099999","2018-02-26","69.055758","18.540356","76.8","BARDUFOSS, NO","  -7.3","24"," -13.4","24","9999.9"," 0","999.9"," 0","  6.2","24","  0.8","24","  3.9","999.9","  12.6"," "," -20.9"," "," 0.00","G"," 15.4","000000"
"01023099999","2018-02-27","69.055758","18.540356","76.8","BARDUFOSS, NO","  -0.3","24","  -4.9","24","9999.9"," 0","999.9"," 0","  6.2","24","  0.8","24","  3.9","999.9","  17.6","*"," -13.0","*"," 0.00","G"," 15.4","000000"
"01023099999","2018-02-28","69.055758","18.540356","76.8","BARDUFOSS, NO","  27.3","24","  19.8","24","9999.9"," 0","999.9"," 0","  6.2","24","  7.2","24"," 12.0"," 22.9","  32.7","*","  10.4","*"," 0.00","G"," 15.0","001000"
"01023099999","2018-03-01","69.055758","18.540356","76.8","BARDUFOSS, NO","  31.3","24","  22.8","24","9999.9"," 0","999.9"," 0","  6.1","24","  7.0","24","  9.9","999.9","  33.8","*","  24.8","*"," 0.00","G"," 14.2","001000"
"01023099999","2018-03-02","69.055758","18.540356","76.8","BARDUFOSS, NO","  24.7","24","  22.3","24","9999.9"," 0","999.9"," 0","  5.3","24","  0.9","24","  7.8","999.9","  28.6","*","  20.1"," "," 0.00","G"," 14.6","001000"
"01023099999","2018-03-03","69.055758","18.540356","76.8","BARDUFOSS, NO","  20.2","24","  14.9","24","9999.9"," 0","999.9"," 0","  5.4","24","  2.5","24","  8.0","999.9","  23.9"," ","   6.8","*"," 0.08","G"," 17.3","001000"
"01023099999","2018-03-04","69.055758","18.540356","76.8","BARDUFOSS, NO","   7.4","24","   0.6","24","1016.0"," 5","005.8"," 5","  8.0","21","  3.0","24","  9.9","999.9","  22.8"," ","  -9.4","*"," 0.02","G"," 17.7","000000"
"01023099999","2018-03-05","69.055758","18.540356","76.8","BARDUFOSS, NO","  -0.8","24","  -7.2","24","9999.9"," 0","999.9"," 0","  6.2","24","  1.8","24","  7.0","999.9","  21.2","*"," -15.3","*"," 0.00","G"," 16.5","000000"
"01023099999","2018-03-06","69.055758","18.540356","76.8","BARDUFOSS, NO","   2.7","24","  -7.5","24","9999.9"," 0","999.9"," 0","  6.2","24","  4.2","24"," 15.0","999.9","  19.8"," "," -19.3"," "," 0.00","G"," 16.1","000000"
"01023099999","2018-03-07","69.055758","18.540356","76.8","BARDUFOSS, NO","  14.1","24","  -0.7","24","9999.9"," 0","999.9"," 0","  6.2","24","  8.5","24"," 15.0"," 20.0","  21.2"," ","   1.4","*"," 0.00","G"," 16.1","000000"
"01023099999","2018-03-08","69.055758","18.540356","76.8","BARDUFOSS, NO","  -0.4","24","  -8.7","24","9999.9"," 0","999.9"," 0","  6.2","24","  3.1","24","  8.9","999.9","  16.3"," "," -15.2"," "," 0.00","G"," 15.7","000000"
"01023099999","2018-03-09","69.055758","18.540356","76.8","BARDUFOSS, NO","  -1.6","24","  -9.0","24","9999.9"," 0","999.9"," 0","  6.2","24","  1.3","24","  4.1","999.9","  21.4"," "," -17.3"," "," 0.00","G"," 15.7","000000"
"01023099999","2018-03-10","69.055758","18.540356","76.8","BARDUFOSS, NO","   4.1","24","  -1.2","24","9999.9"," 0","999.9"," 0","  6.2","24","  1.1","24","  4.1","999.9","  19.4"," "," -12.5"," "," 0.00","G"," 15.7","001000"
"01023099999","2018-03-11","69.055758","18.540356","76.8","BARDUFOSS, NO","  10.7","24","   3.9","24","9999.9"," 0","999.9"," 0","  6.0","24","  1.6","24","  5.8","999.9","  24.8","*","  -6.3"," "," 0.00","G"," 15.7","001000"
"01023099999","2018-03-12","69.055758","18.540356","76.8","BARDUFOSS, NO","  14.3","24","   8.5","24","9999.9"," 0","999.9"," 0","  6.1","24","  1.8","24","  7.0","999.9","  32.0","*","  -2.2","*"," 0.04","G"," 16.1","001000"
"01023099999","2018-03-13","69.055758","18.540356","76.8","BARDUFOSS, NO","   8.7","24","   1.2","24","9999.9"," 0","999.9"," 0","  6.2","24","  3.1","24"," 12.0"," 22.0","  26.6","*","  -7.6"," "," 0.00","G"," 15.7","001000"
"01023099999","2018-03-14","69.055758","18.540356","76.8","BARDUFOSS, NO","   4.1","24","  -2.3","24","9999.9"," 0","999.9"," 0","  6.2","24","  1.1","24","  3.9","999.9","  25.3"," "," -11.0"," "," 0.00","G"," 15.7","000000"
"01023099999","2018-03-15","69.055758","18.540356","76.8","BARDUFOSS, NO","   3.1","24","  -3.8","24","9999.9"," 0","999.9"," 0","  6.2","24","  1.1","24","  3.9","999.9","  23.0","*"," -11.2","*"," 0.00","G"," 15.7","001000"
"01023099999","2018-03-16","69.055758","18.540356","76.8","BARDUFOSS, NO","   5.7","24","  -3.5","24","9999.9"," 0","999.9"," 0","  6.2","24","  0.8","24","  2.9","999.9","  23.0"," "," -16.6","*"," 0.00","G"," 15.7","000000"
"01023099999","2018-03-17","69.055758","18.540356","76.8","BARDUFOSS, NO","  26.0","24","  18.7","24","9999.9"," 0","999.9"," 0","  6.0","24","  6.4","24"," 12.0"," 24.1","  35.6","*","  10.2"," "," 0.00","G"," 15.7","011000"
"01023099999","2018-03-18","69.055758","18.540356","76.8","BARDUFOSS, NO","  27.4","24","  24.7","24","9999.9"," 0","999.9"," 0","  3.1","24"," 10.3","24"," 19.0"," 27.0","  33.8","*","  24.8","*"," 0.25","G"," 16.5","011000"
"01023099999","2018-03-19","69.055758","18.540356","76.8","BARDUFOSS, NO","  24.6","24","  19.5","24","9999.9"," 0","999.9"," 0","  6.2","24","  4.4","24"," 13.6","999.9","  33.6"," ","   8.6","*"," 0.32","G","999.9","001000"
"01023099999","2018-03-20","69.055758","18.540356","76.8","BARDUFOSS, NO","  18.0","24","  12.2","24","9999.9"," 0","999.9"," 0","  5.4","24","  4.5","24","  9.7","999.9","  26.6"," ","  -0.4","*"," 0.00","G"," 20.5","001000"
"01023099999","2018-03-21","69.055758","18.540356","76.8","BARDUFOSS, NO","  26.9","24","  23.8","24","9999.9"," 0","999.9"," 0","  4.5","24","  4.9","24"," 12.0","999.9","  34.3"," ","  19.4","*"," 0.15","G"," 21.7","111000"
"01023099999","2018-03-22","69.055758","18.540356","76.8","BARDUFOSS, NO","  17.8","24","  14.7","24","9999.9"," 0","999.9"," 0","  4.6","24","  1.3","24","  3.9","999.9","  32.4"," ","  -0.4","*"," 0.00","G","999.9","100000"
"01023099999","2018-03-23","69.055758","18.540356","76.8","BARDUFOSS, NO","   9.7","24","   3.3","24","9999.9"," 0","999.9"," 0","  7.7","24","  1.4","24","  4.1","999.9","  28.6"," ","  -6.9"," "," 0.00","G"," 22.4","000000"
"01023099999","2018-03-24","69.055758","18.540356","76.8","BARDUFOSS, NO","  10.5","24","   1.5","24","9999.9"," 0","999.9"," 0","  6.2","24","  3.0","24","  8.0","999.9","  30.0"," "," -13.0","*"," 0.00","G"," 22.0","000000"
"01023099999","2018-03-25","69.055758","18.540356","76.8","BARDUFOSS, NO","  10.5","24","   6.0","24","9999.9"," 0","999.9"," 0","  5.8","23","  2.7","24","  7.8","999.9","  25.7"," "," -12.1"," "," 0.00","G"," 21.3","001000"
"01023099999","2018-03-26","69.055758","18.540356","76.8","BARDUFOSS, NO","  20.5","24","  17.0","24","9999.9"," 0","999.9"," 0","  4.9","24","  5.5","24"," 13.6","999.9","  24.8"," ","  12.4"," "," 0.06","G"," 22.0","001000"
"01023099999","2018-03-27","69.055758","18.540356","76.8","BARDUFOSS, NO","  27.7","24","  24.3","24","9999.9"," 0","999.9"," 0","  5.3","24","  7.0","24"," 15.5","999.9","  33.8","*","  16.3"," "," 0.12","G"," 24.8","001000"
"01023099999","2018-03-28","69.055758","18.540356","76.8","BARDUFOSS, NO","  30.4","24","  25.7","24","9999.9"," 0","999.9"," 0","  5.5","24","  6.3","24"," 11.7"," 22.0","  36.1"," ","  23.7"," "," 0.13","G"," 26.0","011000"
"01023099999","2018-03-29","69.055758","18.540356","76.8","BARDUFOSS, NO","  28.2","24","  23.5","24","9999.9"," 0","999.9"," 0","  5.5","24","  7.3","24"," 17.5","999.9","  33.8","*","  19.4","*"," 0.15","G"," 26.8","011000"
"01023099999","2018-03-30","69.055758","18.540356","76.8","BARDUFOSS, NO","  27.2","24","  21.0","24","9999.9"," 0","999.9"," 0","  5.6","24","  5.8","24"," 13.0","999.9","  37.4","*","  17.2"," "," 0.03","G"," 25.6","011000"
"01023099999","2018-03-31","69.055758","18.540356","76.8","BARDUFOSS, NO","  27.8","24","  19.6","24","9999.9"," 0","999.9"," 0","  5.5","24","  4.9","24","  9.7","999.9","  35.6","*","  14.0","*"," 0.18","G"," 26.4","001000"
"01023099999","2018-04-01","69.055758","18.540356","76.8","BARDUFOSS, NO","  23.8","24","  11.0","24","9999.9"," 0","999.9"," 0","  6.2","24","  3.6","24","  8.9","999.9","  36.7"," ","   6.1"," "," 0.00","G"," 25.2","011000"
"01023099999","2018-04-02","69.055758","18.540356","76.8","BARDUFOSS, NO","  15.9","24","   5.7","24","9999.9"," 0","999.9"," 0","  6.2","24","  2.0","24","  7.8","999.9","  34.9"," ","  -4.0","*"," 0.00","G"," 24.4","000000"
"01023099999","2018-04-03","69.055758","18.540356","76.8","BARDUFOSS, NO","  15.7","24","   5.9","24","9999.9"," 0","999.9"," 0","  6.2","24","  1.8","24","  6.0","999.9","  35.8"," ","  -6.3"," "," 0.00","G"," 24.0","000000"
"01023099999","2018-04-04","69.055758","18.540356","76.8","BARDUFOSS, NO","  21.7","24","  11.6","24","9999.9"," 0","999.9"," 0","  6.2","24","  6.1","24"," 15.9"," 22.0","  35.6","*","  -1.5"," "," 0.00","G"," 23.6","000000"
"01023099999","2018-04-05","69.055758","18.540356","76.8","BARDUFOSS, NO","  32.1","24","  19.5","24","9999.9"," 0","999.9"," 0","  6.2","24","  4.7","24"," 12.0","999.9","  40.8"," ","  21.0"," "," 0.00","G"," 22.8","001000"
"01023099999","2018-04-06","69.055758","18.540356","76.8","BARDUFOSS, NO","  29.1","24","  20.7","24","9999.9"," 0","999.9"," 0","  6.2","24","  3.4","24"," 11.1","999.9","  41.2"," ","  14.7"," "," 0.00","G"," 22.8","001000"
"01023099999","2018-04-07","69.055758","18.540356","76.8","BARDUFOSS, NO","  30.7","24","  24.2","24","9999.9"," 0","999.9"," 0","  5.7","24","  6.0","24"," 13.6","999.9","  38.8"," ","  23.0","*"," 0.20","G"," 26.0","001000"
"01023099999","2018-04-08","69.055758","18.540356","76.8","BARDUFOSS, NO","  33.0","24","  12.5","24","9999.9"," 0","999.9"," 0","  5.5","24","  5.1","24","  8.9","999.9","  46.8"," ","  21.0"," "," 0.01","G"," 24.0","101000"
"01023099999","2018-04-09","69.055758","18.540356","76.8","BARDUFOSS, NO","  27.4","24","  21.7","24","9999.9"," 0","999.9"," 0","  5.3","24","  4.4","24"," 15.0","999.9","  37.4","*","  10.4"," "," 0.05","G"," 24.0","111000"
"01023099999","2018-04-10","69.055758","18.540356","76.8","BARDUFOSS, NO","  33.3","24","  26.3","24","9999.9"," 0","999.9"," 0","  6.2","24","  5.7","24"," 15.9","999.9","  39.7"," ","  20.8"," "," 0.09","G"," 24.4","011000"
"01023099999","2018-04-11","69.055758","18.540356","76.8","BARDUFOSS, NO","  37.3","20","  26.9","20","1025.4"," 4","015.8"," 4","  9.8","18","  5.4","20"," 11.7","999.9","  39.4"," ","  33.4"," "," 0.06","G"," 22.8","010000"
"01023099999","2018-04-12","69.055758","18.540356","76.8","BARDUFOSS, NO","  37.0","24","  25.0","24","9999.9"," 0","999.9"," 0","  6.2","24","  3.1","24","  7.0","999.9","  46.6"," ","  19.4","*"," 0.00","G"," 21.7","000000"
"01023099999","2018-04-13","69.055758","18.540356","76.8","BARDUFOSS, NO","  35.7","24","  18.7","24","9999.9"," 0","999.9"," 0","  6.2","24","  2.4","24","  6.0","999.9","  53.2"," ","  15.3"," "," 0.00","G"," 20.1","000000"
"01023099999","2018-04-14","69.055758","18.540356","76.8","BARDUFOSS, NO","  34.8","24","  26.8","24","9999.9"," 0","999.9"," 0","  6.2","24","  4.1","24","  9.7","999.9","  45.0"," ","  22.3"," "," 0.00","G"," 19.7","000000"
"01023099999","2018-04-15","69.055758","18.540356","76.8","BARDUFOSS, NO","  36.3","24","  25.1","24","9999.9"," 0","999.9"," 0","  7.7","24","  1.5","24","  5.8","999.9","  50.0","*","  19.4","*"," 0.00","G"," 18.5","000000"
"01023099999","2018-04-16","69.055758","18.540356","76.8","BARDUFOSS, NO","  39.0","24","  26.3","24","9999.9"," 0","999.9"," 0","  6.2","24","  2.1","24","  8.0","999.9","  57.2","*","  24.4"," "," 0.00","G"," 17.7","000000"
"01023099999","2018-04-17","69.055758","18.540356","76.8","BARDUFOSS, NO","  38.7","24","  27.7","24","9999.9"," 0","999.9"," 0","  6.2","24","  1.9","24","  7.0","999.9","  53.6","*","  23.7"," "," 0.00","G"," 16.5","000000"
"01023099999","2018-04-18","69.055758","18.540356","76.8","BARDUFOSS, NO","  39.2","24","  28.1","24","9999.9"," 0","999.9"," 0","  6.2","24","  3.0","24","  9.7","999.9","  54.9"," ","  22.8"," "," 0.00","F"," 15.7","000000"
"01023099999","2018-04-19","69.055758","18.540356","76.8","BARDUFOSS, NO","  37.3","24","  32.4","24","9999.9"," 0","999.9"," 0","  6.2","24","  2.4","24","  5.8","999.9","  44.6","*","  27.9"," "," 0.00","G"," 14.6","010000"
"01023099999","2018-04-20","69.055758","18.540356","76.8","BARDUFOSS, NO","  37.9","24","  37.1","24","9999.9"," 0","999.9"," 0","  5.6","24","  2.0","24","  6.0","999.9","  43.0"," ","  33.6","*"," 0.07","G"," 13.0","110000"
"01023099999","2018-04-21","69.055758","18.540356","76.8","BARDUFOSS, NO","  40.0","24","  33.1","24","9999.9"," 0","999.9"," 0","  5.6","24","  3.3","24","  8.0","999.9","  46.4"," ","  32.9"," "," 0.13","G"," 11.8","110000"
"01023099999","2018-04-22","69.055758","18.540356","76.8","BARDUFOSS, NO","  36.9","24","  29.3","24","9999.9"," 0","999.9"," 0","  6.1","24","  5.1","24","  9.7","999.9","  41.0","*","  32.0","*"," 0.02","G","  9.8","010000"
"01023099999","2018-04-23","69.055758","18.540356","76.8","BARDUFOSS, NO","  40.9","24","  30.0","24","9999.9"," 0","999.9"," 0","  6.2","24","  4.4","24"," 14.0","999.9","  49.8"," ","  26.6"," "," 0.00","G","  8.7","010000"
"01023099999","2018-04-24","69.055758","18.540356","76.8","BARDUFOSS, NO","  38.5","24","  36.8","24","9999.9"," 0","999.9"," 0","  5.0","24","  1.1","24","  4.1","999.9","  44.8"," ","  33.8","*"," 0.02","G","  6.7","110000"
"01023099999","2018-04-25","69.055758","18.540356","76.8","BARDUFOSS, NO","  36.8","24","  34.4","24","9999.9"," 0","999.9"," 0","  5.5","24","  2.9","24","  8.0","999.9","  41.9"," ","  32.0","*"," 0.15","G","  5.1","110000"
"01023099999","2018-04-26","69.055758","18.540356","76.8","BARDUFOSS, NO","  37.6","24","  32.4","24","9999.9"," 0","999.9"," 0","  6.1","24","  3.7","24","  9.7","999.9","  43.5"," ","  32.0","*"," 0.02","G","999.9","010000"
"01023099999","2018-04-27","69.055758","18.540356","76.8","BARDUFOSS, NO","  37.7","24","  33.2","24","9999.9"," 0","999.9"," 0","  5.4","24","  2.3","24","  5.8","999.9","  45.5"," ","  30.2","*"," 0.00","G","  2.0","110000"
"01023099999","2018-04-28","69.055758","18.540356","76.8","BARDUFOSS, NO","  36.1","24","  32.4","24","9999.9"," 0","999.9"," 0","  6.2","24","  4.1","24","  9.7","999.9","  39.9"," ","  31.6"," "," 0.00","G","  1.2","010000"
"01023099999","2018-04-29","69.055758","18.540356","76.8","BARDUFOSS, NO","  37.2","24","  27.5","24","9999.9"," 0","999.9"," 0","  6.2","24","  5.1","24","  9.9","999.9","  41.2"," ","  31.8","*"," 0.02","G","999.9","011000"
"01023099999","2018-04-30","69.055758","18.540356","76.8","BARDUFOSS, NO","  36.2","24","  30.2","24","9999.9"," 0","999.9"," 0","  7.8","24","  3.6","24","  9.9","999.9","  43.7"," ","  26.6","*"," 0.00","G","999.9","011000"
"01023099999","2018-05-01","69.055758","18.540356","76.8","BARDUFOSS, NO","  39.0","24","  25.7","24","9999.9"," 0","999.9"," 0","  6.2","24","  7.2","24"," 14.0"," 22.9","  45.9"," ","  24.4"," "," 0.02","G","999.9","100000"
"01023099999","2018-05-02","69.055758","18.540356","76.8","BARDUFOSS, NO","  43.6","24","  29.0","24","9999.9"," 0","999.9"," 0","  6.2","24"," 10.2","24"," 17.1"," 22.9","  48.6"," ","  38.8"," "," 0.00","G","999.9","000000"
"01023099999","2018-05-03","69.055758","18.540356","76.8","BARDUFOSS, NO","  45.6","24","  31.6","24","9999.9"," 0","999.9"," 0","  6.2","24"," 10.9","24"," 21.4"," 27.0","  52.0"," ","  38.1"," "," 0.00","G","999.9","000000"
"01023099999","2018-05-04","69.055758","18.540356","76.8","BARDUFOSS, NO","  45.9","24","  33.0","24","9999.9"," 0","999.9"," 0","  6.2","24","  7.0","24"," 12.0","999.9","  55.4","*","  30.2","*"," 0.00","G","999.9","000000"
"01023099999","2018-05-05","69.055758","18.540356","76.8","BARDUFOSS, NO","  44.8","24","  35.1","24","9999.9"," 0","999.9"," 0","  6.2","24","  4.2","24","  9.9","999.9","  52.3"," ","  28.4"," "," 0.00","G","999.9","010000"
"01023099999","2018-05-06","69.055758","18.540356","76.8","BARDUFOSS, NO","  44.4","24","  34.3","24","9999.9"," 0","999.9"," 0","  6.2","24","  7.2","24"," 18.1"," 22.9","  53.6","*","  37.4","*"," 0.00","G","999.9","010000"
"01023099999","2018-05-07","69.055758","18.540356","76.8","BARDUFOSS, NO","  40.4","24","  31.0","24","9999.9"," 0","999.9"," 0","  6.2","24","  6.8","24"," 18.1","999.9","  47.1"," ","  36.7"," "," 0.15","G","999.9","010000"
"01023099999","2018-05-08","69.055758","18.540356","76.8","BARDUFOSS, NO","  46.2","24","  26.2","24","9999.9"," 0","999.9"," 0","  6.2","24","  4.8","24","  7.8","999.9","  54.5"," ","  35.6","*"," 0.00","G","999.9","010000"
"01023099999","2018-05-09","69.055758","18.540356","76.8","BARDUFOSS, NO","  54.3","24","  34.2","24","9999.9"," 0","999.9"," 0","  6.2","24","  4.3","24"," 11.1","999.9","  68.9"," ","  34.5"," "," 0.00","G","999.9","000000"
"01023099999","2018-05-10","69.055758","18.540356","76.8","BARDUFOSS, NO","  59.8","24","  36.3","24","9999.9"," 0","999.9"," 0","  6.2","24","  4.3","24","  8.9","999.9","  73.9"," ","  37.0"," "," 0.00","F","999.9","000000"
"01023099999","2018-05-11","69.055758","18.540356","76.8","BARDUFOSS, NO","  50.0","24","  39.0","24","9999.9"," 0","999.9"," 0","  6.2","24","  5.7","24"," 20.0"," 24.1","  71.1"," ","  36.9"," "," 0.00","G","999.9","110000"
"01023099999","2018-05-12","69.055758","18.540356","76.8","BARDUFOSS, NO","  50.3","24","  41.9","24","9999.9"," 0","999.9"," 0","  6.2","24","  5.3","24"," 13.0","999.9","  59.7"," ","  40.8"," "," 0.17","G","999.9","100000"
"01023099999","2018-05-13","69.055758","18.540356","76.8","BARDUFOSS, NO","  53.7","24","  42.8","24","9999.9"," 0","999.9"," 0","  6.2","24","  3.1","24"," 12.0","999.9","  64.2"," ","  38.8"," "," 0.00","G","999.9","000000"
"01023099999","2018-05-14","69.055758","18.540356","76.8","BARDUFOSS, NO","  59.6","24","  41.6","24","9999.9"," 0","999.9"," 0","  6.2","24","  3.4","24","  9.9","999.9","  73.2"," ","  41.0","*"," 0.00","G","999.9","000000"
"01023099999","2018-05-15","69.055758","18.540356","76.8","BARDUFOSS, NO","  54.9","24","  40.9","24","9999.9"," 0","999.9"," 0","  6.2","24","  5.4","24"," 14.0","999.9","  63.9"," ","  37.4","*"," 0.00","G","999.9","000000"
"01023099999","2018-05-16","69.055758","18.540356","76.8","BARDUFOSS, NO","  53.2","24","  38.2","24","9999.9"," 0","999.9"," 0","  6.2","24","  7.3","24"," 15.5"," 27.0","  72.7"," ","  36.1"," "," 0.00","G","999.9","010000"
"01023099999","2018-05-17","69.055758","18.540356","76.8","BARDUFOSS, NO","  47.0","24","  28.2","24","9999.9"," 0","999.9"," 0","  6.2","24","  6.9","24"," 11.1","999.9","  54.1"," ","  37.9"," "," 0.00","G","999.9","010000"
"01023099999","2018-05-18","69.055758","18.540356","76.8","BARDUFOSS, NO","  44.7","24","  35.3","24","9999.9"," 0","999.9"," 0","  6.2","24","  5.6","24"," 11.7","999.9","  50.2"," ","  40.5"," "," 0.01","G","999.9","010000"
"01023099999","2018-05-19","69.055758","18.540356","76.8","BARDUFOSS, NO","  46.9","24","  32.2","24","9999.9"," 0","999.9"," 0","  6.2","24"," 10.0","24"," 20.0"," 29.9","  52.7"," ","  37.4","*"," 0.00","G","999.9","010000"
"01023099999","2018-05-20","69.055758","18.540356","76.8","BARDUFOSS, NO","  47.8","24","  37.0","24","9999.9"," 0","999.9"," 0","  6.2","24","  6.7","24"," 18.1"," 35.0","  57.4"," ","  36.9"," "," 0.02","G","999.9","010000"
"01023099999","2018-05-21","69.055758","18.540356","76.8","BARDUFOSS, NO","  47.9","24","  39.1","24","9999.9"," 0","999.9"," 0","  6.2","24","  6.1","24"," 13.6"," 19.0","  55.4","*","  42.8","*"," 0.32","G","999.9","010000"
"01023099999","2018-05-22","69.055758","18.540356","76.8","BARDUFOSS, NO","  43.0","24","  37.9","24","9999.9"," 0","999.9"," 0","  5.5","24","  5.2","24"," 14.0"," 17.1","  50.9"," ","  35.6","*"," 0.10","G","999.9","010000"
"01023099999","2018-05-23","69.055758","18.540356","76.8","BARDUFOSS, NO","  40.7","24","  32.3","24","9999.9"," 0","999.9"," 0","  6.2","24","  7.0","24"," 14.0","999.9","  48.4"," ","  32.0","*"," 0.15","G","999.9","010000"
"01023099999","2018-05-24","69.055758","18.540356","76.8","BARDUFOSS, NO","  44.8","24","  32.3","24","9999.9"," 0","999.9"," 0","  6.2","24","  4.6","24"," 12.0"," 20.0","  51.8","*","  32.4"," "," 0.04","G","999.9","010000"
"01023099999","2018-05-25","69.055758","18.540356","76.8","BARDUFOSS, NO","  49.6","24","  34.7","24","9999.9"," 0","999.9"," 0","  6.2","24","  8.1","24"," 17.5"," 28.9","  61.5"," ","  30.9"," "," 0.00","G","999.9","000000"
"01023099999","2018-05-26","69.055758","18.540356","76.8","BARDUFOSS, NO","  44.9","24","  33.7","24","9999.9"," 0","999.9"," 0","  6.2","24"," 11.1","24"," 19.0"," 32.1","  52.0"," ","  37.4","*"," 0.03","G","999.9","011100"
"01023099999","2018-05-27","69.055758","18.540356","76.8","BARDUFOSS, NO","  46.3","24","  35.8","24","9999.9"," 0","999.9"," 0","  6.2","24","  6.6","24"," 11.7"," 21.0","  51.8","*","  37.6"," "," 0.05","G","999.9","010000"
"01023099999","2018-05-28","69.055758","18.540356","76.8","BARDUFOSS, NO","  63.3","24","  29.5","24","9999.9"," 0","999.9"," 0","  6.2","24","  6.4","24"," 12.0"," 24.1","  74.8"," ","  47.5"," "," 0.00","G","999.9","010000"
"01023099999","2018-05-29","69.055758","18.540356","76.8","BARDUFOSS, NO","  49.6","24","  40.5","24","9999.9"," 0","999.9"," 0","  6.2","24"," 10.4","24"," 20.0"," 29.9","  61.3","*","  42.8","*"," 0.01","G","999.9","010000"
"01023099999","2018-05-30","69.055758","18.540356","76.8","BARDUFOSS, NO","  43.7","24","  34.6","24","9999.9"," 0","999.9"," 0","  6.2","24","  8.9","24"," 17.1","999.9","  48.2","*","  32.0","*"," 0.00","G","999.9","010000"
"01023099999","2018-05-31","69.055758","18.540356","76.8","BARDUFOSS, NO","  54.6","24","  34.9","24","9999.9"," 0","999.9"," 0","  6.2","24","  4.8","24"," 13.0","999.9","  71.8"," ","  32.0","*"," 0.00","F","999.9","000000"
"01023099999","2018-06-01","69.055758","18.540356","76.8","BARDUFOSS, NO","  50.6","24","  38.3","24","9999.9"," 0","999.9"," 0","  6.2","24","  9.6","24"," 15.5"," 21.0","  57.9"," ","  44.6","*"," 0.00","G","999.9","000000"
"01023099999","2018-06-02","69.055758","18.540356","76.8","BARDUFOSS, NO","  47.1","24","  38.4","24","9999.9"," 0","999.9"," 0","  6.2","24","  7.6","24"," 15.5","999.9","  53.6"," ","  42.6","*"," 0.00","G","999.9","010000"
"01023099999","2018-06-03","69.055758","18.540356","76.8","BARDUFOSS, NO","  43.2","24","  39.0","24","9999.9"," 0","999.9"," 0","  6.2","24","  7.5","24"," 20.0","999.9","  46.4","*","  37.4","*"," 0.04","G","999.9","010000"
"01023099999","2018-06-04","69.055758","18.540356","76.8","BARDUFOSS, NO","  38.0","24","  35.1","24","9999.9"," 0","999.9"," 0","  6.1","24"," 14.0","24"," 22.0"," 29.9","  44.8"," ","  35.4","*"," 0.78","G","999.9","011000"
"01023099999","2018-06-05","69.055758","18.540356","76.8","BARDUFOSS, NO","  40.3","24","  32.9","24","9999.9"," 0","999.9"," 0","  6.2","24"," 11.8","24"," 17.5"," 26.0","  46.9"," ","  35.2"," "," 0.23","G","999.9","011000"
"01023099999","2018-06-06","69.055758","18.540356","76.8","BARDUFOSS, NO","  38.7","24","  33.5","24","9999.9"," 0","999.9"," 0","  6.2","24","  8.0","24"," 19.4","999.9","  46.4"," ","  33.8","*"," 0.02","G","999.9","011000"
"01023099999","2018-06-07","69.055758","18.540356","76.8","BARDUFOSS, NO","  38.2","24","  33.8","24","9999.9"," 0","999.9"," 0","  6.2","24","  8.2","24"," 15.9","999.9","  45.7"," ","  32.9"," "," 0.13","G","999.9","011000"
"01023099999","2018-06-08","69.055758","18.540356","76.8","BARDUFOSS, NO","  41.7","24","  31.9","24","9999.9"," 0","999.9"," 0","  6.2","24","  5.1","24"," 14.0","999.9","  48.2","*","  33.3"," "," 0.18","G","999.9","010000"
"01023099999","2018-06-09","69.055758","18.540356","76.8","BARDUFOSS, NO","  44.3","24","  41.5","24","9999.9"," 0","999.9"," 0","  6.2","24","  2.9","24","  7.8","999.9","  48.2","*","  39.2","*"," 0.00","G","999.9","010000"
"01023099999","2018-06-10","69.055758","18.540356","76.8","BARDUFOSS, NO","  46.7","24","  43.2","24","9999.9"," 0","999.9"," 0","  6.2","24","  4.4","24","  9.9","999.9","  50.2","*","  41.0","*","99.99"," ","999.9","010000"
"01023099999","2018-06-11","69.055758","18.540356","76.8","BARDUFOSS, NO","  43.7","24","  38.2","24","9999.9"," 0","999.9"," 0","  6.2","24","  5.7","24"," 11.1","999.9","  46.4","*","  40.6","*","99.99"," ","999.9","010000"
"01023099999","2018-06-12","69.055758","18.540356","76.8","BARDUFOSS, NO","  42.0","24","  33.7","24","9999.9"," 0","999.9"," 0","  6.2","24","  5.6","24","  9.9","999.9","  46.2"," ","  35.6","*"," 0.00","H","999.9","010000"
"01023099999","2018-06-13","69.055758","18.540356","76.8","BARDUFOSS, NO","  42.0","24","  31.0","24","9999.9"," 0","999.9"," 0","  6.2","24","  5.4","24"," 17.1","999.9","  48.2","*","  32.0","*"," 0.00","G","999.9","010000"
"01023099999","2018-06-14","69.055758","18.540356","76.8","BARDUFOSS, NO","  53.2","24","  34.8","24","9999.9"," 0","999.9"," 0","  6.2","24","  5.8","24"," 18.1"," 24.1","  62.6","*","  31.5","*"," 0.00","I","999.9","000000"
"01023099999","2018-06-15","69.055758","18.540356","76.8","BARDUFOSS, NO","  56.1","24","  43.9","24","9999.9"," 0","999.9"," 0","  6.2","24","  5.6","24"," 14.0"," 22.0","  60.8","*","  51.8","*"," 0.00","H","999.9","010000"
"01023099999","2018-06-16","69.055758","18.540356","76.8","BARDUFOSS, NO","  54.2","24","  37.6","24","9999.9"," 0","999.9"," 0","  6.2","24","  8.0","24"," 15.9"," 28.0","  57.2","*","  48.2","*"," 0.00","F","999.9","010000"
"01023099999","2018-06-17","69.055758","18.540356","76.8","BARDUFOSS, NO","  55.0","24","  38.1","24","9999.9"," 0","999.9"," 0","  6.2","24","  4.6","24","  8.9","999.9","  64.4","*","  46.4","*"," 0.01","G","999.9","000000"
"01023099999","2018-06-18","69.055758","18.540356","76.8","BARDUFOSS, NO","  52.4","24","  47.8","24","9999.9"," 0","999.9"," 0","  6.2","24","  2.8","24","  8.0","999.9","  59.0","*","  48.2","*"," 0.00","G","999.9","010000"
"01023099999","2018-06-19","69.055758","18.540356","76.8","BARDUFOSS, NO","  53.1","24","  48.6","24","9999.9"," 0","999.9"," 0","  6.2","24","  4.5","24","  9.9","999.9","  59.0","*","  46.4","*"," 0.25","G","999.9","110000"
"01023099999","2018-06-20","69.055758","18.540356","76.8","BARDUFOSS, NO","  47.4","24","  45.5","24","9999.9"," 0","999.9"," 0","  6.2","24","  3.1","24","  5.1","999.9","  50.0","*","  44.6","*"," 0.83","G","999.9","010000"
"01023099999","2018-06-21","69.055758","18.540356","76.8","BARDUFOSS, NO","  47.3","24","  46.0","24","9999.9"," 0","999.9"," 0","  6.2","24","  3.3","24","  8.9","999.9","  50.0","*","  44.6","*"," 0.00","G","999.9","010000"
"01023099999","2018-06-22","69.055758","18.540356","76.8","BARDUFOSS, NO","  47.3","24","  44.6","24","9999.9"," 0","999.9"," 0","  6.2","24","  3.8","24","  8.9","999.9","  50.5"," ","  44.6","*"," 0.43","G","999.9","010000"
"01023099999","2018-06-23","69.055758","18.540356","76.8","BARDUFOSS, NO","  43.2","24","  41.0","24","9999.9"," 0","999.9"," 0","  6.2","24","  5.5","24"," 13.0","999.9","  44.8"," ","  41.0","*"," 0.27","G","999.9","010000"
"01023099999","2018-06-24","69.055758","18.540356","76.8","BARDUFOSS, NO","  47.4","24","  38.5","24","9999.9"," 0","999.9"," 0","  6.2","24","  5.6","24"," 12.0","999.9","  53.8"," ","  41.0"," "," 1.17","G","999.9","010000"
"01023099999","2018-06-25","69.055758","18.540356","76.8","BARDUFOSS, NO","  52.5","24","  45.2","24","9999.9"," 0","999.9"," 0","  6.2","24","  4.2","24","  9.9"," 19.0","  61.0"," ","  44.4"," "," 0.01","G","999.9","010000"
"01023099999","2018-06-26","69.055758","18.540356","76.8","BARDUFOSS, NO","  51.8","24","  39.8","24","9999.9"," 0","999.9"," 0","  6.2","24"," 10.5","24"," 15.5"," 27.0","  57.4"," ","  46.4","*"," 0.00","G","999.9","010000"
"01023099999","2018-06-27","69.055758","18.540356","76.8","BARDUFOSS, NO","  47.2","24","  41.1","24","9999.9"," 0","999.9"," 0","  6.2","24","  7.9","24"," 18.1","999.9","  52.5"," ","  42.8","*"," 0.20","G","  0.4","010000"
"01023099999","2018-06-28","69.055758","18.540356","76.8","BARDUFOSS, NO","  47.1","24","  39.6","24","9999.9"," 0","999.9"," 0","  6.2","24","  5.6","24"," 12.0","999.9","  52.5"," ","  42.4"," "," 0.07","G","999.9","010000"
"01023099999","2018-06-29","69.055758","18.540356","76.8","BARDUFOSS, NO","  45.1","24","  38.5","24","9999.9"," 0","999.9"," 0","  6.2","24"," 10.3","24"," 17.1","999.9","  48.2","*","  42.3","*"," 0.00","G","999.9","010000"
"01023099999","2018-06-30","69.055758","18.540356","76.8","BARDUFOSS, NO","  47.5","24","  39.3","24","9999.9"," 0","999.9"," 0","  6.2","24","  6.3","24"," 13.6","999.9","  53.8"," ","  41.7"," "," 0.02","G","999.9","010000"
"01023099999","2018-07-01","69.055758","18.540356","76.8","BARDUFOSS, NO","  59.7","24","  42.4","24","9999.9"," 0","999.9"," 0","  6.2","24","  2.8","24","  8.0","999.9","  72.1"," ","  46.4","*"," 0.00","G","999.9","000000"
"01023099999","2018-07-02","69.055758","18.540356","76.8","BARDUFOSS, NO","  66.7","24","  42.6","24","9999.9"," 0","999.9"," 0","  6.2","24","  4.9","24","  9.9","999.9","  77.0","*","  50.0"," "," 0.00","G","999.9","000000"
"01023099999","2018-07-03","69.055758","18.540356","76.8","BARDUFOSS, NO","  57.7","24","  46.2","24","9999.9"," 0","999.9"," 0","  6.2","24","  8.0","24"," 17.5","999.9","  66.2","*","  51.1","*"," 0.00","G","999.9","000000"
"01023099999","2018-07-04","69.055758","18.540356","76.8","BARDUFOSS, NO","  52.0","24","  47.0","24","9999.9"," 0","999.9"," 0","  6.2","24","  7.6","24"," 12.0","999.9","  55.4","*","  48.2","*"," 0.00","G","999.9","010000"
"01023099999","2018-07-05","69.055758","18.540356","76.8","BARDUFOSS, NO","  60.3","24","  49.4","24","9999.9"," 0","999.9"," 0","  6.2","24","  4.9","24"," 13.6","999.9","  69.8","*","  48.2","*"," 0.00","G","999.9","000000"
"01023099999","2018-07-06","69.055758","18.540356","76.8","BARDUFOSS, NO","  55.7","24","  50.5","24","9999.9"," 0","999.9"," 0","  6.0","24","  3.6","24"," 11.7","999.9","  63.5"," ","  49.6","*"," 0.02","F","999.9","010000"
"01023099999","2018-07-07","69.055758","18.540356","76.8","BARDUFOSS, NO","  51.7","24","  47.8","24","9999.9"," 0","999.9"," 0","  5.7","24","  2.5","24","  6.0","999.9","  55.4","*","  48.2","*"," 0.06","G","999.9","010000"
"01023099999","2018-07-08","69.055758","18.540356","76.8","BARDUFOSS, NO","  56.1","24","  44.7","24","9999.9"," 0","999.9"," 0","  6.2","24","  5.1","24"," 11.1","999.9","  65.5"," ","  46.2"," "," 0.02","G","999.9","010000"
"01023099999","2018-07-09","69.055758","18.540356","76.8","BARDUFOSS, NO","  58.4","24","  49.2","24","9999.9"," 0","999.9"," 0","  6.2","24","  4.2","24","  8.9","999.9","  68.2"," ","  50.9"," "," 0.00","G","999.9","000000"
"01023099999","2018-07-10","69.055758","18.540356","76.8","BARDUFOSS, NO","  60.7","24","  46.3","24","9999.9"," 0","999.9"," 0","  6.2","24","  5.6","24"," 13.0","999.9","  69.1"," ","  48.2","*"," 0.00","G","999.9","000000"
"01023099999","2018-07-11","69.055758","18.540356","76.8","BARDUFOSS, NO","  61.7","24","  47.1","24","9999.9"," 0","999.9"," 0","  6.2","24","  5.7","24"," 12.0","999.9","  73.4"," ","  46.4","*"," 0.00","G","999.9","000000"
"01023099999","2018-07-12","69.055758","18.540356","76.8","BARDUFOSS, NO","  57.8","24","  50.3","24","9999.9"," 0","999.9"," 0","  6.2","24","  7.8","24"," 14.0","999.9","  68.0","*","  47.8"," "," 0.01","F","999.9","010000"
"01023099999","2018-07-13","69.055758","18.540356","76.8","BARDUFOSS, NO","  55.5","24","  47.3","24","9999.9"," 0","999.9"," 0","  6.2","24","  4.8","24"," 12.0","999.9","  65.1"," ","  49.6"," "," 0.00","G","999.9","010000"
"01023099999","2018-07-14","69.055758","18.540356","76.8","BARDUFOSS, NO","  54.7","24","  46.9","24","9999.9"," 0","999.9"," 0","  6.2","24","  4.0","24","  9.9","999.9","  61.7"," ","  50.0","*"," 0.00","G","999.9","000000"
"01023099999","2018-07-15","69.055758","18.540356","76.8","BARDUFOSS, NO","  58.4","24","  49.8","24","9999.9"," 0","999.9"," 0","  6.2","24","  4.8","24","  9.9","999.9","  63.7"," ","  51.8","*"," 0.00","G","999.9","010000"
"01023099999","2018-07-16","69.055758","18.540356","76.8","BARDUFOSS, NO","  65.5","24","  53.2","24","9999.9"," 0","999.9"," 0","  6.2","24","  5.3","24","  9.7","999.9","  75.0"," ","  53.6","*"," 0.02","G","999.9","000000"
"01023099999","2018-07-17","69.055758","18.540356","76.8","BARDUFOSS, NO","  71.8","24","  57.2","24","9999.9"," 0","999.9"," 0","  6.2","24","  4.4","24"," 14.0","999.9","  86.9"," ","  51.8","*"," 0.00","G","999.9","000000"
"01023099999","2018-07-18","69.055758","18.540356","76.8","BARDUFOSS, NO","  76.5","24","  58.0","24","9999.9"," 0","999.9"," 0","  6.2","24","  3.1","24"," 13.0","999.9","  92.3"," ","  56.7"," "," 0.00","G","999.9","000000"
"01023099999","2018-07-19","69.055758","18.540356","76.8","BARDUFOSS, NO","  66.3","24","  57.8","24","9999.9"," 0","999.9"," 0","  6.7","24","  6.0","24"," 15.9","999.9","  75.9"," ","  55.4","*"," 0.00","G","999.9","010010"
"01023099999","2018-07-20","69.055758","18.540356","76.8","BARDUFOSS, NO","  57.7","24","  55.5","24","9999.9"," 0","999.9"," 0","  6.2","24","  3.5","24","  6.0","999.9","  61.9"," ","  54.7"," ","99.99"," ","999.9","110010"
"01023099999","2018-07-21","69.055758","18.540356","76.8","BARDUFOSS, NO","  62.7","24","  58.2","24","9999.9"," 0","999.9"," 0","  6.2","24","  3.8","24","  8.0","999.9","  75.2"," ","  55.4"," ","99.99"," ","999.9","010010"
"01023099999","2018-07-22","69.055758","18.540356","76.8","BARDUFOSS, NO","  60.1","24","  56.2","24","9999.9"," 0","999.9"," 0","  6.2","24","  6.4","24"," 11.7","999.9","  67.1"," ","  56.1"," "," 0.00","I","999.9","000000"
"01023099999","2018-07-23","69.055758","18.540356","76.8","BARDUFOSS, NO","  60.0","24","  51.5","24","9999.9"," 0","999.9"," 0","  6.2","24","  4.7","24"," 12.0"," 21.0","  68.7"," ","  50.0","*","99.99"," ","999.9","110000"
"01023099999","2018-07-24","69.055758","18.540356","76.8","BARDUFOSS, NO","  60.7","24","  51.1","24","9999.9"," 0","999.9"," 0","  6.2","24","  2.5","24","  8.0","999.9","  72.5"," ","  47.1"," ","99.99"," ","999.9","010000"
"01023099999","2018-07-25","69.055758","18.540356","76.8","BARDUFOSS, NO","  59.5","24","  56.1","24","9999.9"," 0","999.9"," 0","  6.2","24","  3.8","24"," 12.0","999.9","  70.9"," ","  53.6","*"," 0.36","F","999.9","010000"
"01023099999","2018-07-26","69.055758","18.540356","76.8","BARDUFOSS, NO","  57.4","24","  50.0","24","9999.9"," 0","999.9"," 0","  6.2","24","  4.5","24"," 11.7","999.9","  64.9"," ","  42.8","*"," 0.00","E","999.9","110000"
"01023099999","2018-07-27","69.055758","18.540356","76.8","BARDUFOSS, NO","  63.3","24","  49.2","24","9999.9"," 0","999.9"," 0","  7.7","24","  1.9","24","  5.8","999.9","  80.4"," ","  41.0","*"," 0.00","F","999.9","100000"
"01023099999","2018-07-28","69.055758","18.540356","76.8","BARDUFOSS, NO","  70.9","24","  55.9","24","9999.9"," 0","999.9"," 0","  6.2","24","  3.6","24","  8.0","999.9","  84.2"," ","  51.1"," "," 0.00","G","999.9","000000"
"01023099999","2018-07-29","69.055758","18.540356","76.8","BARDUFOSS, NO","  74.8","24","  55.5","24","9999.9"," 0","999.9"," 0","  6.2","24","  3.1","24","  8.9","999.9","  87.8","*","  52.3"," "," 0.00","G","999.9","010000"
"01023099999","2018-07-30","69.055758","18.540356","76.8","BARDUFOSS, NO","  73.9","24","  65.0","24","9999.9"," 0","999.9"," 0","  6.2","24","  2.9","24","  9.9","999.9","  83.1"," ","  64.4","*"," 0.00","G","999.9","010000"
"01023099999","2018-07-31","69.055758","18.540356","76.8","BARDUFOSS, NO","  76.2","24","  63.8","24","9999.9"," 0","999.9"," 0","  6.2","24","  2.5","24","  8.0","999.9","  87.8","*","  63.5"," "," 0.00","G","999.9","000000"
"01023099999","2018-08-01","69.055758","18.540356","76.8","BARDUFOSS, NO","  74.1","24","  63.3","24","9999.9"," 0","999.9"," 0","  6.2","24","  3.8","24"," 14.0","999.9","  90.0"," ","  62.2"," "," 0.00","G","999.9","010010"
"01023099999","2018-08-02","69.055758","18.540356","76.8","BARDUFOSS, NO","  62.4","24","  54.7","24","9999.9"," 0","999.9"," 0","  6.2","24","  4.6","24"," 12.0","999.9","  70.2","*","  51.8","*"," 0.00","I","999.9","000000"
"01023099999","2018-08-03","69.055758","18.540356","76.8","BARDUFOSS, NO","  58.5","24","  55.2","24","9999.9"," 0","999.9"," 0","  6.1","24","  2.1","24","  7.8","999.9","  66.6","*","  50.0","*","99.99"," ","999.9","110000"
"01023099999","2018-08-04","69.055758","18.540356","76.8","BARDUFOSS, NO","  58.1","24","  52.2","24","9999.9"," 0","999.9"," 0","  6.1","24","  4.1","24"," 12.0","999.9","  63.5"," ","  53.2","*"," 0.08","F","999.9","010000"
"01023099999","2018-08-05","69.055758","18.540356","76.8","BARDUFOSS, NO","  56.1","24","  50.4","24","9999.9"," 0","999.9"," 0","  6.2","24","  3.6","24","  8.9","999.9","  62.4"," ","  48.2","*"," 0.12","G","999.9","010000"
"01023099999","2018-08-06","69.055758","18.540356","76.8","BARDUFOSS, NO","  53.3","24","  46.6","24","9999.9"," 0","999.9"," 0","  7.8","24","  5.7","24"," 14.0","999.9","  59.2"," ","  48.0"," "," 0.02","G","999.9","000000"
"01023099999","2018-08-07","69.055758","18.540356","76.8","BARDUFOSS, NO","  51.4","24","  45.8","24","9999.9"," 0","999.9"," 0","  6.1","24","  4.7","24"," 15.5","999.9","  59.5"," ","  39.2","*"," 0.00","G","999.9","010000"
"01023099999","2018-08-08","69.055758","18.540356","76.8","BARDUFOSS, NO","  55.6","24","  48.2","24","9999.9"," 0","999.9"," 0","  6.2","24","  2.6","24","  7.0","999.9","  68.7"," ","  38.3"," "," 0.04","G","999.9","110000"
"01023099999","2018-08-09","69.055758","18.540356","76.8","BARDUFOSS, NO","  57.6","24","  53.1","24","9999.9"," 0","999.9"," 0","  6.2","24","  3.7","24","  9.9"," 18.1","  62.1"," ","  53.6"," "," 0.03","G","999.9","010000"
"01023099999","2018-08-10","69.055758","18.540356","76.8","BARDUFOSS, NO","  59.8","24","  47.8","24","9999.9"," 0","999.9"," 0","  6.2","24","  4.7","24"," 13.0","999.9","  65.3"," ","  54.5"," "," 0.26","G","999.9","010000"
"01023099999","2018-08-11","69.055758","18.540356","76.8","BARDUFOSS, NO","  61.3","24","  54.3","24","9999.9"," 0","999.9"," 0","  6.2","24","  7.4","24"," 15.9"," 26.0","  70.9"," ","  53.6","*"," 0.05","G","999.9","010000"
"01023099999","2018-08-12","69.055758","18.540356","76.8","BARDUFOSS, NO","  52.8","24","  50.2","24","9999.9"," 0","999.9"," 0","  6.0","24","  6.9","24"," 11.1","999.9","  57.2","*","  48.2","*"," 0.41","G","999.9","010000"
"01023099999","2018-08-13","69.055758","18.540356","76.8","BARDUFOSS, NO","  48.7","24","  45.0","24","9999.9"," 0","999.9"," 0","  6.1","24","  5.5","24"," 12.0","999.9","  52.2"," ","  44.6","*"," 0.04","G","999.9","010000"
"01023099999","2018-08-14","69.055758","18.540356","76.8","BARDUFOSS, NO","  49.0","24","  45.7","24","9999.9"," 0","999.9"," 0","  6.1","24","  2.5","24","  6.0","999.9","  53.8"," ","  44.6","*"," 0.04","G","999.9","010000"
"01023099999","2018-08-15","69.055758","18.540356","76.8","BARDUFOSS, NO","  53.1","24","  45.4","24","9999.9"," 0","999.9"," 0","  6.2","24","  2.0","24","  7.0","999.9","  63.3"," ","  41.0","*"," 0.00","G","999.9","110000"
"01023099999","2018-08-16","69.055758","18.540356","76.8","BARDUFOSS, NO","  55.6","24","  50.2","24","9999.9"," 0","999.9"," 0","  6.2","24","  3.8","24","  8.9","999.9","  64.6"," ","  40.5"," "," 0.00","G","999.9","010000"
"01023099999","2018-08-17","69.055758","18.540356","76.8","BARDUFOSS, NO","  56.3","24","  52.6","24","9999.9"," 0","999.9"," 0","  5.6","24","  3.2","24","  9.9","999.9","  65.1"," ","  46.4","*"," 0.17","G","999.9","110000"
"01023099999","2018-08-18","69.055758","18.540356","76.8","BARDUFOSS, NO","  57.5","24","  46.7","24","9999.9"," 0","999.9"," 0","  6.2","24","  3.5","24","  8.9","999.9","  68.0"," ","  45.9"," "," 0.16","G","999.9","010000"
"01023099999","2018-08-19","69.055758","18.540356","76.8","BARDUFOSS, NO","  54.0","24","  49.1","24","9999.9"," 0","999.9"," 0","  6.2","24","  3.7","24"," 12.0","999.9","  62.1"," ","  49.8","*"," 0.14","G","999.9","110000"
"01023099999","2018-08-20","69.055758","18.540356","76.8","BARDUFOSS, NO","  49.1","24","  45.8","24","9999.9"," 0","999.9"," 0","  6.2","24","  5.6","24"," 14.0","999.9","  53.6","*","  42.8","*"," 0.23","G","999.9","010000"
"01023099999","2018-08-21","69.055758","18.540356","76.8","BARDUFOSS, NO","  47.7","24","  41.8","24","9999.9"," 0","999.9"," 0","  6.2","24","  6.6","24"," 14.0"," 22.0","  53.8","*","  42.3","*"," 0.00","G","999.9","010000"
"01023099999","2018-08-22","69.055758","18.540356","76.8","BARDUFOSS, NO","  51.2","24","  44.9","24","9999.9"," 0","999.9"," 0","  6.2","24","  3.9","24","  9.9","999.9","  59.2"," ","  46.2"," "," 0.28","F","999.9","010000"
"01023099999","2018-08-23","69.055758","18.540356","76.8","BARDUFOSS, NO","  52.8","24","  45.1","24","9999.9"," 0","999.9"," 0","  6.2","24","  4.4","24"," 11.7","999.9","  61.5"," ","  44.6","*"," 0.00","F","999.9","010000"
"01023099999","2018-08-24","69.055758","18.540356","76.8","BARDUFOSS, NO","  54.1","24","  44.6","24","9999.9"," 0","999.9"," 0","  6.2","24","  4.3","24"," 13.6","999.9","  62.6","*","  44.2"," "," 0.00","G","999.9","010000"
"01023099999","2018-08-25","69.055758","18.540356","76.8","BARDUFOSS, NO","  51.8","24","  47.8","24","9999.9"," 0","999.9"," 0","  6.2","24","  2.2","24","  7.0","999.9","  60.8","*","  46.4","*","99.99"," ","999.9","010000"
"01023099999","2018-08-26","69.055758","18.540356","76.8","BARDUFOSS, NO","  51.1","24","  39.7","24","9999.9"," 0","999.9"," 0","  6.2","24","  5.3","24"," 11.1","999.9","  60.8","*","  35.6","*"," 0.00","I","999.9","000000"
"01023099999","2018-08-27","69.055758","18.540356","76.8","BARDUFOSS, NO","  46.0","24","  39.0","24","9999.9"," 0","999.9"," 0","  6.2","24","  3.8","24","  9.9","999.9","  55.9","*","  33.6","*","99.99"," ","999.9","110000"
"01023099999","2018-08-28","69.055758","18.540356","76.8","BARDUFOSS, NO","  49.6","24","  43.1","24","9999.9"," 0","999.9"," 0","  6.2","24","  2.7","24","  6.0","999.9","  60.8","*","  36.9","*"," 0.00","F","999.9","100000"
"01023099999","2018-08-29","69.055758","18.540356","76.8","BARDUFOSS, NO","  54.3","24","  46.5","24","9999.9"," 0","999.9"," 0","  6.2","24","  2.0","24","  8.9","999.9","  66.2","*","  36.3"," "," 0.00","G","999.9","000000"
"01023099999","2018-08-30","69.055758","18.540356","76.8","BARDUFOSS, NO","  55.0","24","  47.5","24","9999.9"," 0","999.9"," 0","  6.2","24","  4.3","24"," 15.0"," 20.0","  64.6","*","  47.8","*"," 0.00","H","999.9","010000"
"01023099999","2018-08-31","69.055758","18.540356","76.8","BARDUFOSS, NO","  46.9","24","  38.9","24","9999.9"," 0","999.9"," 0","  6.2","24","  4.1","24"," 15.0","999.9","  55.4","*","  32.0","*"," 0.06","G","999.9","010000"
"01023099999","2018-09-01","69.055758","18.540356","76.8","BARDUFOSS, NO","  47.9","24","  38.0","24","9999.9"," 0","999.9"," 0","  5.7","24","  2.1","24","  8.0","999.9","  65.3"," ","  28.4","*"," 0.00","G","999.9","100000"
"01023099999","2018-09-02","69.055758","18.540356","76.8","BARDUFOSS, NO","  53.6","24","  48.8","24","9999.9"," 0","999.9"," 0","  6.2","24","  3.1","24","  8.0","999.9","  61.9"," ","  45.7"," "," 0.01","G","999.9","010000"
"01023099999","2018-09-03","69.055758","18.540356","76.8","BARDUFOSS, NO","  59.2","24","  47.5","24","9999.9"," 0","999.9"," 0","  6.2","24","  6.0","24"," 13.6"," 24.1","  66.2"," ","  50.0","*"," 0.00","G","999.9","010000"
"01023099999","2018-09-04","69.055758","18.540356","76.8","BARDUFOSS, NO","  50.1","24","  43.7","24","9999.9"," 0","999.9"," 0","  8.3","24","  4.0","24","  9.9","999.9","  58.8"," ","  42.8","*"," 0.01","G","999.9","110000"
"01023099999","2018-09-05","69.055758","18.540356","76.8","BARDUFOSS, NO","  48.2","24","  42.3","24","9999.9"," 0","999.9"," 0","  5.5","24","  1.4","24","  7.0","999.9","  63.1"," ","  35.6","*"," 0.00","G","999.9","100000"
"01023099999","2018-09-06","69.055758","18.540356","76.8","BARDUFOSS, NO","  48.4","24","  41.3","24","9999.9"," 0","999.9"," 0","  6.2","24","  1.7","24","  7.0","999.9","  62.8"," ","  33.1"," "," 0.00","G","999.9","110000"
"01023099999","2018-09-07","69.055758","18.540356","76.8","BARDUFOSS, NO","  47.4","24","  42.7","24","9999.9"," 0","999.9"," 0","  6.2","24","  2.3","24","  7.0","999.9","  61.5"," ","  35.6","*"," 0.00","G","999.9","100000"
"01023099999","2018-09-08","69.055758","18.540356","76.8","BARDUFOSS, NO","  49.8","24","  43.6","24","9999.9"," 0","999.9"," 0","  7.3","24","  1.7","24","  5.8","999.9","  66.9"," ","  35.1"," "," 0.00","G","999.9","100000"
"01023099999","2018-09-09","69.055758","18.540356","76.8","BARDUFOSS, NO","  50.8","24","  43.9","24","9999.9"," 0","999.9"," 0","  5.7","24","  1.5","24","  4.1","999.9","  70.2"," ","  34.2"," "," 0.00","G","999.9","100000"
"01023099999","2018-09-10","69.055758","18.540356","76.8","BARDUFOSS, NO","  58.8","24","  45.7","24","9999.9"," 0","999.9"," 0","  6.2","24","  3.7","24"," 11.7","999.9","  71.8"," ","  40.5"," "," 0.00","G","999.9","000000"
"01023099999","2018-09-11","69.055758","18.540356","76.8","BARDUFOSS, NO","  56.2","24","  46.1","24","9999.9"," 0","999.9"," 0","  5.3","24","  5.4","24"," 14.0","999.9","  65.7"," ","  41.0","*"," 0.00","G","999.9","110000"
"01023099999","2018-09-12","69.055758","18.540356","76.8","BARDUFOSS, NO","  45.9","24","  41.2","24","9999.9"," 0","999.9"," 0","  4.7","24","  1.8","24","  8.0","999.9","  60.8"," ","  35.2"," "," 0.00","F","999.9","100000"
"01023099999","2018-09-13","69.055758","18.540356","76.8","BARDUFOSS, NO","  49.2","24","  44.3","24","9999.9"," 0","999.9"," 0","  6.2","24","  2.6","24","  7.0","999.9","  57.7"," ","  39.2"," "," 0.00","G","999.9","010000"
"01023099999","2018-09-14","69.055758","18.540356","76.8","BARDUFOSS, NO","  46.9","24","  45.3","24","9999.9"," 0","999.9"," 0","  5.7","24","  1.8","24","  5.1","999.9","  51.8","*","  41.0","*"," 0.08","E","999.9","110000"
"01023099999","2018-09-15","69.055758","18.540356","76.8","BARDUFOSS, NO","  45.6","24","  41.6","24","9999.9"," 0","999.9"," 0","  4.4","23","  1.7","24","  7.0","999.9","  53.6","*","  37.4","*"," 0.04","E","999.9","110000"
"01023099999","2018-09-16","69.055758","18.540356","76.8","BARDUFOSS, NO","  47.4","23","  43.5","23","9999.9"," 0","999.9"," 0","  6.2","23","  6.4","23"," 15.0","999.9","  51.8"," ","  44.4"," "," 0.10","G","999.9","010000"
"01023099999","2018-09-17","69.055758","18.540356","76.8","BARDUFOSS, NO","  44.8","19","  38.1","19","9999.9"," 0","999.9"," 0","  6.2","18","  1.7","19","  6.0","999.9","  53.6","*","  33.8","*"," 0.00","G","999.9","010000"
"01023099999","2018-09-18","69.055758","18.540356","76.8","BARDUFOSS, NO","  43.6","24","  41.1","24","9999.9"," 0","999.9"," 0","  6.2","24","  1.6","24","  6.0","999.9","  52.3"," ","  35.6","*"," 0.00","H","999.9","010000"
"01023099999","2018-09-19","69.055758","18.540356","76.8","BARDUFOSS, NO","  43.0","23","  38.3","23","9999.9"," 0","999.9"," 0","  6.2","22","  4.4","23"," 13.6","999.9","  54.5"," ","  31.6"," "," 0.00","G","999.9","110000"
"01023099999","2018-09-20","69.055758","18.540356","76.8","BARDUFOSS, NO","  51.8","22","  40.7","22"," 988.7"," 6","979.5"," 6","  9.3","18","  5.0","22"," 17.1"," 27.0","  61.3"," ","  36.0"," "," 0.17","G","999.9","010000"
"01023099999","2018-09-21","69.055758","18.540356","76.8","BARDUFOSS, NO","  47.5","24","  39.9","24","9999.9"," 0","999.9"," 0","  6.2","24","  6.4","24"," 15.0"," 25.1","  54.1"," ","  35.6","*"," 0.14","G","999.9","010000"
"01023099999","2018-09-22","69.055758","18.540356","76.8","BARDUFOSS, NO","  50.4","24","  42.3","24","9999.9"," 0","999.9"," 0","  6.0","24","  5.9","24"," 15.9"," 24.3","  61.2"," ","  34.7"," "," 0.02","G","999.9","110000"
"01023099999","2018-09-23","69.055758","18.540356","76.8","BARDUFOSS, NO","  44.7","24","  38.8","24","9999.9"," 0","999.9"," 0","  6.0","24","  6.6","24"," 11.7"," 19.0","  49.1"," ","  41.0","*"," 0.15","G","999.9","010000"
"01023099999","2018-09-24","69.055758","18.540356","76.8","BARDUFOSS, NO","  37.7","24","  34.2","24","9999.9"," 0","999.9"," 0","  6.2","24","  9.1","24"," 22.9"," 39.0","  42.8","*","  32.0","*"," 0.35","G","999.9","011000"
"01023099999","2018-09-25","69.055758","18.540356","76.8","BARDUFOSS, NO","  38.5","24","  34.1","24","9999.9"," 0","999.9"," 0","  6.2","24","  5.2","24","  9.9"," 20.0","  43.9"," ","  32.5"," "," 0.71","G","999.9","010000"
"01023099999","2018-09-26","69.055758","18.540356","76.8","BARDUFOSS, NO","  38.7","24","  35.2","24","9999.9"," 0","999.9"," 0","  6.2","24","  5.9","24"," 18.1","999.9","  43.0","*","  32.0"," "," 0.15","G","999.9","010000"
"01023099999","2018-09-27","69.055758","18.540356","76.8","BARDUFOSS, NO","  35.3","24","  33.0","24","9999.9"," 0","999.9"," 0","  5.5","24","  5.1","24"," 15.9","999.9","  41.4"," ","  28.4","*"," 0.00","G","999.9","111000"
"01023099999","2018-09-28","69.055758","18.540356","76.8","BARDUFOSS, NO","  31.9","24","  30.4","24","9999.9"," 0","999.9"," 0","  5.8","24","  2.5","24","  8.0","999.9","  39.7"," ","  27.9"," "," 0.06","G","999.9","111000"
"01023099999","2018-09-29","69.055758","18.540356","76.8","BARDUFOSS, NO","  33.2","24","  29.2","24","9999.9"," 0","999.9"," 0","  6.2","24","  2.5","24","  8.9","999.9","  41.2"," ","  25.5"," "," 0.08","G","999.9","010000"
"01023099999","2018-09-30","69.055758","18.540356","76.8","BARDUFOSS, NO","  38.4","24","  36.3","24","9999.9"," 0","999.9"," 0","  6.2","24","  0.9","24","  3.9","999.9","  44.6","*","  30.7"," "," 0.06","G","999.9","110000"
"01023099999","2018-10-01","69.055758","18.540356","76.8","BARDUFOSS, NO","  38.1","24","  37.1","24","9999.9"," 0","999.9"," 0","  6.2","24","  0.7","24","  3.9","999.9","  43.5"," ","  33.6","*"," 0.01","G","999.9","110000"
"01023099999","2018-10-02","69.055758","18.540356","76.8","BARDUFOSS, NO","  36.0","24","  31.6","24","9999.9"," 0","999.9"," 0","  6.2","24","  2.1","24","  7.0","999.9","  42.8","*","  26.6","*"," 0.03","G","999.9","100000"
"01023099999","2018-10-03","69.055758","18.540356","76.8","BARDUFOSS, NO","  34.2","24","  31.9","24","9999.9"," 0","999.9"," 0","  6.2","24","  3.1","24","  9.9","999.9","  39.4"," ","  30.0","*"," 0.00","G","999.9","011000"
"01023099999","2018-10-04","69.055758","18.540356","76.8","BARDUFOSS, NO","  33.1","24","  28.0","24","9999.9"," 0","999.9"," 0","  6.2","24","  3.2","24","  7.8","999.9","  41.0"," ","  21.2","*"," 0.05","G","999.9","010000"
"01023099999","2018-10-05","69.055758","18.540356","76.8","BARDUFOSS, NO","  26.1","24","  24.1","24","9999.9"," 0","999.9"," 0","  6.2","24","  0.3","24","  1.9","999.9","  33.6"," ","  19.2","*"," 0.00","G","999.9","000000"
"01023099999","2018-10-06","69.055758","18.540356","76.8","BARDUFOSS, NO","  26.4","24","  25.3","24","9999.9"," 0","999.9"," 0","  5.3","24","  1.4","24","  6.0","999.9","  33.8"," ","  15.8","*"," 0.00","G","999.9","011000"
"01023099999","2018-10-07","69.055758","18.540356","76.8","BARDUFOSS, NO","  33.5","24","  31.4","24","9999.9"," 0","999.9"," 0","  6.1","24","  3.0","24","  7.8","999.9","  40.3"," ","  28.4","*"," 0.21","G","  0.8","011000"
"01023099999","2018-10-08","69.055758","18.540356","76.8","BARDUFOSS, NO","  34.6","24","  29.4","24","9999.9"," 0","999.9"," 0","  6.2","24","  3.1","24","  9.7","999.9","  41.4"," ","  26.2"," "," 0.04","G","999.9","010000"
"01023099999","2018-10-09","69.055758","18.540356","76.8","BARDUFOSS, NO","  40.7","24","  35.1","24","9999.9"," 0","999.9"," 0","  6.2","24","  5.9","24","  9.9"," 12.0","  44.6","*","  38.3"," "," 0.06","G","999.9","010000"
"01023099999","2018-10-10","69.055758","18.540356","76.8","BARDUFOSS, NO","  37.2","24","  34.7","24","9999.9"," 0","999.9"," 0","  6.2","24","  3.0","24","  7.0","999.9","  42.4","*","  30.2","*"," 0.25","G","999.9","010000"
"01023099999","2018-10-11","69.055758","18.540356","76.8","BARDUFOSS, NO","  37.0","24","  36.0","24","9999.9"," 0","999.9"," 0","  5.6","24","  0.4","24","  4.1","999.9","  41.0","*","  29.5"," "," 0.06","G","999.9","010000"
"01023099999","2018-10-12","69.055758","18.540356","76.8","BARDUFOSS, NO","  39.0","24","  36.5","24","9999.9"," 0","999.9"," 0","  7.1","24","  2.2","24","  8.9","999.9","  50.2"," ","  30.2","*"," 0.25","G","999.9","100000"
"01023099999","2018-10-13","69.055758","18.540356","76.8","BARDUFOSS, NO","  43.1","24","  37.6","24","9999.9"," 0","999.9"," 0","  6.2","24","  3.7","24","  8.0","999.9","  53.8"," ","  30.2","*"," 0.00","G","999.9","010000"
"01023099999","2018-10-14","69.055758","18.540356","76.8","BARDUFOSS, NO","  49.7","24","  44.6","24","9999.9"," 0","999.9"," 0","  6.2","24","  3.4","24"," 14.0"," 19.0","  59.2","*","  42.8","*"," 0.00","G","999.9","010000"
"01023099999","2018-10-15","69.055758","18.540356","76.8","BARDUFOSS, NO","  43.7","24","  37.7","24","9999.9"," 0","999.9"," 0","  6.2","24","  5.3","24"," 15.0","999.9","  48.4"," ","  37.9","*"," 0.17","G","999.9","010000"
"01023099999","2018-10-16","69.055758","18.540356","76.8","BARDUFOSS, NO","  41.6","24","  36.4","24","9999.9"," 0","999.9"," 0","  6.2","24","  4.7","24"," 12.0"," 22.0","  46.4","*","  34.2"," "," 0.00","G","999.9","010000"
"01023099999","2018-10-17","69.055758","18.540356","76.8","BARDUFOSS, NO","  40.4","24","  35.5","24","9999.9"," 0","999.9"," 0","  6.2","24","  2.1","24","  7.8","999.9","  46.8","*","  34.2"," "," 0.02","G","999.9","010000"
"01023099999","2018-10-18","69.055758","18.540356","76.8","BARDUFOSS, NO","  43.8","24","  36.3","24","9999.9"," 0","999.9"," 0","  6.2","24","  3.9","24"," 11.1"," 19.0","  47.7"," ","  38.1"," "," 0.00","G","999.9","010000"
"01023099999","2018-10-19","69.055758","18.540356","76.8","BARDUFOSS, NO","  41.5","24","  39.1","24","9999.9"," 0","999.9"," 0","  5.2","24","  2.8","24","  8.0","999.9","  46.4","*","  32.0","*"," 0.22","G","999.9","110000"
"01023099999","2018-10-20","69.055758","18.540356","76.8","BARDUFOSS, NO","  39.9","24","  37.3","24","9999.9"," 0","999.9"," 0","  6.2","24","  2.0","24","  8.0","999.9","  47.1"," ","  32.2"," "," 0.08","G","999.9","010000"
"01023099999","2018-10-21","69.055758","18.540356","76.8","BARDUFOSS, NO","  43.1","24","  36.2","24","9999.9"," 0","999.9"," 0","  6.2","24","  7.6","24"," 15.9"," 31.1","  48.7"," ","  36.3"," "," 0.02","G","999.9","010000"
"01023099999","2018-10-22","69.055758","18.540356","76.8","BARDUFOSS, NO","  38.9","24","  32.9","24","9999.9"," 0","999.9"," 0","  6.2","24","  6.5","24","  9.9","999.9","  41.0"," ","  37.4"," "," 0.31","G","999.9","010000"
"01023099999","2018-10-23","69.055758","18.540356","76.8","BARDUFOSS, NO","  32.0","24","  27.5","24","9999.9"," 0","999.9"," 0","  7.8","23","  2.0","24","  5.8","999.9","  39.2","*","  24.8","*"," 0.01","G","999.9","000000"
"01023099999","2018-10-24","69.055758","18.540356","76.8","BARDUFOSS, NO","  20.9","24","  19.2","24","9999.9"," 0","999.9"," 0","  6.2","24","  0.6","24","  1.9","999.9","  32.0","*","  14.0","*"," 0.00","G","999.9","000000"
"01023099999","2018-10-25","69.055758","18.540356","76.8","BARDUFOSS, NO","  17.7","24","  16.2","24","9999.9"," 0","999.9"," 0","  6.2","24","  0.7","24","  2.9","999.9","  29.8"," ","  12.2","*"," 0.00","E","999.9","000000"
"01023099999","2018-10-26","69.055758","18.540356","76.8","BARDUFOSS, NO","  15.9","24","  13.7","24","9999.9"," 0","999.9"," 0","  6.2","24","  1.3","24","  4.1","999.9","  24.1"," ","  10.4"," "," 0.00","G","999.9","000000"
"01023099999","2018-10-27","69.055758","18.540356","76.8","BARDUFOSS, NO","  16.3","24","  14.4","24","9999.9"," 0","999.9"," 0","  6.2","24","  0.6","24","  1.9","999.9","  23.0","*","  10.4","*"," 0.00","G","999.9","000000"
"01023099999","2018-10-28","69.055758","18.540356","76.8","BARDUFOSS, NO","  15.6","24","  13.8","24","9999.9"," 0","999.9"," 0","  6.2","24","  1.1","24","  2.9","999.9","  23.0","*","  10.0"," "," 0.00","G","999.9","000000"
"01023099999","2018-10-29","69.055758","18.540356","76.8","BARDUFOSS, NO","  22.2","24","  19.6","24","9999.9"," 0","999.9"," 0","  6.2","24","  1.8","24","  6.0","999.9","  31.8"," ","  10.4","*"," 0.00","G","999.9","000000"
"01023099999","2018-10-30","69.055758","18.540356","76.8","BARDUFOSS, NO","  17.1","24","  10.9","24","9999.9"," 0","999.9"," 0","  6.2","24","  2.7","24"," 13.0","999.9","  32.5","*","   4.1","*"," 0.00","G","999.9","000000"
"01023099999","2018-10-31","69.055758","18.540356","76.8","BARDUFOSS, NO","  29.3","24","  24.4","24","9999.9"," 0","999.9"," 0","  6.2","24","  2.6","24","  8.0","999.9","  32.0","*","  26.6","*"," 0.00","G","999.9","011000"
"01023099999","2018-11-01","69.055758","18.540356","76.8","BARDUFOSS, NO","  37.6","24","  34.0","24","9999.9"," 0","999.9"," 0","  6.1","24","  3.4","24"," 11.1","999.9","  45.0"," ","  27.9","*"," 0.33","G","999.9","010000"
"01023099999","2018-11-02","69.055758","18.540356","76.8","BARDUFOSS, NO","  32.6","24","  29.9","24","9999.9"," 0","999.9"," 0","  6.2","24","  1.9","24","  6.0","999.9","  43.3"," ","  26.2"," "," 0.00","G","999.9","000000"
"01023099999","2018-11-03","69.055758","18.540356","76.8","BARDUFOSS, NO","  33.6","24","  32.4","24","9999.9"," 0","999.9"," 0","  6.2","24","  1.8","24","  6.0","999.9","  39.7"," ","  28.4","*"," 0.06","G","999.9","110000"
"01023099999","2018-11-04","69.055758","18.540356","76.8","BARDUFOSS, NO","  37.0","24","  33.8","24","9999.9"," 0","999.9"," 0","  6.2","24","  3.7","24","  8.9","999.9","  45.5","*","  28.2"," "," 0.09","G","999.9","010000"
"01023099999","2018-11-05","69.055758","18.540356","76.8","BARDUFOSS, NO","  46.3","24","  39.7","24","9999.9"," 0","999.9"," 0","  6.2","24","  7.7","24"," 11.1","999.9","  50.0","*","  36.7"," "," 0.02","G","999.9","010000"
"01023099999","2018-11-06","69.055758","18.540356","76.8","BARDUFOSS, NO","  44.3","24","  40.1","24","9999.9"," 0","999.9"," 0","  4.7","24","  3.6","23","  9.9","999.9","  49.1","*","  39.2","*"," 0.11","G","999.9","110000"
"01023099999","2018-11-07","69.055758","18.540356","76.8","BARDUFOSS, NO","  33.7","24","  33.5","24","9999.9"," 0","999.9"," 0","  1.9","24","  0.9","24","  4.1","999.9","  41.0","*","  23.9","*"," 0.00","G","999.9","110000"
"01023099999","2018-11-08","69.055758","18.540356","76.8","BARDUFOSS, NO","  21.9","24","  21.2","24","9999.9"," 0","999.9"," 0","  6.2","24","  0.5","24","  1.9","999.9","  25.3"," ","  19.2","*"," 0.00","G","999.9","000000"
"01023099999","2018-11-09","69.055758","18.540356","76.8","BARDUFOSS, NO","  25.9","24","  25.3","24","9999.9"," 0","999.9"," 0","  6.2","24","  0.4","24","  1.9","999.9","  32.5","*","  19.2"," "," 0.00","F","999.9","010000"
"01023099999","2018-11-10","69.055758","18.540356","76.8","BARDUFOSS, NO","  36.2","24","  32.0","24","9999.9"," 0","999.9"," 0","  6.0","24","  4.3","24"," 11.1","999.9","  43.2"," ","  29.5"," "," 0.00","G","999.9","100000"
"01023099999","2018-11-11","69.055758","18.540356","76.8","BARDUFOSS, NO","  38.1","24","  32.4","24","9999.9"," 0","999.9"," 0","  6.2","24","  4.1","24"," 12.0","999.9","  42.4"," ","  33.8","*"," 0.00","G","999.9","010000"
"01023099999","2018-11-12","69.055758","18.540356","76.8","BARDUFOSS, NO","  34.2","24","  33.9","24","9999.9"," 0","999.9"," 0","  5.7","24","  1.1","24","  4.1","999.9","  35.8","*","  33.6","*"," 0.01","G","999.9","110000"
"01023099999","2018-11-13","69.055758","18.540356","76.8","BARDUFOSS, NO","  33.9","24","  33.9","24","9999.9"," 0","999.9"," 0","  4.9","24","  0.6","24","  2.9","999.9","  35.6"," ","  32.0","*"," 0.21","G","999.9","110000"
"01023099999","2018-11-14","69.055758","18.540356","76.8","BARDUFOSS, NO","  33.2","24","  33.2","24","9999.9"," 0","999.9"," 0","  6.2","24","  1.1","24","  5.1","999.9","  35.6","*","  31.5","*"," 0.04","G","999.9","010000"
"01023099999","2018-11-15","69.055758","18.540356","76.8","BARDUFOSS, NO","  39.8","24","  36.5","24","9999.9"," 0","999.9"," 0","  6.2","24","  4.1","24"," 12.0","999.9","  50.4","*","  31.1"," "," 0.04","G","999.9","010000"
"01023099999","2018-11-16","69.055758","18.540356","76.8","BARDUFOSS, NO","  46.3","24","  39.4","24","9999.9"," 0","999.9"," 0","  6.2","24","  6.6","24"," 13.6"," 24.1","  51.1","*","  41.5","*"," 0.07","G","999.9","010000"
"01023099999","2018-11-17","69.055758","18.540356","76.8","BARDUFOSS, NO","  39.5","24","  35.6","24","9999.9"," 0","999.9"," 0","  6.2","24","  7.9","24"," 18.1"," 28.0","  46.4","*","  28.4","*"," 0.28","G","999.9","010000"
"01023099999","2018-11-18","69.055758","18.540356","76.8","BARDUFOSS, NO","  25.4","24","  24.8","24","9999.9"," 0","999.9"," 0","  6.2","24","  0.8","24","  4.1","999.9","  30.4","*","  19.4","*"," 0.02","G","999.9","000000"
"01023099999","2018-11-19","69.055758","18.540356","76.8","BARDUFOSS, NO","  30.0","24","  25.5","24","9999.9"," 0","999.9"," 0","  6.1","24","  5.1","24"," 17.1"," 29.9","  44.6","*","  18.7"," "," 0.00","G","999.9","010000"
"01023099999","2018-11-20","69.055758","18.540356","76.8","BARDUFOSS, NO","  36.7","24","  32.2","24","9999.9"," 0","999.9"," 0","  6.2","24","  8.3","24"," 17.5","999.9","  41.2","*","  32.0","*"," 0.09","G","999.9","010000"
"01023099999","2018-11-21","69.055758","18.540356","76.8","BARDUFOSS, NO","  35.1","24","  29.5","24","9999.9"," 0","999.9"," 0","  6.2","24","  5.9","24"," 11.7"," 17.1","  41.0","*","  30.2","*"," 0.00","G","999.9","011000"
"01023099999","2018-11-22","69.055758","18.540356","76.8","BARDUFOSS, NO","  39.4","24","  33.1","24","9999.9"," 0","999.9"," 0","  6.2","24","  7.3","24"," 13.6","999.9","  41.0","*","  37.4","*","99.99"," ","999.9","010000"
"01023099999","2018-11-23","69.055758","18.540356","76.8","BARDUFOSS, NO","  34.5","24","  30.7","24","9999.9"," 0","999.9"," 0","  3.4","24"," 15.5","24"," 28.9"," 39.0","  39.7","*","  31.6","*"," 0.04","E","999.9","011000"
"01023099999","2018-11-24","69.055758","18.540356","76.8","BARDUFOSS, NO","  32.6","24","  29.9","24","9999.9"," 0","999.9"," 0","  4.8","24"," 11.7","24"," 19.4","999.9","  35.6","*","  29.7","*"," 1.20","G","  3.1","011000"
"01023099999","2018-11-25","69.055758","18.540356","76.8","BARDUFOSS, NO","  29.8","24","  27.2","24","9999.9"," 0","999.9"," 0","  5.1","24","  8.2","24"," 14.0","999.9","  32.0","*","  24.8","*"," 0.18","G","  7.1","001000"
"01023099999","2018-11-26","69.055758","18.540356","76.8","BARDUFOSS, NO","  22.4","24","  20.3","24","9999.9"," 0","999.9"," 0","  5.8","24","  3.1","24","  8.0","999.9","  28.4","*","   8.6","*"," 0.23","G"," 10.2","001000"
"01023099999","2018-11-27","69.055758","18.540356","76.8","BARDUFOSS, NO","  19.8","24","  17.5","24","9999.9"," 0","999.9"," 0","  6.2","24","  2.2","24","  8.0","999.9","  35.6","*","   8.2"," "," 0.00","G","  9.4","011000"
"01023099999","2018-11-28","69.055758","18.540356","76.8","BARDUFOSS, NO","  30.9","24","  30.4","24","9999.9"," 0","999.9"," 0","  4.1","24","  2.1","24"," 12.0","999.9","  35.6","*","  23.9"," "," 0.20","G","  7.9","111000"
"01023099999","2018-11-29","69.055758","18.540356","76.8","BARDUFOSS, NO","  25.2","24","  23.8","24","9999.9"," 0","999.9"," 0","  5.7","24","  0.7","24","  3.9","999.9","  28.4","*","  23.0","*"," 0.20","G","  8.7","101000"
"01023099999","2018-11-30","69.055758","18.540356","76.8","BARDUFOSS, NO","  28.9","24","  27.9","24","9999.9"," 0","999.9"," 0","  6.2","24","  1.4","24","  5.1","999.9","  33.8","*","  21.2","*"," 0.02","G","  8.7","100000"
"01023099999","2018-12-01","69.055758","18.540356","76.8","BARDUFOSS, NO","  24.1","24","  23.5","24","9999.9"," 0","999.9"," 0","  6.2","24","  1.1","24","  5.1","999.9","  29.3"," ","  20.8"," "," 0.00","G","  8.3","000000"
"01023099999","2018-12-02","69.055758","18.540356","76.8","BARDUFOSS, NO","  22.7","24","  21.2","24","9999.9"," 0","999.9"," 0","  6.2","24","  2.1","24","  9.7","999.9","  37.0"," ","  15.8","*"," 0.00","G","  7.9","000000"
"01023099999","2018-12-03","69.055758","18.540356","76.8","BARDUFOSS, NO","  25.5","24","  22.5","24","9999.9"," 0","999.9"," 0","  6.2","24","  2.6","24"," 13.0","999.9","  37.4","*","  14.5"," "," 0.00","G","  7.9","000000"
"01023099999","2018-12-04","69.055758","18.540356","76.8","BARDUFOSS, NO","  32.0","24","  25.9","24","9999.9"," 0","999.9"," 0","  7.1","24","  4.9","24","  9.7","999.9","  37.6","*","  21.9"," "," 0.00","G","  7.5","001000"
"01023099999","2018-12-05","69.055758","18.540356","76.8","BARDUFOSS, NO","  23.4","24","  21.8","24","9999.9"," 0","999.9"," 0","  6.2","24","  1.5","24","  5.8","999.9","  30.2","*","  16.9"," "," 0.07","G","  8.3","001000"
"01023099999","2018-12-06","69.055758","18.540356","76.8","BARDUFOSS, NO","  29.7","24","  27.9","24","9999.9"," 0","999.9"," 0","  3.7","24","  2.4","24","  5.8","999.9","  32.5"," ","  19.4"," "," 0.02","G","  8.3","001000"
"01023099999","2018-12-07","69.055758","18.540356","76.8","BARDUFOSS, NO","  12.4","24","  10.1","24","9999.9"," 0","999.9"," 0","  5.7","24","  0.0","24","  1.9","999.9","  25.3"," ","  -6.3","*"," 0.00","G","999.9","001000"
"01023099999","2018-12-08","69.055758","18.540356","76.8","BARDUFOSS, NO","  -8.1","24"," -12.1","24","9999.9"," 0","999.9"," 0","  6.2","24","  0.0","24","999.9","999.9","   6.8","*"," -15.0","*"," 0.00","G"," 15.7","001000"
"01023099999","2018-12-09","69.055758","18.540356","76.8","BARDUFOSS, NO","  15.6","24","  13.5","24","9999.9"," 0","999.9"," 0","  5.6","24","  0.4","24","  1.9","999.9","  25.5"," ","  -7.1"," "," 0.00","G"," 14.6","001000"
"01023099999","2018-12-10","69.055758","18.540356","76.8","BARDUFOSS, NO","  11.0","24","   8.7","24","9999.9"," 0","999.9"," 0","  6.2","24","  0.0","24","999.9","999.9","  17.6","*","   1.8"," "," 0.07","G"," 13.8","001000"
"01023099999","2018-12-11","69.055758","18.540356","76.8","BARDUFOSS, NO","   6.9","24","   4.1","24","9999.9"," 0","999.9"," 0","  6.2","24","  0.0","24","  1.0","999.9","  17.6","*","  -2.2","*"," 0.00","G"," 13.4","001000"
"01023099999","2018-12-12","69.055758","18.540356","76.8","BARDUFOSS, NO","  19.6","24","  17.8","24","9999.9"," 0","999.9"," 0","  6.2","24","  0.4","24","  2.9","999.9","  25.0","*","  12.2","*"," 0.00","G"," 13.0","000000"
"01023099999","2018-12-13","69.055758","18.540356","76.8","BARDUFOSS, NO","  37.9","24","  29.1","24","9999.9"," 0","999.9"," 0","  6.2","24","  6.5","24"," 13.6"," 18.1","  41.0","*","  23.2"," "," 0.00","E"," 12.2","000000"
"01023099999","2018-12-14","69.055758","18.540356","76.8","BARDUFOSS, NO","  37.8","24","  30.0","24","9999.9"," 0","999.9"," 0","  6.2","24","  4.5","24","  9.9","999.9","  41.5"," ","  28.4","*"," 0.00","I"," 10.2","000000"
"01023099999","2018-12-15","69.055758","18.540356","76.8","BARDUFOSS, NO","  18.1","24","  14.8","24","9999.9"," 0","999.9"," 0","  6.2","24","  2.0","24","  6.0","999.9","  28.4","*","   5.0","*"," 0.00","F","  8.7","000000"
"01023099999","2018-12-16","69.055758","18.540356","76.8","BARDUFOSS, NO","   0.4","24","  -3.1","24","9999.9"," 0","999.9"," 0","  6.2","24","  0.5","24","  3.9","999.9","   7.5"," ","  -4.5","*"," 0.00","G","  8.7","000000"
"01023099999","2018-12-17","69.055758","18.540356","76.8","BARDUFOSS, NO","   2.1","24","  -1.4","24","9999.9"," 0","999.9"," 0","  6.2","24","  0.3","24","  1.9","999.9","  10.6"," ","  -6.5"," "," 0.00","G","  8.7","000000"
"01023099999","2018-12-18","69.055758","18.540356","76.8","BARDUFOSS, NO","   2.7","24","  -0.9","24","9999.9"," 0","999.9"," 0","  6.2","24","  0.8","24","  3.9","999.9","  17.6","*","  -4.7"," "," 0.00","G","  8.7","000000"
"01023099999","2018-12-19","69.055758","18.540356","76.8","BARDUFOSS, NO","   3.1","24","   0.0","24","9999.9"," 0","999.9"," 0","  6.2","24","  0.8","24","  1.9","999.9","   7.3","*","  -0.4","*"," 0.00","G","  8.7","000000"
"01023099999","2018-12-20","69.055758","18.540356","76.8","BARDUFOSS, NO","   2.4","24","  -0.7","24","9999.9"," 0","999.9"," 0","  6.2","24","  0.9","24","  2.9","999.9","  12.2","*","  -1.8"," "," 0.00","F","  8.7","000000"
"01023099999","2018-12-21","69.055758","18.540356","76.8","BARDUFOSS, NO","  11.0","24","   8.4","24","9999.9"," 0","999.9"," 0","  6.2","24","  0.2","24","  1.9","999.9","  17.8"," ","   1.0"," "," 0.00","G","  8.7","000000"
"01023099999","2018-12-22","69.055758","18.540356","76.8","BARDUFOSS, NO","  11.3","24","   8.1","24","9999.9"," 0","999.9"," 0","  6.2","24","  1.4","24","  4.1","999.9","  14.5"," ","   5.0","*"," 0.00","G","  8.7","000000"
"01023099999","2018-12-23","69.055758","18.540356","76.8","BARDUFOSS, NO","  18.2","24","  15.7","24","9999.9"," 0","999.9"," 0","  5.3","24","  1.3","24","  5.8","999.9","  23.0","*","  13.5"," "," 0.00","G","  8.7","001000"
"01023099999","2018-12-24","69.055758","18.540356","76.8","BARDUFOSS, NO","  22.1","24","  20.3","24","9999.9"," 0","999.9"," 0","  6.2","24","  2.7","24"," 14.0","999.9","  31.6"," ","  15.4"," "," 0.11","G"," 10.6","001000"
"01023099999","2018-12-25","69.055758","18.540356","76.8","BARDUFOSS, NO","  27.5","24","  25.5","24","9999.9"," 0","999.9"," 0","  4.7","24","  2.6","24","  7.0","999.9","  32.7"," ","  18.0"," "," 0.07","G"," 11.4","011000"
"01023099999","2018-12-26","69.055758","18.540356","76.8","BARDUFOSS, NO","  24.8","24","  22.3","24","9999.9"," 0","999.9"," 0","  4.8","24","  4.2","24"," 15.0","999.9","  34.2","*","  15.8","*"," 0.19","G"," 12.6","011000"
"01023099999","2018-12-27","69.055758","18.540356","76.8","BARDUFOSS, NO","  24.2","24","  23.1","24","9999.9"," 0","999.9"," 0","  4.2","24","  0.4","24","  1.9","999.9","  26.6","*","  21.2","*"," 0.00","G","999.9","011000"
"01023099999","2018-12-28","69.055758","18.540356","76.8","BARDUFOSS, NO","  32.5","24","  29.4","24","9999.9"," 0","999.9"," 0","  6.2","24","  5.7","24"," 11.7"," 20.0","  37.4","*","  25.3"," "," 0.29","G"," 15.7","011000"
"01023099999","2018-12-29","69.055758","18.540356","76.8","BARDUFOSS, NO","  32.5","24","  28.7","24","9999.9"," 0","999.9"," 0","  5.9","24","  7.5","24"," 21.0"," 32.1","  39.2","*","  17.6","*"," 0.15","G"," 14.2","011000"
"01023099999","2018-12-30","69.055758","18.540356","76.8","BARDUFOSS, NO","  23.9","24","  21.5","24","9999.9"," 0","999.9"," 0","  5.3","24","  4.7","24"," 12.0"," 22.0","  32.4","*","  13.8"," "," 0.20","G"," 14.6","001000"
"01023099999","2018-12-31","69.055758","18.540356","76.8","BARDUFOSS, NO","  23.4","24","  19.0","24"," 993.2"," 6","983.6"," 6","  6.2","19","  3.1","24","  9.9","999.9","  30.2","*","  15.6"," "," 0.15","G"," 14.2","001000"
"01023099999","2019-01-01","69.055758","18.540356","76.8","BARDUFOSS, NO","  20.9","24","  15.8","24","9999.9"," 0","999.9"," 0","  5.2","24","  4.0","21"," 11.1","999.9","  27.7"," ","  12.2","*"," 0.00","G"," 14.2","001000"
"01023099999","2019-01-02","69.055758","18.540356","76.8","BARDUFOSS, NO","  19.3","24","  17.3","24","9999.9"," 0","999.9"," 0","  5.5","24","  2.8","17","  7.8","999.9","  24.8","*","  14.0","*"," 0.16","E","999.9","001000"
"01023099999","2019-01-03","69.055758","18.540356","76.8","BARDUFOSS, NO","  28.7","24","  26.2","24","9999.9"," 0","999.9"," 0","  4.7","24","  6.4","24"," 13.6"," 21.0","  37.4"," ","  15.8","*"," 0.39","E","999.9","011000"
"01023099999","2019-01-04","69.055758","18.540356","76.8","BARDUFOSS, NO","  29.5","24","  28.6","24","9999.9"," 0","999.9"," 0","  6.1","24","  2.2","24","  8.0","999.9","  34.3","*","  23.0","*"," 0.12","F"," 19.3","111000"
"01023099999","2019-01-05","69.055758","18.540356","76.8","BARDUFOSS, NO","  34.5","24","  30.3","24","9999.9"," 0","999.9"," 0","  6.2","24","  5.3","24","  9.7","999.9","  41.0","*","  22.8"," "," 0.00","G"," 18.5","010000"
"01023099999","2019-01-06","69.055758","18.540356","76.8","BARDUFOSS, NO","  39.7","24","  34.0","24","9999.9"," 0","999.9"," 0","  6.2","24","  7.2","24"," 14.0"," 19.0","  42.8","*","  34.7","*"," 0.00","G"," 16.9","011000"
"01023099999","2019-01-07","69.055758","18.540356","76.8","BARDUFOSS, NO","  32.8","24","  27.9","24","9999.9"," 0","999.9"," 0","  4.7","24","  7.8","24"," 14.0"," 24.1","  37.4","*","  30.2","*"," 0.00","A","999.9","011000"
"01023099999","2019-01-08","69.055758","18.540356","76.8","BARDUFOSS, NO","  31.2","24","  28.1","24","9999.9"," 0","999.9"," 0","  4.6","24","  7.1","24"," 14.0","999.9","  33.8","*","  23.0","*"," 0.31","G"," 17.3","011000"
"01023099999","2019-01-09","69.055758","18.540356","76.8","BARDUFOSS, NO","  22.1","24","  20.2","24","9999.9"," 0","999.9"," 0","  6.8","24","  1.4","24","  8.0","999.9","  30.4"," ","  11.8"," "," 0.19","G"," 18.1","001000"
"01023099999","2019-01-10","69.055758","18.540356","76.8","BARDUFOSS, NO","  33.9","24","  28.9","24","9999.9"," 0","999.9"," 0","  4.5","24"," 10.3","24"," 28.9"," 44.1","  44.6"," ","  19.0"," "," 0.11","G"," 18.5","011000"
"01023099999","2019-01-11","69.055758","18.540356","76.8","BARDUFOSS, NO","  31.8","24","  28.3","24","9999.9"," 0","999.9"," 0","  3.9","24"," 15.2","24"," 26.0"," 42.0","  34.7"," ","  28.2","*"," 0.52","G"," 15.7","011000"
"01023099999","2019-01-12","69.055758","18.540356","76.8","BARDUFOSS, NO","  26.1","24","  22.5","24","9999.9"," 0","999.9"," 0","  4.4","24","  9.0","24"," 19.0","999.9","  30.2","*","  15.3","*"," 0.50","G","999.9","001000"
"01023099999","2019-01-13","69.055758","18.540356","76.8","BARDUFOSS, NO","  15.8","24","  13.6","24","9999.9"," 0","999.9"," 0","  4.8","24","  1.7","24","  6.0","999.9","  25.5","*","  -2.2","*"," 0.33","G"," 24.0","101000"
"01023099999","2019-01-14","69.055758","18.540356","76.8","BARDUFOSS, NO","  -4.1","24","  -7.7","24","9999.9"," 0","999.9"," 0","  5.7","24","  0.4","24","  1.9","999.9","   8.6","*","  -9.4","*"," 0.06","G"," 22.4","001000"
"01023099999","2019-01-15","69.055758","18.540356","76.8","BARDUFOSS, NO","  10.8","24","   8.4","24","9999.9"," 0","999.9"," 0","  5.8","24","  0.1","24","  1.9","999.9","  14.5","*","  -4.2"," "," 0.12","G"," 22.8","001000"
"01023099999","2019-01-16","69.055758","18.540356","76.8","BARDUFOSS, NO","  11.2","24","   8.7","24","9999.9"," 0","999.9"," 0","  5.9","24","  0.0","24","  1.9","999.9","  14.4","*","   8.6"," "," 0.00","G"," 22.4","001000"
"01023099999","2019-01-17","69.055758","18.540356","76.8","BARDUFOSS, NO","   9.4","24","   6.7","24","9999.9"," 0","999.9"," 0","  4.1","24","  0.2","24","  1.9","999.9","  12.2","*","   6.8","*"," 0.04","E","999.9","001000"
"01023099999","2019-01-18","69.055758","18.540356","76.8","BARDUFOSS, NO","   7.5","24","   4.7","24","9999.9"," 0","999.9"," 0","  4.9","24","  0.0","24","999.9","999.9","  12.2","*","   1.4","*"," 0.11","G"," 22.8","001000"
"01023099999","2019-01-19","69.055758","18.540356","76.8","BARDUFOSS, NO","  -2.7","24","  -6.2","24","9999.9"," 0","999.9"," 0","  6.0","24","  0.0","24","999.9","999.9","   7.0","*"," -13.0","*"," 0.09","G"," 23.2","001000"
"01023099999","2019-01-20","69.055758","18.540356","76.8","BARDUFOSS, NO","  -6.7","24"," -10.6","24","9999.9"," 0","999.9"," 0","  6.2","24","  0.0","24","  1.9","999.9","   5.7","*"," -14.1"," "," 0.00","G"," 22.8","001000"
"01023099999","2019-01-21","69.055758","18.540356","76.8","BARDUFOSS, NO","   0.3","24","  -3.0","24","9999.9"," 0","999.9"," 0","  6.1","24","  0.0","24","  1.9","999.9","   7.5","*","  -9.4","*"," 0.00","G"," 22.4","001000"
"01023099999","2019-01-22","69.055758","18.540356","76.8","BARDUFOSS, NO","  10.5","24","   8.0","24","9999.9"," 0","999.9"," 0","  5.0","24","  0.2","24","  3.9","999.9","  25.2"," ","  -7.6","*"," 0.28","E","999.9","101000"
"01023099999","2019-01-23","69.055758","18.540356","76.8","BARDUFOSS, NO"," -12.1","24"," -16.1","24","9999.9"," 0","999.9"," 0","  6.0","24","  0.0","24","999.9","999.9","  -6.5","*"," -16.6","*"," 0.00","F"," 25.6","001000"
"01023099999","2019-01-24","69.055758","18.540356","76.8","BARDUFOSS, NO"," -12.8","24"," -17.0","24","9999.9"," 0","999.9"," 0","  6.2","24","  0.3","24","  2.9","999.9","  15.8","*"," -20.2","*"," 0.00","G"," 24.8","000000"
"01023099999","2019-01-25","69.055758","18.540356","76.8","BARDUFOSS, NO","  18.4","24","   7.2","24","9999.9"," 0","999.9"," 0","  6.2","24","  7.4","24"," 17.1"," 28.9","  21.2","*","  12.2","*"," 0.00","G"," 24.0","000000"
"01023099999","2019-01-26","69.055758","18.540356","76.8","BARDUFOSS, NO","  13.6","24","   0.8","24","9999.9"," 0","999.9"," 0","  6.2","24","  7.5","24"," 15.0"," 22.0","  17.8","*","   6.1","*"," 0.00","G"," 23.6","000000"
"01023099999","2019-01-27","69.055758","18.540356","76.8","BARDUFOSS, NO","   0.6","24","  -8.8","24","9999.9"," 0","999.9"," 0","  6.2","24","  5.5","24"," 12.0","999.9","   9.1","*"," -13.0","*"," 0.00","G"," 23.2","000000"
"01023099999","2019-01-28","69.055758","18.540356","76.8","BARDUFOSS, NO","  -2.8","24","  -9.5","24","9999.9"," 0","999.9"," 0","  6.2","24","  1.6","24","  7.0","999.9","   3.2","*"," -13.7"," "," 0.00","H"," 23.2","001000"
"01023099999","2019-01-29","69.055758","18.540356","76.8","BARDUFOSS, NO","   7.7","24","  -2.4","24","9999.9"," 0","999.9"," 0","  6.2","24","  6.6","24"," 15.9"," 26.0","  17.2"," ","  -7.6","*"," 0.00","G"," 22.8","000000"
"01023099999","2019-01-30","69.055758","18.540356","76.8","BARDUFOSS, NO"," -15.4","24"," -20.0","24","9999.9"," 0","999.9"," 0","  6.2","24","  1.2","24","  2.9","999.9","  -8.5","*"," -20.2","*"," 0.00","G"," 22.8","000000"
"01023099999","2019-01-31","69.055758","18.540356","76.8","BARDUFOSS, NO"," -16.7","24"," -21.4","24","9999.9"," 0","999.9"," 0","  6.2","24","  0.9","24","  3.9","999.9","  -7.2","*"," -22.0","*"," 0.00","G"," 20.9","000000"
"01023099999","2019-02-01","69.055758","18.540356","76.8","BARDUFOSS, NO","   0.5","24","  -5.6","24","9999.9"," 0","999.9"," 0","  6.2","24","  1.8","24","  5.1","999.9","  12.2","*"," -17.3"," "," 0.00","G"," 20.9","000000"
"01023099999","2019-02-02","69.055758","18.540356","76.8","BARDUFOSS, NO","   7.9","24","  -1.1","24","9999.9"," 0","999.9"," 0","  6.2","24","  4.4","24"," 13.6","999.9","  16.3"," ","  -7.8"," "," 0.00","G"," 20.9","000000"
"01023099999","2019-02-03","69.055758","18.540356","76.8","BARDUFOSS, NO","  14.2","24","  -2.8","24","9999.9"," 0","999.9"," 0","  6.2","24"," 10.2","24"," 15.5"," 24.1","  15.8","*","  10.8"," "," 0.00","G"," 20.9","000000"
"01023099999","2019-02-04","69.055758","18.540356","76.8","BARDUFOSS, NO","   8.2","24","  -2.2","24","9999.9"," 0","999.9"," 0","  6.2","24","  4.3","24"," 11.7"," 12.0","  17.6","*","  -7.6","*"," 0.00","G"," 20.5","000000"
"01023099999","2019-02-05","69.055758","18.540356","76.8","BARDUFOSS, NO"," -14.5","24"," -19.0","24","9999.9"," 0","999.9"," 0","  6.1","24","  1.1","24","  3.9","999.9","  -0.9","*"," -20.2","*"," 0.00","G"," 20.5","001000"
"01023099999","2019-02-06","69.055758","18.540356","76.8","BARDUFOSS, NO","  13.5","24","   8.3","24","9999.9"," 0","999.9"," 0","  6.0","24","  4.9","24"," 11.1","999.9","  26.6","*","  -2.7","*"," 0.00","G"," 20.9","001000"
"01023099999","2019-02-07","69.055758","18.540356","76.8","BARDUFOSS, NO","  -2.6","24","  -6.4","24","9999.9"," 0","999.9"," 0","  6.2","24","  0.4","24","  2.9","999.9","   5.9"," "," -11.4","*"," 0.04","G"," 21.7","000000"
"01023099999","2019-02-08","69.055758","18.540356","76.8","BARDUFOSS, NO","  -1.9","24","  -5.8","24","9999.9"," 0","999.9"," 0","  6.2","24","  0.7","24","  2.9","999.9","  13.5","*"," -15.3","*"," 0.00","G"," 21.7","000000"
"01023099999","2019-02-09","69.055758","18.540356","76.8","BARDUFOSS, NO","  -6.5","24"," -10.4","24","9999.9"," 0","999.9"," 0","  6.2","24","  0.8","24","  2.9","999.9","   3.2","*"," -11.4","*"," 0.00","G"," 21.7","100000"
"01023099999","2019-02-10","69.055758","18.540356","76.8","BARDUFOSS, NO","  15.6","24","   9.8","24","9999.9"," 0","999.9"," 0","  5.8","24","  2.0","24","  5.8","999.9","  23.0","*"," -10.5"," "," 0.00","G"," 21.7","001000"
"01023099999","2019-02-11","69.055758","18.540356","76.8","BARDUFOSS, NO","  19.5","24","  14.7","24","9999.9"," 0","999.9"," 0","  5.8","24","  3.6","24"," 12.0"," 22.0","  32.0","*","   2.1"," "," 0.03","G"," 22.0","001000"
"01023099999","2019-02-12","69.055758","18.540356","76.8","BARDUFOSS, NO","  29.4","24","  25.0","24","9999.9"," 0","999.9"," 0","  4.2","24","  7.9","24"," 19.0"," 31.1","  32.5"," ","  15.8","*"," 0.00","G","999.9","001000"
"01023099999","2019-02-13","69.055758","18.540356","76.8","BARDUFOSS, NO","  12.5","24","   8.7","24","9999.9"," 0","999.9"," 0","  6.2","24","  1.9","24","  8.0","999.9","  28.4","*","  -1.7"," "," 0.18","G"," 24.0","001000"
"01023099999","2019-02-14","69.055758","18.540356","76.8","BARDUFOSS, NO","  28.9","24","  26.1","24","9999.9"," 0","999.9"," 0","  5.7","24","  6.6","24"," 13.6"," 26.0","  41.5"," ","   8.6"," "," 0.00","G"," 23.6","011000"
"01023099999","2019-02-15","69.055758","18.540356","76.8","BARDUFOSS, NO","  32.5","24","  29.7","24","9999.9"," 0","999.9"," 0","  5.6","24","  6.3","24"," 18.1"," 31.1","  39.2","*","  24.8","*"," 0.93","G"," 20.1","111000"
"01023099999","2019-02-16","69.055758","18.540356","76.8","BARDUFOSS, NO","  34.7","24","  30.7","24","9999.9"," 0","999.9"," 0","  4.2","24"," 13.7","24"," 28.9"," 45.1","  42.8","*","  24.6"," "," 0.15","G"," 20.9","011000"
"01023099999","2019-02-17","69.055758","18.540356","76.8","BARDUFOSS, NO","  21.6","24","  18.5","24","9999.9"," 0","999.9"," 0","  6.2","24","  4.0","24"," 14.0","999.9","  30.2","*","  11.5","*"," 0.61","G"," 21.3","001000"
"01023099999","2019-02-18","69.055758","18.540356","76.8","BARDUFOSS, NO","  19.6","24","  17.5","24","9999.9"," 0","999.9"," 0","  4.2","24","  1.7","24","  5.1","999.9","  24.8","*","  10.4","*"," 0.00","G"," 20.9","001000"
"01023099999","2019-02-19","69.055758","18.540356","76.8","BARDUFOSS, NO","  17.6","24","  14.1","24","9999.9"," 0","999.9"," 0","  2.9","24","  6.6","24"," 15.0"," 22.9","  24.8","*","  -4.0","*"," 0.28","E","999.9","001000"
"01023099999","2019-02-20","69.055758","18.540356","76.8","BARDUFOSS, NO","  -1.4","24","  -4.9","24","9999.9"," 0","999.9"," 0","  5.4","24","  1.1","24","  3.9","999.9","  10.6"," "," -14.8","*"," 0.03","E","999.9","001000"
"01023099999","2019-02-21","69.055758","18.540356","76.8","BARDUFOSS, NO","  -6.2","24"," -10.4","24","9999.9"," 0","999.9"," 0","  6.2","24","  0.7","24","  3.9","999.9","   7.2"," "," -21.1"," "," 0.00","F"," 26.0","001000"
"01023099999","2019-02-22","69.055758","18.540356","76.8","BARDUFOSS, NO","  20.4","24","  16.9","24","9999.9"," 0","999.9"," 0","  6.2","24","  2.5","24","  8.0","999.9","  42.8","*","  -4.7"," "," 0.00","G"," 25.6","011000"
"01023099999","2019-02-23","69.055758","18.540356","76.8","BARDUFOSS, NO","  43.3","24","  38.1","24","9999.9"," 0","999.9"," 0","  6.2","24","  7.8","24"," 14.0"," 25.1","  46.6"," ","  35.8"," "," 0.17","F"," 22.0","010000"
"01023099999","2019-02-24","69.055758","18.540356","76.8","BARDUFOSS, NO","  40.6","24","  34.5","24","9999.9"," 0","999.9"," 0","  6.2","24","  8.3","24"," 15.0"," 27.0","  46.4","*","  35.6","*"," 0.10","F"," 15.4","010000"
"01023099999","2019-02-25","69.055758","18.540356","76.8","BARDUFOSS, NO","  35.5","24","  31.8","24","9999.9"," 0","999.9"," 0","  6.0","24","  9.0","24"," 20.0"," 26.0","  39.2","*","  31.3","*"," 0.04","E"," 14.2","011000"
"01023099999","2019-02-26","69.055758","18.540356","76.8","BARDUFOSS, NO","  33.7","24","  28.8","24","9999.9"," 0","999.9"," 0","  5.9","24","  7.0","24"," 13.6","999.9","  41.0","*","  30.2","*"," 0.09","G"," 15.4","011000"
"01023099999","2019-02-27","69.055758","18.540356","76.8","BARDUFOSS, NO","  35.0","24","  31.7","24","9999.9"," 0","999.9"," 0","  5.8","24","  5.9","24"," 13.6","999.9","  39.2","*","  26.6","*"," 0.20","G"," 13.8","111000"
"01023099999","2019-02-28","69.055758","18.540356","76.8","BARDUFOSS, NO","  18.6","24","  13.2","24","9999.9"," 0","999.9"," 0","  6.0","24","  3.0","24","  8.0","999.9","  27.5"," ","   3.0","*"," 0.39","G"," 15.0","001000"
"01023099999","2019-03-01","69.055758","18.540356","76.8","BARDUFOSS, NO","  21.0","24","  17.4","24","9999.9"," 0","999.9"," 0","  6.2","24","  3.5","24","  9.9"," 19.0","  28.4","*","   2.7"," "," 0.01","G"," 14.2","001000"
"01023099999","2019-03-02","69.055758","18.540356","76.8","BARDUFOSS, NO","   3.1","24","  -2.5","24","9999.9"," 0","999.9"," 0","  6.2","24","  1.9","24","  4.1","999.9","  19.6"," "," -14.1","*"," 0.01","G"," 14.2","001000"
"01023099999","2019-03-03","69.055758","18.540356","76.8","BARDUFOSS, NO","  -0.9","24","  -8.8","24","9999.9"," 0","999.9"," 0","  5.9","24","  1.4","24","  6.0","999.9","  12.9"," "," -15.2"," "," 0.00","G"," 14.2","001000"
"01023099999","2019-03-04","69.055758","18.540356","76.8","BARDUFOSS, NO","   8.2","24","   3.1","24","9999.9"," 0","999.9"," 0","  4.9","24","  3.2","24","  9.9"," 20.0","  19.6"," ","  -9.4","*"," 0.28","E","999.9","001000"
"01023099999","2019-03-05","69.055758","18.540356","76.8","BARDUFOSS, NO","   9.5","24","   4.5","24","9999.9"," 0","999.9"," 0","  5.5","24","  6.5","24"," 17.1"," 22.9","  24.8","*"," -13.0"," "," 0.05","F"," 17.7","001000"
"01023099999","2019-03-06","69.055758","18.540356","76.8","BARDUFOSS, NO","  22.7","24","  19.5","24","9999.9"," 0","999.9"," 0","  2.8","24","  7.8","24"," 23.3","999.9","  26.6","*","  19.4","*"," 0.24","B","999.9","001000"
"01023099999","2019-03-07","69.055758","18.540356","76.8","BARDUFOSS, NO","   8.8","24","   4.8","24","9999.9"," 0","999.9"," 0","  5.7","24","  1.9","24","  7.8","999.9","  24.4"," "," -16.6","*"," 0.16","F"," 22.0","001000"
"01023099999","2019-03-08","69.055758","18.540356","76.8","BARDUFOSS, NO","   5.0","24","  -1.8","24","9999.9"," 0","999.9"," 0","  6.2","24","  3.1","24"," 13.0","999.9","  19.6"," "," -16.2"," "," 0.00","G"," 20.5","000000"
"01023099999","2019-03-09","69.055758","18.540356","76.8","BARDUFOSS, NO","  15.6","24","   7.8","24","9999.9"," 0","999.9"," 0","  6.2","24","  2.0","24","  6.0","999.9","  24.8"," ","   7.2"," "," 0.00","G"," 19.3","000000"
"01023099999","2019-03-10","69.055758","18.540356","76.8","BARDUFOSS, NO","   4.7","24","  -0.8","24","9999.9"," 0","999.9"," 0","  6.2","24","  1.4","24","  5.8","999.9","  27.0"," "," -14.8","*"," 0.00","G"," 18.9","000000"
"01023099999","2019-03-11","69.055758","18.540356","76.8","BARDUFOSS, NO","  -1.0","24","  -8.8","24","9999.9"," 0","999.9"," 0","  5.9","24","  1.2","24","  7.0","999.9","  19.4"," "," -21.6"," "," 0.00","G"," 18.5","001000"
"01023099999","2019-03-12","69.055758","18.540356","76.8","BARDUFOSS, NO","  15.1","24","   6.5","24","9999.9"," 0","999.9"," 0","  6.2","24","  2.8","24","  7.0","999.9","  33.1"," ","  -2.2","*"," 0.01","G"," 18.5","001000"
"01023099999","2019-03-13","69.055758","18.540356","76.8","BARDUFOSS, NO","  13.9","22","   4.4","22"," 998.4"," 4","988.6"," 4"," 11.5","21","  2.8","22","  7.8","999.9","  28.8"," ","  -4.7"," "," 0.00","G"," 18.5","001000"
"01023099999","2019-03-14","69.055758","18.540356","76.8","BARDUFOSS, NO","  24.0","24","  14.7","24","9999.9"," 0","999.9"," 0","  6.2","24","  3.7","24","  9.9","999.9","  30.2"," ","  15.8","*"," 0.00","H"," 18.1","001000"
"01023099999","2019-03-15","69.055758","18.540356","76.8","BARDUFOSS, NO","  22.2","24","  16.2","24","9999.9"," 0","999.9"," 0","  6.2","24","  1.1","24","  7.0","999.9","  30.6"," ","  15.6"," "," 0.00","G"," 18.1","001000"
"01023099999","2019-03-16","69.055758","18.540356","76.8","BARDUFOSS, NO","  24.5","24","  18.5","24"," 993.8"," 7","984.1"," 7","  7.8","19","  3.8","24"," 13.6","999.9","  32.0"," ","  12.2","*"," 0.04","G"," 18.5","001000"
"01023099999","2019-03-17","69.055758","18.540356","76.8","BARDUFOSS, NO","  19.4","24","  10.3","24","9999.9"," 0","999.9"," 0","  6.2","24","  2.8","24"," 11.7","999.9","  34.0"," ","   7.5"," "," 0.02","G"," 18.9","000000"
"01023099999","2019-03-18","69.055758","18.540356","76.8","BARDUFOSS, NO","  17.0","24","   7.5","24","9999.9"," 0","999.9"," 0","  6.2","22","  3.6","24"," 12.0"," 14.0","  32.0"," ","   1.6"," "," 0.00","G"," 18.5","000000"
"01023099999","2019-03-19","69.055758","18.540356","76.8","BARDUFOSS, NO","  22.7","24","  13.2","24","9999.9"," 0","999.9"," 0","  6.2","24","  3.9","24"," 11.7","999.9","  37.4","*","   4.1"," "," 0.00","G"," 18.5","000000"
"01023099999","2019-03-20","69.055758","18.540356","76.8","BARDUFOSS, NO","  35.5","24","  24.5","24","9999.9"," 0","999.9"," 0","  6.2","24","  5.7","24"," 11.7"," 18.1","  41.0","*","  22.1"," "," 0.01","E"," 18.1","011000"
"01023099999","2019-03-21","69.055758","18.540356","76.8","BARDUFOSS, NO","  34.4","24","  26.4","24","9999.9"," 0","999.9"," 0","  5.7","24","  7.5","24"," 27.2"," 35.0","  41.0","*","  28.4","*"," 0.03","G"," 17.7","011000"
"01023099999","2019-03-22","69.055758","18.540356","76.8","BARDUFOSS, NO","  34.3","24","  25.2","24","9999.9"," 0","999.9"," 0","  5.6","24","  6.3","24"," 15.0"," 21.0","  39.9","*","  27.9"," "," 0.19","G"," 19.3","011000"
"01023099999","2019-03-23","69.055758","18.540356","76.8","BARDUFOSS, NO","  39.1","24","  26.6","24","9999.9"," 0","999.9"," 0","  5.9","24","  5.0","24"," 15.0"," 27.0","  45.3"," ","  32.0","*"," 0.11","G"," 19.3","011110"
"01023099999","2019-03-24","69.055758","18.540356","76.8","BARDUFOSS, NO","  32.5","24","  29.8","24","9999.9"," 0","999.9"," 0","  5.3","24","  6.4","24"," 21.0","999.9","  36.5"," ","  28.4","*"," 0.22","G"," 19.3","011000"
"01023099999","2019-03-25","69.055758","18.540356","76.8","BARDUFOSS, NO","  23.9","24","  18.9","24","9999.9"," 0","999.9"," 0","  5.6","24","  3.5","24","  9.9","999.9","  35.2"," ","  14.0","*"," 0.32","G"," 19.3","001000"
"01023099999","2019-03-26","69.055758","18.540356","76.8","BARDUFOSS, NO","  25.6","24","  16.5","24","9999.9"," 0","999.9"," 0","  5.5","24","  3.4","24","  9.9","999.9","  34.5"," ","  12.6"," "," 0.00","G"," 21.3","001000"
"01023099999","2019-03-27","69.055758","18.540356","76.8","BARDUFOSS, NO","  34.3","24","  24.8","24","9999.9"," 0","999.9"," 0","  5.3","24","  9.5","24"," 28.9"," 46.0","  39.6"," ","  26.2","*"," 0.08","E","999.9","011100"
"01023099999","2019-03-28","69.055758","18.540356","76.8","BARDUFOSS, NO","  37.0","24","  30.7","24","9999.9"," 0","999.9"," 0","  5.4","24","  7.3","24"," 13.0"," 22.0","  42.1"," ","  32.0","*"," 0.16","F"," 19.3","011100"
"01023099999","2019-03-29","69.055758","18.540356","76.8","BARDUFOSS, NO","  31.7","24","  25.1","24","9999.9"," 0","999.9"," 0","  4.6","24"," 10.8","24"," 21.0"," 28.0","  33.8","*","  28.4","*"," 0.39","G"," 18.9","011000"
"01023099999","2019-03-30","69.055758","18.540356","76.8","BARDUFOSS, NO","  30.1","24","  26.8","24","9999.9"," 0","999.9"," 0","  3.1","24","  9.1","24"," 15.9"," 28.9","  34.2","*","  27.7","*"," 0.00","G","999.9","011000"
"01023099999","2019-03-31","69.055758","18.540356","76.8","BARDUFOSS, NO","  29.3","24","  25.1","24","9999.9"," 0","999.9"," 0","  4.6","24","  9.2","24"," 20.0","999.9","  33.8","*","  24.8","*","99.99"," ","999.9","011000"
"01023099999","2019-04-01","69.055758","18.540356","76.8","BARDUFOSS, NO","  33.4","24","  23.9","24","9999.9"," 0","999.9"," 0","  5.8","24","  6.8","24"," 12.0","999.9","  39.2","*","  27.5","*","99.99"," ","999.9","011000"
"01023099999","2019-04-02","69.055758","18.540356","76.8","BARDUFOSS, NO","  35.9","24","  31.3","24","9999.9"," 0","999.9"," 0","  5.8","24","  5.5","24"," 11.7"," 19.0","  41.7"," ","  30.2","*"," 0.13","F"," 28.7","011000"
"01023099999","2019-04-03","69.055758","18.540356","76.8","BARDUFOSS, NO","  36.4","24","  26.3","24","9999.9"," 0","999.9"," 0","  5.4","24","  5.3","24","  9.9"," 15.9","  42.8","*","  30.2","*"," 0.00","H"," 24.8","011000"
"01023099999","2019-04-04","69.055758","18.540356","76.8","BARDUFOSS, NO","  29.7","24","  19.5","24","9999.9"," 0","999.9"," 0","  6.1","24","  2.8","24","  7.8","999.9","  44.4"," ","  10.4","*"," 0.09","G"," 24.0","011000"
"01023099999","2019-04-05","69.055758","18.540356","76.8","BARDUFOSS, NO","  23.7","24","  10.4","24","9999.9"," 0","999.9"," 0","  6.2","24","  2.1","24","  6.0","999.9","  41.0","*","   5.0"," "," 0.00","G"," 23.2","000000"
"01023099999","2019-04-06","69.055758","18.540356","76.8","BARDUFOSS, NO","  27.5","24","  15.1","24","9999.9"," 0","999.9"," 0","  6.0","24","  3.4","24","  9.9","999.9","  43.5"," ","   7.0"," "," 0.00","G"," 23.2","001000"
"01023099999","2019-04-07","69.055758","18.540356","76.8","BARDUFOSS, NO","  29.7","24","  21.7","24","9999.9"," 0","999.9"," 0","  6.2","24","  5.2","24"," 11.7","999.9","  36.3"," ","  14.7","*"," 0.01","E","999.9","011000"
"01023099999","2019-04-08","69.055758","18.540356","76.8","BARDUFOSS, NO","  26.7","24","  16.2","24","9999.9"," 0","999.9"," 0","  6.2","24","  2.8","24","  9.9","999.9","  39.2","*","  13.6"," "," 0.00","H"," 23.6","001000"
"01023099999","2019-04-09","69.055758","18.540356","76.8","BARDUFOSS, NO","  23.9","24","   9.4","24","9999.9"," 0","999.9"," 0","  6.2","24","  3.4","24"," 11.1","999.9","  32.0","*","   5.0","*"," 0.00","I","999.9","000000"
"01023099999","2019-04-10","69.055758","18.540356","76.8","BARDUFOSS, NO","  19.1","24","   6.0","24","9999.9"," 0","999.9"," 0","  6.2","24","  2.5","24","  8.0","999.9","  35.8"," ","  -2.0"," "," 0.00","E"," 23.2","000000"
"01023099999","2019-04-11","69.055758","18.540356","76.8","BARDUFOSS, NO","  24.6","24","  16.6","24","9999.9"," 0","999.9"," 0","  6.2","24","  4.1","24","  9.9","999.9","  33.8","*","   4.6"," "," 0.00","F"," 23.2","011010"
"01023099999","2019-04-12","69.055758","18.540356","76.8","BARDUFOSS, NO","  36.3","24","  28.5","24","9999.9"," 0","999.9"," 0","  6.2","24","  6.5","24"," 11.7","999.9","  40.8"," ","  31.1"," "," 0.04","G"," 23.6","011000"
"01023099999","2019-04-13","69.055758","18.540356","76.8","BARDUFOSS, NO","  38.0","24","  29.5","24","9999.9"," 0","999.9"," 0","  6.2","24","  5.8","24","  9.9","999.9","  41.5"," ","  34.0"," "," 0.00","G"," 22.0","011000"
"01023099999","2019-04-14","69.055758","18.540356","76.8","BARDUFOSS, NO","  39.5","24","  30.8","24","9999.9"," 0","999.9"," 0","  6.2","24","  5.3","24","  9.9","999.9","  43.5"," ","  33.8","*"," 0.00","G"," 20.5","010000"
"01023099999","2019-04-15","69.055758","18.540356","76.8","BARDUFOSS, NO","  38.1","24","  30.8","24","9999.9"," 0","999.9"," 0","  6.2","24","  4.9","24","  9.9","999.9","  46.6"," ","  33.8","*"," 0.00","G"," 19.3","010000"
"01023099999","2019-04-16","69.055758","18.540356","76.8","BARDUFOSS, NO","  35.6","24","  25.9","24","9999.9"," 0","999.9"," 0","  6.2","24","  3.6","24","  8.0","999.9","  45.7"," ","  21.2","*"," 0.00","G"," 17.7","000000"
"01023099999","2019-04-17","69.055758","18.540356","76.8","BARDUFOSS, NO","  32.8","24","  21.9","24","9999.9"," 0","999.9"," 0","  6.2","24","  1.1","24","  5.8","999.9","  48.9"," ","  19.0"," "," 0.00","G"," 17.3","000000"
"01023099999","2019-04-18","69.055758","18.540356","76.8","BARDUFOSS, NO","  36.6","24","  22.2","24","9999.9"," 0","999.9"," 0","  6.2","24","  3.4","24","  9.7","999.9","  50.2"," ","  16.7"," "," 0.00","G"," 16.9","000000"
"01023099999","2019-04-19","69.055758","18.540356","76.8","BARDUFOSS, NO","  38.7","24","  33.9","24","9999.9"," 0","999.9"," 0","  6.2","24","  5.1","24"," 11.1","999.9","  46.4","*","  26.2"," "," 0.00","G"," 15.7","010000"
"01023099999","2019-04-20","69.055758","18.540356","76.8","BARDUFOSS, NO","  49.5","24","  32.7","24","9999.9"," 0","999.9"," 0","  6.2","24","  5.4","24"," 11.1"," 17.1","  56.7"," ","  41.9"," "," 0.07","G"," 14.2","010000"
"01023099999","2019-04-21","69.055758","18.540356","76.8","BARDUFOSS, NO","  43.3","24","  32.6","24","9999.9"," 0","999.9"," 0","  6.2","24","  8.5","24"," 15.5"," 25.1","  47.7"," ","  39.2","*"," 0.01","G","  9.8","010000"
"01023099999","2019-04-22","69.055758","18.540356","76.8","BARDUFOSS, NO","  44.0","24","  33.4","24","9999.9"," 0","999.9"," 0","  6.2","24","  6.4","24"," 11.7","999.9","  50.0"," ","  37.9"," "," 0.00","G","  6.7","010000"
"01023099999","2019-04-23","69.055758","18.540356","76.8","BARDUFOSS, NO","  46.3","24","  38.0","24","9999.9"," 0","999.9"," 0","  6.1","24","  5.5","24"," 13.0"," 18.1","  53.6","*","  33.8","*"," 0.49","G","  2.8","010000"
"01023099999","2019-04-24","69.055758","18.540356","76.8","BARDUFOSS, NO","  42.4","24","  33.8","24","9999.9"," 0","999.9"," 0","  5.9","24","  2.3","24","  5.8","999.9","  55.4","*","  28.4","*"," 0.00","G","999.9","100000"
"01023099999","2019-04-25","69.055758","18.540356","76.8","BARDUFOSS, NO","  44.6","24","  30.7","24","9999.9"," 0","999.9"," 0","  6.2","24","  2.1","24","  7.0","999.9","  59.9"," ","  27.5"," "," 0.00","F","999.9","000000"
"01023099999","2019-04-26","69.055758","18.540356","76.8","BARDUFOSS, NO","  42.5","24","  29.5","24","9999.9"," 0","999.9"," 0","  6.2","24","  1.8","24","  8.0","999.9","  61.0"," ","  26.2"," "," 0.00","G","999.9","000000"
"01023099999","2019-04-27","69.055758","18.540356","76.8","BARDUFOSS, NO","  39.8","24","  30.6","24","9999.9"," 0","999.9"," 0","  6.2","24","  6.2","24"," 13.6","999.9","  48.2","*","  26.6","*"," 0.00","G","999.9","100000"
"01023099999","2019-04-28","69.055758","18.540356","76.8","BARDUFOSS, NO","  43.1","24","  32.1","24","9999.9"," 0","999.9"," 0","  6.2","24","  3.9","24","  8.9","999.9","  55.4","*","  26.6","*"," 0.00","G","999.9","000000"
"01023099999","2019-04-29","69.055758","18.540356","76.8","BARDUFOSS, NO","  36.7","24","  32.7","24","9999.9"," 0","999.9"," 0","  6.2","24","  2.4","24","  8.0","999.9","  42.3"," ","  29.3"," "," 0.00","G","999.9","010000"
"01023099999","2019-04-30","69.055758","18.540356","76.8","BARDUFOSS, NO","  37.2","24","  31.0","24","9999.9"," 0","999.9"," 0","  6.2","24","  5.2","24","  9.9","999.9","  41.0","*","  32.0","*"," 0.00","G","999.9","011000"
"01023099999","2019-05-01","69.055758","18.540356","76.8","BARDUFOSS, NO","  33.5","24","  25.7","24","9999.9"," 0","999.9"," 0","  6.2","24","  4.5","24","  7.8","999.9","  37.4","*","  29.8","*"," 0.07","G","999.9","011000"
"01023099999","2019-05-02","69.055758","18.540356","76.8","BARDUFOSS, NO","  31.2","24","  16.5","24","9999.9"," 0","999.9"," 0","  6.2","24","  6.2","24"," 11.7","999.9","  35.6","*","  26.6","*"," 0.00","G","999.9","000000"
"01023099999","2019-05-03","69.055758","18.540356","76.8","BARDUFOSS, NO","  30.3","24","  21.4","24","9999.9"," 0","999.9"," 0","  6.1","24","  8.4","24"," 15.9","999.9","  35.6"," ","  24.4"," "," 0.00","H","999.9","011000"
"01023099999","2019-05-04","69.055758","18.540356","76.8","BARDUFOSS, NO","  29.6","24","  22.4","24","9999.9"," 0","999.9"," 0","  5.6","24","  6.1","24"," 12.0","999.9","  36.0"," ","  21.2","*"," 0.09","G","  1.2","001000"
"01023099999","2019-05-05","69.055758","18.540356","76.8","BARDUFOSS, NO","  31.3","24","  17.0","24","9999.9"," 0","999.9"," 0","  6.2","24","  3.3","24","  7.8","999.9","  40.8"," ","  17.6","*"," 0.03","G","999.9","000000"
"01023099999","2019-05-06","69.055758","18.540356","76.8","BARDUFOSS, NO","  34.7","24","  18.6","24","9999.9"," 0","999.9"," 0","  6.2","24","  2.6","24","  7.8","999.9","  44.1"," ","  19.9"," "," 0.00","G","999.9","000000"
"01023099999","2019-05-07","69.055758","18.540356","76.8","BARDUFOSS, NO","  41.1","24","  27.6","24","9999.9"," 0","999.9"," 0","  6.2","24","  6.3","24"," 13.6","999.9","  50.0","*","  28.0"," "," 0.00","G","999.9","000000"
"01023099999","2019-05-08","69.055758","18.540356","76.8","BARDUFOSS, NO","  36.7","24","  30.6","24","9999.9"," 0","999.9"," 0","  6.2","24","  6.2","24"," 13.0","999.9","  39.4"," ","  33.8","*"," 0.01","E","999.9","011000"
"01023099999","2019-05-09","69.055758","18.540356","76.8","BARDUFOSS, NO","  42.1","24","  25.4","24","9999.9"," 0","999.9"," 0","  6.2","24","  3.4","24","  7.0","999.9","  50.2"," ","  32.5"," "," 0.00","F","999.9","000000"
"01023099999","2019-05-10","69.055758","18.540356","76.8","BARDUFOSS, NO","  49.6","24","  29.8","24","9999.9"," 0","999.9"," 0","  6.2","24","  8.2","24"," 14.0"," 17.1","  59.0","*","  35.4"," "," 0.00","G","999.9","000000"
"01023099999","2019-05-11","69.055758","18.540356","76.8","BARDUFOSS, NO","  50.9","24","  35.1","24","9999.9"," 0","999.9"," 0","  6.2","24","  4.9","24","  9.7","999.9","  59.7"," ","  35.6","*"," 0.00","G","999.9","010000"
"01023099999","2019-05-12","69.055758","18.540356","76.8","BARDUFOSS, NO","  40.0","24","  36.3","24","9999.9"," 0","999.9"," 0","  6.2","24","  7.0","24"," 15.0","999.9","  44.6"," ","  34.2"," "," 0.00","G","999.9","010000"
"01023099999","2019-05-13","69.055758","18.540356","76.8","BARDUFOSS, NO","  39.4","24","  30.8","24","9999.9"," 0","999.9"," 0","  6.2","24","  8.0","24"," 15.5","999.9","  44.6","*","  34.9","*"," 0.64","G","999.9","010000"
"01023099999","2019-05-14","69.055758","18.540356","76.8","BARDUFOSS, NO","  38.5","24","  31.9","24","9999.9"," 0","999.9"," 0","  6.2","24","  5.9","24"," 15.5","999.9","  44.1"," ","  34.9"," "," 0.02","G","999.9","011000"
"01023099999","2019-05-15","69.055758","18.540356","76.8","BARDUFOSS, NO","  40.0","24","  30.0","24","9999.9"," 0","999.9"," 0","  6.2","24","  5.1","24"," 11.7","999.9","  44.6","*","  33.8","*"," 0.06","G","999.9","010000"
"01023099999","2019-05-16","69.055758","18.540356","76.8","BARDUFOSS, NO","  43.0","24","  35.6","24","9999.9"," 0","999.9"," 0","  6.2","24","  4.0","24","  8.9","999.9","  49.1"," ","  33.8","*"," 0.00","G","999.9","000000"
"01023099999","2019-05-17","69.055758","18.540356","76.8","BARDUFOSS, NO","  47.0","24","  37.7","24","9999.9"," 0","999.9"," 0","  6.2","24","  4.0","24","  7.8","999.9","  56.1"," ","  35.6","*"," 0.00","G","999.9","000000"
"01023099999","2019-05-18","69.055758","18.540356","76.8","BARDUFOSS, NO","  50.8","24","  37.5","24","9999.9"," 0","999.9"," 0","  6.2","24","  4.2","24","  9.7","999.9","  63.7"," ","  34.5"," "," 0.00","G","999.9","000000"
"01023099999","2019-05-19","69.055758","18.540356","76.8","BARDUFOSS, NO","  53.6","24","  37.8","24","9999.9"," 0","999.9"," 0","  6.2","24","  4.4","24","  9.9","999.9","  66.7"," ","  33.3"," "," 0.00","G","999.9","000000"
"01023099999","2019-05-20","69.055758","18.540356","76.8","BARDUFOSS, NO","  56.7","24","  39.8","24","9999.9"," 0","999.9"," 0","  6.2","24","  3.9","24","  9.7","999.9","  69.3"," ","  39.2","*"," 0.00","G","999.9","000000"
"01023099999","2019-05-21","69.055758","18.540356","76.8","BARDUFOSS, NO","  52.2","24","  39.3","24","9999.9"," 0","999.9"," 0","  6.2","24","  6.1","24","  9.9","999.9","  61.2"," ","  37.2"," "," 0.00","E","999.9","000000"
"01023099999","2019-05-22","69.055758","18.540356","76.8","BARDUFOSS, NO","  47.3","24","  31.3","24","9999.9"," 0","999.9"," 0","  6.2","24"," 10.1","24"," 15.5"," 24.1","  53.1"," ","  39.2","*"," 0.00","E","999.9","000000"
"01023099999","2019-05-23","69.055758","18.540356","76.8","BARDUFOSS, NO","  43.8","24","  24.5","24","9999.9"," 0","999.9"," 0","  6.2","24","  9.1","24"," 14.0"," 24.1","  50.9"," ","  32.0","*"," 0.00","E","999.9","000000"
"01023099999","2019-05-24","69.055758","18.540356","76.8","BARDUFOSS, NO","  46.1","24","  28.2","24","9999.9"," 0","999.9"," 0","  6.2","24","  3.9","24","  8.0","999.9","  56.1"," ","  28.4","*"," 0.00","F","999.9","000000"
"01023099999","2019-05-25","69.055758","18.540356","76.8","BARDUFOSS, NO","  40.9","24","  30.1","24","9999.9"," 0","999.9"," 0","  6.2","24","  4.6","24","  7.8","999.9","  45.1"," ","  37.4","*"," 0.00","G","999.9","010000"
"01023099999","2019-05-26","69.055758","18.540356","76.8","BARDUFOSS, NO","  41.0","24","  28.2","24","9999.9"," 0","999.9"," 0","  6.2","24","  4.1","24","  7.8","999.9","  45.1"," ","  36.5","*"," 0.00","G","999.9","010000"
"01023099999","2019-05-27","69.055758","18.540356","76.8","BARDUFOSS, NO","  43.8","24","  32.0","24","9999.9"," 0","999.9"," 0","  6.2","24","  3.2","24","  8.9","999.9","  54.7"," ","  32.0","*"," 0.05","G","999.9","010000"
"01023099999","2019-05-28","69.055758","18.540356","76.8","BARDUFOSS, NO","  50.4","24","  35.0","24","9999.9"," 0","999.9"," 0","  6.2","24","  5.2","24"," 13.0","999.9","  59.7"," ","  32.2"," "," 0.00","G","999.9","010000"
"01023099999","2019-05-29","69.055758","18.540356","76.8","BARDUFOSS, NO","  49.8","24","  42.8","24","9999.9"," 0","999.9"," 0","  6.7","24","  6.6","24"," 15.9","999.9","  57.4"," ","  42.6"," "," 0.12","G","999.9","110000"
"01023099999","2019-05-30","69.055758","18.540356","76.8","BARDUFOSS, NO","  43.6","24","  34.3","24","9999.9"," 0","999.9"," 0","  6.2","24","  8.4","24"," 13.6"," 22.9","  50.0","*","  33.8","*"," 0.29","G","999.9","010000"
"01023099999","2019-05-31","69.055758","18.540356","76.8","BARDUFOSS, NO","  44.1","24","  32.7","24","9999.9"," 0","999.9"," 0","  7.8","24","  6.0","24"," 15.0"," 20.0","  52.5"," ","  32.5"," "," 0.00","G","999.9","010000"
"01023099999","2019-06-01","69.055758","18.540356","76.8","BARDUFOSS, NO","  41.8","24","  34.7","24","9999.9"," 0","999.9"," 0","  6.2","24","  6.6","24"," 11.1","999.9","  46.4","*","  38.1"," "," 0.00","H","999.9","010000"
"01023099999","2019-06-02","69.055758","18.540356","76.8","BARDUFOSS, NO","  42.7","24","  36.4","24","9999.9"," 0","999.9"," 0","  6.2","24","  7.3","24"," 12.0","999.9","  47.5"," ","  39.2","*"," 0.06","G","999.9","010000"
"01023099999","2019-06-03","69.055758","18.540356","76.8","BARDUFOSS, NO","  50.5","24","  33.9","24","9999.9"," 0","999.9"," 0","  6.2","24","  5.0","24","  9.7","999.9","  60.8"," ","  39.0","*"," 0.00","G","999.9","000000"
"01023099999","2019-06-04","69.055758","18.540356","76.8","BARDUFOSS, NO","  50.2","24","  42.7","24","9999.9"," 0","999.9"," 0","  6.2","24","  3.1","24","  7.8","999.9","  52.9"," ","  44.2"," "," 0.00","G","999.9","010000"
"01023099999","2019-06-05","69.055758","18.540356","76.8","BARDUFOSS, NO","  55.6","24","  44.4","24","9999.9"," 0","999.9"," 0","  6.2","24","  4.4","24","  7.0","999.9","  63.9"," ","  46.4","*"," 0.07","G","999.9","010000"
"01023099999","2019-06-06","69.055758","18.540356","76.8","BARDUFOSS, NO","  58.0","24","  46.2","24","9999.9"," 0","999.9"," 0","  6.2","24","  5.0","24"," 12.0"," 20.0","  67.1"," ","  44.6","*"," 0.07","G","999.9","010000"
"01023099999","2019-06-07","69.055758","18.540356","76.8","BARDUFOSS, NO","  63.4","24","  50.0","24","9999.9"," 0","999.9"," 0","  6.2","24","  2.6","24","  7.0","999.9","  75.2","*","  42.4"," "," 0.00","G","999.9","010000"
"01023099999","2019-06-08","69.055758","18.540356","76.8","BARDUFOSS, NO","  52.8","24","  50.2","24","9999.9"," 0","999.9"," 0","  5.7","24","  5.4","24","  9.9","999.9","  60.8","*","  49.8","*"," 0.15","F","999.9","010000"
"01023099999","2019-06-09","69.055758","18.540356","76.8","BARDUFOSS, NO","  53.6","24","  46.3","24","9999.9"," 0","999.9"," 0","  6.2","24","  6.7","24"," 11.1","999.9","  62.6","*","  46.4","*"," 0.01","E","999.9","010000"
"01023099999","2019-06-10","69.055758","18.540356","76.8","BARDUFOSS, NO","  43.9","24","  37.5","24","9999.9"," 0","999.9"," 0","  6.2","24","  5.5","24"," 12.0","999.9","  46.4","*","  39.2","*","99.99"," ","999.9","010000"
"01023099999","2019-06-11","69.055758","18.540356","76.8","BARDUFOSS, NO","  44.2","24","  30.5","24","9999.9"," 0","999.9"," 0","  6.2","24","  5.4","24","  9.9","999.9","  51.8","*","  37.4","*"," 0.00","G","999.9","000000"
"01023099999","2019-06-12","69.055758","18.540356","76.8","BARDUFOSS, NO","  49.9","24","  34.8","24","9999.9"," 0","999.9"," 0","  6.2","24","  3.7","24","  8.0","999.9","  61.0"," ","  35.6"," "," 0.00","F","999.9","000000"
"01023099999","2019-06-13","69.055758","18.540356","76.8","BARDUFOSS, NO","  56.7","24","  40.2","24","9999.9"," 0","999.9"," 0","  6.2","24","  5.0","24","  9.7","999.9","  66.2","*","  42.3"," "," 0.00","G","999.9","000000"
"01023099999","2019-06-14","69.055758","18.540356","76.8","BARDUFOSS, NO","  55.8","24","  40.0","24","9999.9"," 0","999.9"," 0","  6.2","24","  5.9","24"," 11.7"," 19.0","  66.2","*","  44.4","*"," 0.00","I","999.9","000000"
"01023099999","2019-06-15","69.055758","18.540356","76.8","BARDUFOSS, NO","  55.8","24","  40.1","24","9999.9"," 0","999.9"," 0","  6.2","24","  6.3","24"," 15.5","999.9","  68.0","*","  42.8","*"," 0.00","F","999.9","000000"
"01023099999","2019-06-16","69.055758","18.540356","76.8","BARDUFOSS, NO","  52.5","24","  39.9","24","9999.9"," 0","999.9"," 0","  6.2","24","  6.2","24","  9.7","999.9","  62.6","*","  42.8","*"," 0.00","G","999.9","000000"
"01023099999","2019-06-17","69.055758","18.540356","76.8","BARDUFOSS, NO","  57.9","24","  41.0","24","9999.9"," 0","999.9"," 0","  6.2","24","  5.9","24"," 11.7","999.9","  66.6"," ","  45.7"," "," 0.00","G","999.9","000000"
"01023099999","2019-06-18","69.055758","18.540356","76.8","BARDUFOSS, NO","  52.8","24","  45.9","24","9999.9"," 0","999.9"," 0","  6.2","24","  3.8","24","  9.9","999.9","  59.0","*","  46.4","*"," 0.00","G","999.9","010000"
"01023099999","2019-06-19","69.055758","18.540356","76.8","BARDUFOSS, NO","  50.7","24","  46.5","24","9999.9"," 0","999.9"," 0","  6.2","24","  3.0","24","  9.9","999.9","  55.4","*","  46.4","*","99.99"," ","999.9","110000"
"01023099999","2019-06-20","69.055758","18.540356","76.8","BARDUFOSS, NO","  56.8","24","  44.1","24","9999.9"," 0","999.9"," 0","  6.2","24","  3.8","24","  9.9","999.9","  68.0","*","  44.6","*"," 0.00","I","999.9","100000"
"01023099999","2019-06-21","69.055758","18.540356","76.8","BARDUFOSS, NO","  56.5","24","  48.9","24","9999.9"," 0","999.9"," 0","  6.2","24","  7.6","24"," 17.1","999.9","  60.8","*","  51.8","*"," 0.04","F","999.9","010000"
"01023099999","2019-06-22","69.055758","18.540356","76.8","BARDUFOSS, NO","  49.3","24","  46.8","24","9999.9"," 0","999.9"," 0","  5.7","24","  5.4","24"," 13.6","999.9","  52.2","*","  45.7","*"," 0.24","G","999.9","110000"
"01023099999","2019-06-23","69.055758","18.540356","76.8","BARDUFOSS, NO","  50.3","24","  45.8","24","9999.9"," 0","999.9"," 0","  6.1","24","  2.3","24","  6.0","999.9","  54.1"," ","  45.3"," "," 0.69","G","999.9","010000"
"01023099999","2019-06-24","69.055758","18.540356","76.8","BARDUFOSS, NO","  51.2","24","  41.5","24","9999.9"," 0","999.9"," 0","  6.2","24","  5.6","24"," 12.0","999.9","  57.7"," ","  45.3"," "," 0.13","G","999.9","010000"
"01023099999","2019-06-25","69.055758","18.540356","76.8","BARDUFOSS, NO","  51.1","24","  40.4","24","9999.9"," 0","999.9"," 0","  6.2","24","  6.1","24","  9.9","999.9","  56.8"," ","  45.9"," "," 0.01","G","999.9","010000"
"01023099999","2019-06-26","69.055758","18.540356","76.8","BARDUFOSS, NO","  50.1","24","  40.7","24","9999.9"," 0","999.9"," 0","  6.2","24","  7.4","24"," 15.5","999.9","  54.1"," ","  45.3","*"," 0.00","G","999.9","010000"
"01023099999","2019-06-27","69.055758","18.540356","76.8","BARDUFOSS, NO","  45.4","24","  36.6","24","9999.9"," 0","999.9"," 0","  6.2","24","  9.9","24"," 21.4"," 31.1","  52.2"," ","  41.0","*"," 0.05","G","999.9","010000"
"01023099999","2019-06-28","69.055758","18.540356","76.8","BARDUFOSS, NO","  48.3","24","  34.7","24","9999.9"," 0","999.9"," 0","  6.2","24","  9.0","24"," 14.0"," 22.9","  55.9"," ","  41.0","*"," 0.08","G","999.9","010000"
"01023099999","2019-06-29","69.055758","18.540356","76.8","BARDUFOSS, NO","  43.1","24","  36.7","24","9999.9"," 0","999.9"," 0","  7.5","24","  8.9","24"," 21.4"," 24.1","  48.2","*","  38.8"," "," 0.25","G","999.9","010000"
"01023099999","2019-06-30","69.055758","18.540356","76.8","BARDUFOSS, NO","  47.4","24","  35.8","24","9999.9"," 0","999.9"," 0","  6.2","24","  4.7","24","  8.9","999.9","  56.7"," ","  39.0"," "," 0.17","G","999.9","010000"
"01023099999","2019-07-01","69.055758","18.540356","76.8","BARDUFOSS, NO","  48.8","24","  41.2","24","9999.9"," 0","999.9"," 0","  6.2","24","  6.4","24"," 15.0","999.9","  53.6","*","  41.7"," "," 0.00","G","999.9","010000"
"01023099999","2019-07-02","69.055758","18.540356","76.8","BARDUFOSS, NO","  46.5","24","  39.8","24","9999.9"," 0","999.9"," 0","  6.2","24","  2.6","24","  8.0","999.9","  53.6","*","  35.6","*"," 0.00","G","999.9","010000"
"01023099999","2019-07-03","69.055758","18.540356","76.8","BARDUFOSS, NO","  52.1","24","  38.1","24","9999.9"," 0","999.9"," 0","  6.2","24","  4.3","24","  9.7"," 20.0","  61.5"," ","  35.6","*"," 0.00","F","999.9","010000"
"01023099999","2019-07-04","69.055758","18.540356","76.8","BARDUFOSS, NO","  47.9","24","  43.7","24","9999.9"," 0","999.9"," 0","  6.1","24","  4.9","24","  9.9","999.9","  50.0","*","  45.3"," "," 0.02","G","999.9","010000"
"01023099999","2019-07-05","69.055758","18.540356","76.8","BARDUFOSS, NO","  52.7","24","  41.8","24","9999.9"," 0","999.9"," 0","  6.2","24","  4.2","24","  9.9","999.9","  59.9"," ","  48.2","*"," 0.00","G","999.9","000000"
"01023099999","2019-07-06","69.055758","18.540356","76.8","BARDUFOSS, NO","  48.7","24","  44.7","24","9999.9"," 0","999.9"," 0","  6.2","24","  4.5","24","  9.9","999.9","  50.0","*","  46.4","*"," 0.03","G","999.9","010000"
"01023099999","2019-07-07","69.055758","18.540356","76.8","BARDUFOSS, NO","  60.4","24","  47.7","24","9999.9"," 0","999.9"," 0","  6.2","24","  4.7","24"," 11.1","999.9","  69.8","*","  45.1"," "," 0.06","G","999.9","000000"
"01023099999","2019-07-08","69.055758","18.540356","76.8","BARDUFOSS, NO","  62.3","24","  37.0","24","9999.9"," 0","999.9"," 0","  6.2","24","  7.2","24"," 13.6","999.9","  71.6","*","  48.2","*"," 0.00","G","999.9","000000"
"01023099999","2019-07-09","69.055758","18.540356","76.8","BARDUFOSS, NO","  62.1","24","  41.8","24","9999.9"," 0","999.9"," 0","  6.2","24","  3.9","24","  8.9","999.9","  73.8","*","  48.2","*"," 0.00","I","999.9","000000"
"01023099999","2019-07-10","69.055758","18.540356","76.8","BARDUFOSS, NO","  58.2","24","  45.7","24","9999.9"," 0","999.9"," 0","  6.2","24","  4.1","24","  7.8","999.9","  66.6"," ","  45.3"," "," 0.00","I","999.9","000000"
"01023099999","2019-07-11","69.055758","18.540356","76.8","BARDUFOSS, NO","  56.7","24","  47.1","24","9999.9"," 0","999.9"," 0","  6.2","24","  5.9","24"," 12.0","999.9","  66.4"," ","  44.6","*"," 0.00","F","999.9","100000"
"01023099999","2019-07-12","69.055758","18.540356","76.8","BARDUFOSS, NO","  55.1","24","  46.4","24","9999.9"," 0","999.9"," 0","  6.2","24","  5.2","24"," 11.1","999.9","  65.1"," ","  43.2"," "," 0.00","G","999.9","100000"
"01023099999","2019-07-13","69.055758","18.540356","76.8","BARDUFOSS, NO","  56.9","24","  46.8","24","9999.9"," 0","999.9"," 0","  6.2","24","  5.6","24"," 15.5","999.9","  66.9"," ","  44.1"," "," 0.00","G","999.9","000000"
"01023099999","2019-07-14","69.055758","18.540356","76.8","BARDUFOSS, NO","  51.5","24","  42.6","24","9999.9"," 0","999.9"," 0","  6.2","24","  5.2","24","  8.0","999.9","  56.7"," ","  48.2","*"," 0.00","G","999.9","000000"
"01023099999","2019-07-15","69.055758","18.540356","76.8","BARDUFOSS, NO","  50.5","24","  40.0","24","9999.9"," 0","999.9"," 0","  6.2","24","  4.3","24","  6.0","999.9","  55.8"," ","  44.6","*"," 0.00","G","999.9","000000"
"01023099999","2019-07-16","69.055758","18.540356","76.8","BARDUFOSS, NO","  49.7","24","  43.1","24","9999.9"," 0","999.9"," 0","  6.2","24","  5.1","24","  9.9","999.9","  52.9"," ","  44.6"," "," 0.00","G","999.9","010000"
"01023099999","2019-07-17","69.055758","18.540356","76.8","BARDUFOSS, NO","  49.3","24","  44.5","24","9999.9"," 0","999.9"," 0","  6.1","24","  3.4","24","  8.9","999.9","  53.6","*","  46.4","*"," 0.01","G","999.9","010000"
"01023099999","2019-07-18","69.055758","18.540356","76.8","BARDUFOSS, NO","  57.5","24","  45.1","24","9999.9"," 0","999.9"," 0","  6.2","24","  2.3","24","  8.0","999.9","  71.8"," ","  44.6","*"," 0.02","G","999.9","000000"
"01023099999","2019-07-19","69.055758","18.540356","76.8","BARDUFOSS, NO","  63.9","24","  44.9","24","9999.9"," 0","999.9"," 0","  6.2","24","  3.1","24","  8.0","999.9","  76.5"," ","  42.8","*"," 0.00","G","999.9","000000"
"01023099999","2019-07-20","69.055758","18.540356","76.8","BARDUFOSS, NO","  64.5","24","  51.3","24","9999.9"," 0","999.9"," 0","  6.2","24","  3.2","24","  9.7","999.9","  77.5"," ","  45.9"," "," 0.00","G","999.9","010000"
"01023099999","2019-07-21","69.055758","18.540356","76.8","BARDUFOSS, NO","  67.0","24","  55.3","24","9999.9"," 0","999.9"," 0","  5.7","24","  2.4","24","  7.8","999.9","  78.8","*","  53.6"," "," 0.08","G","999.9","110000"
"01023099999","2019-07-22","69.055758","18.540356","76.8","BARDUFOSS, NO","  65.4","24","  56.2","24","9999.9"," 0","999.9"," 0","  6.2","24","  2.9","24","  8.0","999.9","  78.8"," ","  56.8"," "," 0.00","G","999.9","010000"
"01023099999","2019-07-23","69.055758","18.540356","76.8","BARDUFOSS, NO","  65.6","24","  57.2","24","9999.9"," 0","999.9"," 0","  6.1","24","  2.1","24","  7.8","999.9","  76.3"," ","  55.4","*"," 0.05","G","999.9","110000"
"01023099999","2019-07-24","69.055758","18.540356","76.8","BARDUFOSS, NO","  62.3","24","  56.5","24","9999.9"," 0","999.9"," 0","  6.2","24","  3.2","24","  7.8","999.9","  66.7"," ","  56.8","*"," 0.00","G","999.9","010000"
"01023099999","2019-07-25","69.055758","18.540356","76.8","BARDUFOSS, NO","  65.6","24","  58.6","24","9999.9"," 0","999.9"," 0","  6.2","24","  3.1","24","  6.0","999.9","  75.6"," ","  56.7"," "," 0.02","G","999.9","010000"
"01023099999","2019-07-26","69.055758","18.540356","76.8","BARDUFOSS, NO","  65.5","24","  57.8","24","9999.9"," 0","999.9"," 0","  6.0","24","  5.2","24"," 11.7","999.9","  71.6","*","  50.0","*"," 0.00","G","999.9","010000"
"01023099999","2019-07-27","69.055758","18.540356","76.8","BARDUFOSS, NO","  61.6","24","  53.7","24","9999.9"," 0","999.9"," 0","  4.5","24","  5.6","24","  9.9","999.9","  75.2","*","  50.5","*"," 0.00","E","999.9","100000"
"01023099999","2019-07-28","69.055758","18.540356","76.8","BARDUFOSS, NO","  61.6","24","  42.1","24","9999.9"," 0","999.9"," 0","  6.2","24","  8.5","24"," 15.9"," 27.0","  72.5"," ","  46.4","*"," 0.00","G","999.9","000000"
"01023099999","2019-07-29","69.055758","18.540356","76.8","BARDUFOSS, NO","  54.1","24","  40.0","24","9999.9"," 0","999.9"," 0","  6.2","24","  6.2","24"," 13.0","999.9","  62.6","*","  41.0","*"," 0.00","G","999.9","000000"
"01023099999","2019-07-30","69.055758","18.540356","76.8","BARDUFOSS, NO","  52.2","24","  38.9","24","9999.9"," 0","999.9"," 0","  6.2","24","  4.6","24","  8.9","999.9","  62.2"," ","  36.9"," "," 0.00","G","999.9","000000"
"01023099999","2019-07-31","69.055758","18.540356","76.8","BARDUFOSS, NO","  52.3","24","  40.8","24","9999.9"," 0","999.9"," 0","  6.2","24","  3.8","24","  9.9","999.9","  66.2"," ","  35.6"," "," 0.00","G","999.9","100000"
"01023099999","2019-08-01","69.055758","18.540356","76.8","BARDUFOSS, NO","  54.7","24","  44.0","24","9999.9"," 0","999.9"," 0","  6.2","24","  6.0","24"," 11.7","999.9","  63.1"," ","  45.1"," "," 0.00","G","999.9","000000"
"01023099999","2019-08-02","69.055758","18.540356","76.8","BARDUFOSS, NO","  55.0","24","  43.9","24","9999.9"," 0","999.9"," 0","  6.2","24","  3.4","24","  9.7","999.9","  65.5"," ","  41.0","*"," 0.00","G","999.9","000000"
"01023099999","2019-08-03","69.055758","18.540356","76.8","BARDUFOSS, NO","  54.7","24","  42.3","24","9999.9"," 0","999.9"," 0","  6.2","24","  4.1","24","  9.7","999.9","  66.2"," ","  40.3"," "," 0.00","G","999.9","000000"
"01023099999","2019-08-04","69.055758","18.540356","76.8","BARDUFOSS, NO","  52.5","24","  42.3","24","9999.9"," 0","999.9"," 0","  6.2","24","  4.3","24"," 11.7","999.9","  63.5"," ","  37.4","*"," 0.00","G","999.9","000000"
"01023099999","2019-08-05","69.055758","18.540356","76.8","BARDUFOSS, NO","  50.6","24","  42.0","24","9999.9"," 0","999.9"," 0","  6.2","24","  3.4","24","  8.0","999.9","  60.8","*","  35.6","*"," 0.00","G","999.9","000000"
"01023099999","2019-08-06","69.055758","18.540356","76.8","BARDUFOSS, NO","  52.1","24","  39.3","24","9999.9"," 0","999.9"," 0","  6.2","24","  4.3","24"," 11.7","999.9","  64.6"," ","  33.6"," "," 0.00","G","999.9","100000"
"01023099999","2019-08-07","69.055758","18.540356","76.8","BARDUFOSS, NO","  52.7","24","  38.8","24","9999.9"," 0","999.9"," 0","  6.2","24","  8.5","24"," 15.5","999.9","  61.3"," ","  37.4","*"," 0.00","G","999.9","000000"
"01023099999","2019-08-08","69.055758","18.540356","76.8","BARDUFOSS, NO","  52.9","24","  39.6","24","9999.9"," 0","999.9"," 0","  6.2","24","  7.4","24"," 14.0","999.9","  63.1"," ","  37.0"," "," 0.00","G","999.9","000000"
"01023099999","2019-08-09","69.055758","18.540356","76.8","BARDUFOSS, NO","  54.5","24","  43.8","24","9999.9"," 0","999.9"," 0","  6.2","24","  2.6","24","  7.0","999.9","  64.9"," ","  41.0","*"," 0.00","G","999.9","000000"
"01023099999","2019-08-10","69.055758","18.540356","76.8","BARDUFOSS, NO","  57.6","24","  46.6","24","9999.9"," 0","999.9"," 0","  6.2","24","  4.2","24","  9.9","999.9","  69.8","*","  41.5"," "," 0.02","G","999.9","000000"
"01023099999","2019-08-11","69.055758","18.540356","76.8","BARDUFOSS, NO","  58.4","24","  49.5","24","9999.9"," 0","999.9"," 0","  6.2","24","  2.8","24","  9.7","999.9","  66.2","*","  45.7"," "," 0.00","G","999.9","010000"
"01023099999","2019-08-12","69.055758","18.540356","76.8","BARDUFOSS, NO","  63.2","24","  52.2","24","9999.9"," 0","999.9"," 0","  6.2","24","  3.0","24","  8.0","999.9","  74.8"," ","  50.0","*"," 0.01","G","999.9","000000"
"01023099999","2019-08-13","69.055758","18.540356","76.8","BARDUFOSS, NO","  60.3","24","  51.0","24","9999.9"," 0","999.9"," 0","  6.2","24","  4.7","24","  9.7","999.9","  70.7"," ","  46.4","*"," 0.03","G","999.9","000000"
"01023099999","2019-08-14","69.055758","18.540356","76.8","BARDUFOSS, NO","  58.2","24","  51.3","24","9999.9"," 0","999.9"," 0","  6.2","24","  4.7","24","  8.9","999.9","  67.3"," ","  47.3"," "," 0.00","G","999.9","010000"
"01023099999","2019-08-15","69.055758","18.540356","76.8","BARDUFOSS, NO","  53.1","24","  50.9","24","9999.9"," 0","999.9"," 0","  5.2","24","  1.7","24","  5.8","999.9","  57.6"," ","  50.0","*"," 0.00","G","999.9","010000"
"01023099999","2019-08-16","69.055758","18.540356","76.8","BARDUFOSS, NO","  54.2","24","  50.1","24","9999.9"," 0","999.9"," 0","  5.9","24","  2.7","24","  8.0","999.9","  62.6","*","  49.8"," "," 0.00","G","999.9","110010"
"01023099999","2019-08-17","69.055758","18.540356","76.8","BARDUFOSS, NO","  58.2","24","  48.4","24","9999.9"," 0","999.9"," 0","  7.8","24","  2.3","24","  7.8","999.9","  68.0","*","  45.9"," "," 0.00","G","999.9","110000"
"01023099999","2019-08-18","69.055758","18.540356","76.8","BARDUFOSS, NO","  61.1","24","  54.0","24","9999.9"," 0","999.9"," 0","  6.2","24","  3.4","24","  9.9","999.9","  70.5"," ","  53.6","*"," 0.00","G","999.9","010000"
"01023099999","2019-08-19","69.055758","18.540356","76.8","BARDUFOSS, NO","  56.4","24","  54.0","24","9999.9"," 0","999.9"," 0","  6.2","24","  3.2","24","  9.7","999.9","  59.2"," ","  51.8","*"," 0.00","G","999.9","010000"
"01023099999","2019-08-20","69.055758","18.540356","76.8","BARDUFOSS, NO","  54.9","24","  51.3","24","9999.9"," 0","999.9"," 0","  6.2","24","  2.7","24","  8.0","999.9","  60.8","*","  50.0","*"," 0.00","G","999.9","010000"
"01023099999","2019-08-21","69.055758","18.540356","76.8","BARDUFOSS, NO","  55.3","24","  48.0","24","9999.9"," 0","999.9"," 0","  6.2","24","  3.9","24"," 11.1","999.9","  66.4"," ","  48.2"," "," 0.04","F","999.9","110000"
"01023099999","2019-08-22","69.055758","18.540356","76.8","BARDUFOSS, NO","  52.0","24","  46.1","24","9999.9"," 0","999.9"," 0","  6.2","24","  3.1","24","  9.9","999.9","  58.5"," ","  44.4","*"," 0.00","F","999.9","010000"
"01023099999","2019-08-23","69.055758","18.540356","76.8","BARDUFOSS, NO","  52.7","24","  45.9","24","9999.9"," 0","999.9"," 0","  6.0","24","  2.5","24"," 12.0","999.9","  64.4","*","  39.7"," "," 0.00","G","999.9","110000"
"01023099999","2019-08-24","69.055758","18.540356","76.8","BARDUFOSS, NO","  46.1","24","  43.4","24","9999.9"," 0","999.9"," 0","  6.1","23","  3.3","24","  5.8","999.9","  50.2"," ","  37.4","*"," 0.08","G","999.9","010000"
"01023099999","2019-08-25","69.055758","18.540356","76.8","BARDUFOSS, NO","  47.6","24","  46.5","24","9999.9"," 0","999.9"," 0","  6.2","24","  1.3","24","  4.1","999.9","  53.6","*","  35.4"," "," 0.05","G","999.9","110000"
"01023099999","2019-08-26","69.055758","18.540356","76.8","BARDUFOSS, NO","  54.2","24","  50.8","24","9999.9"," 0","999.9"," 0","  6.2","24","  2.9","24","  7.8","999.9","  59.4"," ","  50.5"," "," 0.26","G","999.9","010000"
"01023099999","2019-08-27","69.055758","18.540356","76.8","BARDUFOSS, NO","  60.3","24","  52.4","24","9999.9"," 0","999.9"," 0","  6.2","24","  5.8","24"," 13.0"," 19.0","  68.2"," ","  51.6"," "," 0.07","G","999.9","000000"
"01023099999","2019-08-28","69.055758","18.540356","76.8","BARDUFOSS, NO","  60.0","24","  54.7","24","9999.9"," 0","999.9"," 0","  6.3","24","  1.8","24","  5.1","999.9","  74.1"," ","  50.0","*"," 0.00","G","999.9","100000"
"01023099999","2019-08-29","69.055758","18.540356","76.8","BARDUFOSS, NO","  62.4","24","  55.5","24","9999.9"," 0","999.9"," 0","  6.2","24","  2.6","24","  9.7","999.9","  77.9"," ","  47.8"," "," 0.00","H","999.9","010000"
"01023099999","2019-08-30","69.055758","18.540356","76.8","BARDUFOSS, NO","  56.1","24","  52.6","24","9999.9"," 0","999.9"," 0","  5.9","24","  3.0","24"," 11.7","999.9","  66.2","*","  47.8","*"," 0.43","F","999.9","110000"
"01023099999","2019-08-31","69.055758","18.540356","76.8","BARDUFOSS, NO","  54.9","24","  50.6","24","9999.9"," 0","999.9"," 0","  6.2","24","  3.1","24","  8.9","999.9","  64.9"," ","  46.4"," "," 0.03","F","999.9","110000"
"01023099999","2019-09-01","69.055758","18.540356","76.8","BARDUFOSS, NO","  61.3","24","  51.7","24","9999.9"," 0","999.9"," 0","  5.3","24","  5.5","24"," 15.9","999.9","  74.3"," ","  45.7"," "," 0.00","F","999.9","110000"
"01023099999","2019-09-02","69.055758","18.540356","76.8","BARDUFOSS, NO","  52.9","24","  47.1","24","9999.9"," 0","999.9"," 0","  6.2","24","  3.3","24","  8.9","999.9","  59.0"," ","  44.6","*"," 0.31","G","999.9","010000"
"01023099999","2019-09-03","69.055758","18.540356","76.8","BARDUFOSS, NO","  50.1","24","  38.6","24","9999.9"," 0","999.9"," 0","  6.2","24","  4.2","24","  8.9","999.9","  61.5"," ","  35.6","*"," 0.00","G","999.9","100000"
"01023099999","2019-09-04","69.055758","18.540356","76.8","BARDUFOSS, NO","  50.4","24","  40.7","24","9999.9"," 0","999.9"," 0","  6.2","24","  6.3","24"," 14.0"," 24.1","  55.9"," ","  44.2"," "," 0.00","H","999.9","010000"
"01023099999","2019-09-05","69.055758","18.540356","76.8","BARDUFOSS, NO","  46.1","24","  40.5","24","9999.9"," 0","999.9"," 0","  6.2","24","  3.2","24","  9.9","999.9","  53.8"," ","  39.9"," "," 0.00","G","999.9","010000"
"01023099999","2019-09-06","69.055758","18.540356","76.8","BARDUFOSS, NO","  45.1","24","  43.4","24","9999.9"," 0","999.9"," 0","  6.2","24","  4.1","24"," 15.0","999.9","  48.2","*","  42.1"," "," 0.09","G","999.9","110000"
"01023099999","2019-09-07","69.055758","18.540356","76.8","BARDUFOSS, NO","  44.3","24","  39.6","24","9999.9"," 0","999.9"," 0","  6.0","24","  2.8","24","  5.8","999.9","  54.1","*","  30.2","*"," 0.00","G","999.9","110000"
"01023099999","2019-09-08","69.055758","18.540356","76.8","BARDUFOSS, NO","  43.4","24","  36.3","24","9999.9"," 0","999.9"," 0","  4.2","24","  2.5","24","  7.0","999.9","  51.8","*","  28.4","*","99.99"," ","999.9","110000"
"01023099999","2019-09-09","69.055758","18.540356","76.8","BARDUFOSS, NO","  50.6","24","  41.7","24","9999.9"," 0","999.9"," 0","  6.2","24","  2.5","24","  7.8","999.9","  64.4","*","  42.8","*"," 0.00","I","999.9","000000"
"01023099999","2019-09-10","69.055758","18.540356","76.8","BARDUFOSS, NO","  48.8","24","  44.1","24","9999.9"," 0","999.9"," 0","  6.2","24","  1.1","24","  3.9","999.9","  60.8","*","  35.6","*"," 0.00","H","999.9","110000"
"01023099999","2019-09-11","69.055758","18.540356","76.8","BARDUFOSS, NO","  59.6","24","  48.6","24","9999.9"," 0","999.9"," 0","  6.0","24","  4.8","24"," 14.0"," 19.0","  69.8","*","  47.5"," "," 0.00","G","999.9","110000"
"01023099999","2019-09-12","69.055758","18.540356","76.8","BARDUFOSS, NO","  53.4","24","  48.5","24","9999.9"," 0","999.9"," 0","  6.2","24","  3.4","24","  9.9","999.9","  60.8","*","  44.6","*"," 0.02","G","999.9","110000"
"01023099999","2019-09-13","69.055758","18.540356","76.8","BARDUFOSS, NO","  45.2","24","  40.5","24","9999.9"," 0","999.9"," 0","  6.2","24","  3.8","24"," 17.1"," 19.0","  50.4"," ","  40.3","*"," 0.23","G","999.9","110000"
"01023099999","2019-09-14","69.055758","18.540356","76.8","BARDUFOSS, NO","  41.0","24","  37.0","24","9999.9"," 0","999.9"," 0","  5.5","24","  2.7","24","  8.9","999.9","  50.4"," ","  28.4","*"," 0.15","G","999.9","110000"
"01023099999","2019-09-15","69.055758","18.540356","76.8","BARDUFOSS, NO","  43.4","24","  33.9","24","9999.9"," 0","999.9"," 0","  5.7","24","  8.9","24"," 17.5","999.9","  50.2"," ","  26.6","*"," 0.00","G","999.9","100000"
"01023099999","2019-09-16","69.055758","18.540356","76.8","BARDUFOSS, NO","  42.0","24","  32.4","24","9999.9"," 0","999.9"," 0","  6.2","24","  2.2","24","  7.0","999.9","  54.3"," ","  29.8"," "," 0.00","G","999.9","110000"
"01023099999","2019-09-17","69.055758","18.540356","76.8","BARDUFOSS, NO","  42.2","24","  36.7","24","9999.9"," 0","999.9"," 0","  6.2","24","  1.7","24","  6.0","999.9","  51.8"," ","  31.6"," "," 0.00","G","999.9","110000"
"01023099999","2019-09-18","69.055758","18.540356","76.8","BARDUFOSS, NO","  40.1","24","  35.5","24","1010.0"," 4","000.6"," 4"," 10.5","24","  4.0","22"," 15.0"," 19.0","  48.2","*","  32.0","*"," 0.14","F","999.9","110000"
"01023099999","2019-09-19","69.055758","18.540356","76.8","BARDUFOSS, NO","  37.7","24","  34.6","24","9999.9"," 0","999.9"," 0","  6.2","24","  4.2","24"," 12.0","999.9","  44.6","*","  31.5"," "," 0.24","F","999.9","011000"
"01023099999","2019-09-20","69.055758","18.540356","76.8","BARDUFOSS, NO","  39.2","24","  34.4","24","9999.9"," 0","999.9"," 0","  6.2","24","  4.0","24","  8.9","999.9","  46.4"," ","  34.3"," "," 0.08","F","999.9","010000"
"01023099999","2019-09-21","69.055758","18.540356","76.8","BARDUFOSS, NO","  37.2","24","  34.7","24","1011.5"," 6","002.0"," 6","  8.3","24","  4.6","24"," 12.0","999.9","  42.6"," ","  33.8","*"," 0.20","F","999.9","010000"
"01023099999","2019-09-22","69.055758","18.540356","76.8","BARDUFOSS, NO","  37.2","24","  34.1","24","9999.9"," 0","999.9"," 0","  6.2","24","  2.5","24","  8.9","999.9","  45.0"," ","  28.4","*"," 0.08","F","999.9","010000"
"01023099999","2019-09-23","69.055758","18.540356","76.8","BARDUFOSS, NO","  32.5","24","  29.5","24","9999.9"," 0","999.9"," 0","  6.2","24","  0.9","24","  3.9","999.9","  41.4"," ","  23.5"," "," 0.00","G","999.9","100000"
"01023099999","2019-09-24","69.055758","18.540356","76.8","BARDUFOSS, NO","  34.9","24","  27.1","24","9999.9"," 0","999.9"," 0","  6.1","24","  0.6","24","  5.8","999.9","  46.8"," ","  22.6"," "," 0.00","G","999.9","100000"
"01023099999","2019-09-25","69.055758","18.540356","76.8","BARDUFOSS, NO","  43.4","24","  37.7","24","9999.9"," 0","999.9"," 0","  6.2","24","  2.6","24","  7.0","999.9","  48.4"," ","  32.9"," "," 0.01","G","999.9","010000"
"01023099999","2019-09-26","69.055758","18.540356","76.8","BARDUFOSS, NO","  46.4","24","  42.3","24","9999.9"," 0","999.9"," 0","  5.5","24","  2.2","24","  6.0"," 17.1","  53.6"," ","  32.0","*"," 0.00","G","999.9","100000"
"01023099999","2019-09-27","69.055758","18.540356","76.8","BARDUFOSS, NO","  40.5","24","  35.6","24","9999.9"," 0","999.9"," 0","  7.0","23","  1.1","24","  2.9","999.9","  60.3"," ","  29.8"," "," 0.00","G","999.9","100000"
"01023099999","2019-09-28","69.055758","18.540356","76.8","BARDUFOSS, NO","  38.8","24","  35.2","24","9999.9"," 0","999.9"," 0","  5.7","24","  2.2","24","  8.0","999.9","  53.6","*","  26.6","*"," 0.00","G","999.9","110000"
"01023099999","2019-09-29","69.055758","18.540356","76.8","BARDUFOSS, NO","  39.4","24","  34.6","24","9999.9"," 0","999.9"," 0","  6.1","24","  3.6","24","  8.0","999.9","  41.5"," ","  36.7","*"," 0.14","G","999.9","010000"
"01023099999","2019-09-30","69.055758","18.540356","76.8","BARDUFOSS, NO","  38.4","24","  33.1","24","9999.9"," 0","999.9"," 0","  6.2","24","  5.5","24","  9.9","999.9","  41.0","*","  35.6","*"," 0.00","G","999.9","010000"
"01023099999","2019-10-01","69.055758","18.540356","76.8","BARDUFOSS, NO","  42.7","24","  31.6","24","9999.9"," 0","999.9"," 0","  6.2","23"," 11.2","24"," 15.9"," 27.0","  46.4","*","  37.0"," "," 0.06","G","999.9","010000"
"01023099999","2019-10-02","69.055758","18.540356","76.8","BARDUFOSS, NO","  35.5","22","  23.8","22","9999.9"," 0","999.9"," 0","  6.2","20","  7.4","22"," 14.0","999.9","  41.7"," ","  24.8","*"," 0.00","G","999.9","000000"
"01023099999","2019-10-03","69.055758","18.540356","76.8","BARDUFOSS, NO","  33.6","24","  25.4","24","9999.9"," 0","999.9"," 0","  6.2","24","  1.8","24","  7.8","999.9","  41.0","*","  25.3"," "," 0.00","G","999.9","000000"
"01023099999","2019-10-04","69.055758","18.540356","76.8","BARDUFOSS, NO","  33.7","24","  28.7","24","9999.9"," 0","999.9"," 0","  6.2","24","  1.3","24","  3.9","999.9","  41.0","*","  28.4","*"," 0.00","G","999.9","000000"
"01023099999","2019-10-05","69.055758","18.540356","76.8","BARDUFOSS, NO","  38.3","24","  34.7","24","9999.9"," 0","999.9"," 0","  6.2","24","  5.4","24"," 12.0","999.9","  42.8","*","  28.4"," "," 0.01","G","999.9","010000"
"01023099999","2019-10-06","69.055758","18.540356","76.8","BARDUFOSS, NO","  41.1","24","  37.3","24","9999.9"," 0","999.9"," 0","  6.2","24","  7.8","24"," 14.0","999.9","  43.2"," ","  39.0"," "," 0.09","G","999.9","010000"
"01023099999","2019-10-07","69.055758","18.540356","76.8","BARDUFOSS, NO","  37.1","24","  34.5","24","9999.9"," 0","999.9"," 0","  6.2","24","  3.1","24","  8.0","999.9","  45.7"," ","  24.8","*"," 0.34","G","999.9","110000"
"01023099999","2019-10-08","69.055758","18.540356","76.8","BARDUFOSS, NO","  33.5","24","  25.8","24","9999.9"," 0","999.9"," 0","  6.2","24","  5.6","24"," 17.5","999.9","  41.0","*","  23.7"," "," 0.00","G","999.9","000000"
"01023099999","2019-10-09","69.055758","18.540356","76.8","BARDUFOSS, NO","  31.4","24","  25.3","24","9999.9"," 0","999.9"," 0","  6.2","24","  2.2","24","  6.0","999.9","  41.4"," ","  24.4"," "," 0.00","G","999.9","000000"
"01023099999","2019-10-10","69.055758","18.540356","76.8","BARDUFOSS, NO","  27.3","24","  25.0","24","9999.9"," 0","999.9"," 0","  6.2","24","  0.4","24","  1.9","999.9","  38.5"," ","  19.4","*"," 0.00","G","999.9","000000"
"01023099999","2019-10-11","69.055758","18.540356","76.8","BARDUFOSS, NO","  22.4","24","  19.3","24","9999.9"," 0","999.9"," 0","  6.2","24","  0.6","24","  3.9","999.9","  36.1"," ","  15.3"," "," 0.00","G","999.9","010000"
"01023099999","2019-10-12","69.055758","18.540356","76.8","BARDUFOSS, NO","  21.3","24","  17.0","24","9999.9"," 0","999.9"," 0","  6.2","24","  1.5","24","  9.7","999.9","  34.7"," ","  12.0"," "," 0.00","G","999.9","000000"
"01023099999","2019-10-13","69.055758","18.540356","76.8","BARDUFOSS, NO","  24.7","24","  22.0","24","9999.9"," 0","999.9"," 0","  6.2","24","  0.4","24","  2.9","999.9","  34.5"," ","  13.8"," "," 0.00","G","999.9","000000"
"01023099999","2019-10-14","69.055758","18.540356","76.8","BARDUFOSS, NO","  19.3","24","  15.8","24","9999.9"," 0","999.9"," 0","  6.2","24","  0.6","24","  2.9","999.9","  33.1"," ","  10.4","*"," 0.00","G","999.9","000000"
"01023099999","2019-10-15","69.055758","18.540356","76.8","BARDUFOSS, NO","  19.6","24","  16.9","24","9999.9"," 0","999.9"," 0","  6.2","24","  0.6","24","  1.9","999.9","  32.0"," ","   8.4"," "," 0.00","G","999.9","000000"
"01023099999","2019-10-16","69.055758","18.540356","76.8","BARDUFOSS, NO","  19.9","24","  16.8","24","9999.9"," 0","999.9"," 0","  6.2","24","  0.7","24","  1.9","999.9","  32.0","*","  10.4","*"," 0.00","G","999.9","010000"
"01023099999","2019-10-17","69.055758","18.540356","76.8","BARDUFOSS, NO","  18.9","24","  14.4","24","9999.9"," 0","999.9"," 0","  6.2","24","  1.5","24","  5.8","999.9","  30.2","*","   7.7"," "," 0.00","G","999.9","000000"
"01023099999","2019-10-18","69.055758","18.540356","76.8","BARDUFOSS, NO","  27.9","24","  25.1","24","9999.9"," 0","999.9"," 0","  6.3","24","  0.9","24","  2.9","999.9","  32.7"," ","  21.0"," "," 0.00","G","999.9","011000"
"01023099999","2019-10-19","69.055758","18.540356","76.8","BARDUFOSS, NO","  21.0","24","  19.4","24","9999.9"," 0","999.9"," 0","  5.7","24","  0.8","24","  3.9","999.9","  29.5"," ","  10.4","*"," 0.01","G","999.9","100000"
"01023099999","2019-10-20","69.055758","18.540356","76.8","BARDUFOSS, NO","  17.1","24","  13.5","24","9999.9"," 0","999.9"," 0","  6.2","24","  1.9","24","  9.9","999.9","  33.8","*","   4.8"," "," 0.00","G","999.9","000000"
"01023099999","2019-10-21","69.055758","18.540356","76.8","BARDUFOSS, NO","  31.5","24","  29.0","24","9999.9"," 0","999.9"," 0","  5.6","24","  2.6","24","  8.0","999.9","  35.6","*","  22.1"," "," 0.12","E","999.9","111000"
"01023099999","2019-10-22","69.055758","18.540356","76.8","BARDUFOSS, NO","  32.9","24","  29.2","24","9999.9"," 0","999.9"," 0","  5.4","24","  4.4","24"," 15.9","999.9","  37.4","*","  26.8"," "," 0.00","H","  1.6","011000"
"01023099999","2019-10-23","69.055758","18.540356","76.8","BARDUFOSS, NO","  34.3","24","  31.8","24","9999.9"," 0","999.9"," 0","  6.0","24","  3.8","24"," 12.0","999.9","  41.0","*","  28.4","*"," 0.11","F","  2.4","110000"
"01023099999","2019-10-24","69.055758","18.540356","76.8","BARDUFOSS, NO","  30.7","24","  28.8","24","9999.9"," 0","999.9"," 0","  4.5","24","  1.6","24","  4.1","999.9","  34.0","*","  26.6"," "," 0.01","E","  2.0","111000"
"01023099999","2019-10-25","69.055758","18.540356","76.8","BARDUFOSS, NO","  33.3","24","  29.4","24"," 995.6"," 4","986.1"," 4","  8.5","23","  6.3","24"," 15.9","999.9","  36.0","*","  30.9"," "," 0.35","G","  5.1","111000"
"01023099999","2019-10-26","69.055758","18.540356","76.8","BARDUFOSS, NO","  28.5","24","  19.1","24","9999.9"," 0","999.9"," 0","  6.2","24","  7.4","24"," 13.6","999.9","  36.3","*","  11.8","*"," 0.04","G","  4.7","010000"
"01023099999","2019-10-27","69.055758","18.540356","76.8","BARDUFOSS, NO","  13.9","24","  11.2","24","9999.9"," 0","999.9"," 0","  6.2","24","  0.5","24","  1.9","999.9","  23.0","*","   6.8","*"," 0.00","G","  4.7","000000"
"01023099999","2019-10-28","69.055758","18.540356","76.8","BARDUFOSS, NO","  21.0","24","  19.2","24","9999.9"," 0","999.9"," 0","  4.9","24","  2.7","24","  9.9","999.9","  30.2","*","   4.8"," "," 0.04","G","999.9","101000"
"01023099999","2019-10-29","69.055758","18.540356","76.8","BARDUFOSS, NO","  18.7","24","  17.0","24","9999.9"," 0","999.9"," 0","  6.0","24","  1.0","24","  4.1","999.9","  23.2"," ","  11.8"," "," 0.20","G","  8.3","001000"
"01023099999","2019-10-30","69.055758","18.540356","76.8","BARDUFOSS, NO","  15.3","24","  13.0","24","9999.9"," 0","999.9"," 0","  5.2","24","  1.2","24","  6.0","999.9","  23.5","*","   5.5"," "," 0.01","G","  7.9","001000"
"01023099999","2019-10-31","69.055758","18.540356","76.8","BARDUFOSS, NO","  21.8","24","  19.3","24","9999.9"," 0","999.9"," 0","  5.3","24","  1.4","24","  7.0","999.9","  24.8","*","  17.6","*"," 0.12","G","  8.3","011000"
"01023099999","2019-11-01","69.055758","18.540356","76.8","BARDUFOSS, NO","  24.7","24","  23.2","24","9999.9"," 0","999.9"," 0","  5.7","24","  1.9","24","  6.0","999.9","  30.6"," ","  12.4","*"," 0.19","G"," 11.0","001000"
"01023099999","2019-11-02","69.055758","18.540356","76.8","BARDUFOSS, NO","  18.1","24","  15.7","24","9999.9"," 0","999.9"," 0","  5.6","24","  2.8","24","  7.0","999.9","  28.8","*","  11.5"," "," 0.13","G"," 11.8","001000"
"01023099999","2019-11-03","69.055758","18.540356","76.8","BARDUFOSS, NO","  24.7","24","  23.2","24","9999.9"," 0","999.9"," 0","  4.2","24","  2.5","23","  6.0","999.9","  32.0","*","  10.4","*"," 0.20","G"," 13.4","111000"
"01023099999","2019-11-04","69.055758","18.540356","76.8","BARDUFOSS, NO","   8.1","24","   5.1","24","9999.9"," 0","999.9"," 0","  6.3","24","  0.3","23","  3.9","999.9","  19.4","*","  -2.2","*"," 0.19","G"," 13.8","101000"
"01023099999","2019-11-05","69.055758","18.540356","76.8","BARDUFOSS, NO","  20.3","24","  18.0","24","9999.9"," 0","999.9"," 0","  6.0","24","  1.8","24","  6.0","999.9","  28.4"," ","   7.7"," "," 0.19","G"," 16.5","001000"
"01023099999","2019-11-06","69.055758","18.540356","76.8","BARDUFOSS, NO","  12.9","24","  10.6","24","9999.9"," 0","999.9"," 0","  6.2","24","  0.4","24","  1.9","999.9","  24.8","*","  -5.8","*"," 0.00","G"," 15.4","101000"
"01023099999","2019-11-07","69.055758","18.540356","76.8","BARDUFOSS, NO","  -7.0","20"," -10.8","20","9999.9"," 0","999.9"," 0","  6.2","19","  0.4","19","  1.9","999.9","  -2.0","*","  -9.4"," "," 0.00","G"," 14.2","000000"
"01023099999","2019-11-08","69.055758","18.540356","76.8","BARDUFOSS, NO"," -10.2","24"," -14.6","24","9999.9"," 0","999.9"," 0","  6.2","24","  0.5","24","  1.9","999.9","  -5.3"," "," -13.0","*"," 0.00","G"," 13.8","000000"
"01023099999","2019-11-09","69.055758","18.540356","76.8","BARDUFOSS, NO"," -14.1","24"," -18.7","24","9999.9"," 0","999.9"," 0","  6.2","24","  0.2","24","  1.9","999.9","  -9.4","*"," -18.4","*"," 0.00","G"," 13.0","000000"
"01023099999","2019-11-10","69.055758","18.540356","76.8","BARDUFOSS, NO"," -18.6","24"," -23.5","24","9999.9"," 0","999.9"," 0","  6.2","24","  0.0","24","  1.9","999.9"," -14.8","*"," -20.2"," "," 0.00","G"," 12.6","000000"
"01023099999","2019-11-11","69.055758","18.540356","76.8","BARDUFOSS, NO"," -13.5","24"," -18.2","24","9999.9"," 0","999.9"," 0","  6.2","24","  0.5","24","  1.9","999.9","  12.2","*"," -22.0","*"," 0.00","G"," 12.6","000000"
"01023099999","2019-11-12","69.055758","18.540356","76.8","BARDUFOSS, NO","  13.4","24","   7.5","24","9999.9"," 0","999.9"," 0","  6.2","24","  5.1","24"," 17.1","999.9","  32.0","*","  -2.6"," "," 0.00","G"," 12.2","001000"
"01023099999","2019-11-13","69.055758","18.540356","76.8","BARDUFOSS, NO","  23.0","24","  15.4","24","9999.9"," 0","999.9"," 0","  6.2","24","  5.6","24"," 13.6"," 20.0","  32.0","*","   4.3","*"," 0.00","G"," 11.4","000000"
"01023099999","2019-11-14","69.055758","18.540356","76.8","BARDUFOSS, NO","  14.3","24","  12.0","24","9999.9"," 0","999.9"," 0","  6.2","24","  0.8","24","  2.9","999.9","  23.0","*","   3.2"," "," 0.00","G"," 11.0","000000"
"01023099999","2019-11-15","69.055758","18.540356","76.8","BARDUFOSS, NO","  19.2","24","  17.5","24","9999.9"," 0","999.9"," 0","  6.2","24","  0.8","24","  2.9","999.9","  25.0"," ","   6.8","*"," 0.00","G"," 10.6","011000"
"01023099999","2019-11-16","69.055758","18.540356","76.8","BARDUFOSS, NO","   1.0","24","  -2.3","24","9999.9"," 0","999.9"," 0","  6.2","24","  1.0","24","  1.9","999.9","   5.5","*","  -2.9","*"," 0.00","G"," 10.6","000000"
"01023099999","2019-11-17","69.055758","18.540356","76.8","BARDUFOSS, NO","  15.0","24","  12.8","24","9999.9"," 0","999.9"," 0","  6.2","24","  1.1","24","  3.9","999.9","  22.1"," ","  -3.5"," "," 0.00","G"," 10.6","000000"
"01023099999","2019-11-18","69.055758","18.540356","76.8","BARDUFOSS, NO","  12.6","24","  10.2","24","9999.9"," 0","999.9"," 0","  6.2","24","  0.6","24","  2.9","999.9","  19.9"," ","   2.8"," "," 0.00","G"," 10.6","000000"
"01023099999","2019-11-19","69.055758","18.540356","76.8","BARDUFOSS, NO","  31.9","24","  25.6","24","9999.9"," 0","999.9"," 0","  6.2","24","  6.0","24"," 15.9","999.9","  41.0","*","  14.0"," "," 0.00","G"," 10.6","001000"
"01023099999","2019-11-20","69.055758","18.540356","76.8","BARDUFOSS, NO","  33.5","24","  27.5","24","9999.9"," 0","999.9"," 0","  6.2","24","  3.5","24"," 13.6"," 24.1","  41.4","*","  21.2","*"," 0.01","G"," 10.2","000000"
"01023099999","2019-11-21","69.055758","18.540356","76.8","BARDUFOSS, NO","  33.8","24","  24.6","24","9999.9"," 0","999.9"," 0","  6.2","24","  5.7","24"," 13.6"," 24.1","  44.6","*","  19.4","*"," 0.00","G"," 10.2","000000"
"01023099999","2019-11-22","69.055758","18.540356","76.8","BARDUFOSS, NO","  11.8","24","   9.1","24","9999.9"," 0","999.9"," 0","  7.7","24","  1.1","24","  3.9","999.9","  18.0","*","   6.8","*"," 0.00","G","  9.8","000000"
"01023099999","2019-11-23","69.055758","18.540356","76.8","BARDUFOSS, NO","  21.5","24","  20.1","24","9999.9"," 0","999.9"," 0","  6.2","24","  0.2","24","  1.9","999.9","  28.4","*","   5.0","*"," 0.00","G","  9.8","011000"
"01023099999","2019-11-24","69.055758","18.540356","76.8","BARDUFOSS, NO","  25.8","24","  24.8","24","9999.9"," 0","999.9"," 0","  6.1","24","  0.7","24","  4.1","999.9","  30.4","*","  18.9","*"," 0.02","G","  9.8","111000"
"01023099999","2019-11-25","69.055758","18.540356","76.8","BARDUFOSS, NO","  32.2","24","  30.4","24","9999.9"," 0","999.9"," 0","  6.2","24","  2.8","24","  9.9","999.9","  38.7"," ","  26.6"," "," 0.07","G","  9.8","010000"
"01023099999","2019-11-26","69.055758","18.540356","76.8","BARDUFOSS, NO","  28.7","24","  26.9","24","9999.9"," 0","999.9"," 0","  5.2","24","  4.1","24","  9.9","999.9","  35.6","*","  19.4","*"," 0.12","G"," 10.2","011000"
"01023099999","2019-11-27","69.055758","18.540356","76.8","BARDUFOSS, NO","  15.9","24","  14.0","24","9999.9"," 0","999.9"," 0","  6.2","24","  0.7","24","  3.9","999.9","  23.9","*","   1.4","*"," 0.07","G"," 11.8","001000"
"01023099999","2019-11-28","69.055758","18.540356","76.8","BARDUFOSS, NO","  -3.0","24","  -6.9","24","9999.9"," 0","999.9"," 0","  6.2","24","  1.1","24","  2.9","999.9","   4.6"," "," -11.2","*"," 0.00","G"," 11.8","001000"
"01023099999","2019-11-29","69.055758","18.540356","76.8","BARDUFOSS, NO","  -0.4","24","  -3.8","24","9999.9"," 0","999.9"," 0","  5.0","23","  1.9","24"," 15.5","999.9","  27.0","*"," -15.9"," "," 0.00","G"," 11.4","001000"
"01023099999","2019-11-30","69.055758","18.540356","76.8","BARDUFOSS, NO","  23.0","24","  20.2","24","9999.9"," 0","999.9"," 0","  2.7","24"," 11.1","24"," 21.4"," 32.1","  25.2","*","   7.9"," "," 0.46","G"," 19.3","001000"
"01023099999","2019-12-01","69.055758","18.540356","76.8","BARDUFOSS, NO","  29.6","24","  27.9","24","9999.9"," 0","999.9"," 0","  1.4","24"," 17.3","24"," 29.1"," 40.0","  32.0","*","  21.6"," "," 0.43","G","999.9","001000"
"01023099999","2019-12-02","69.055758","18.540356","76.8","BARDUFOSS, NO","  30.1","24","  28.0","24","9999.9"," 0","999.9"," 0","  2.8","24"," 13.5","24"," 22.0"," 27.0","  32.0","*","  28.4","*"," 0.00","G","999.9","001000"
"01023099999","2019-12-03","69.055758","18.540356","76.8","BARDUFOSS, NO","  28.3","24","  26.8","24","9999.9"," 0","999.9"," 0","  5.4","24","  3.8","24","  7.8","999.9","  32.0","*","  24.4"," "," 0.08","E","999.9","011000"
"01023099999","2019-12-04","69.055758","18.540356","76.8","BARDUFOSS, NO","  40.3","24","  36.5","24","9999.9"," 0","999.9"," 0","  6.2","24","  6.6","24"," 11.7"," 15.9","  44.6","*","  29.5"," "," 0.24","E"," 26.0","010000"
"01023099999","2019-12-05","69.055758","18.540356","76.8","BARDUFOSS, NO","  34.3","24","  29.8","24","9999.9"," 0","999.9"," 0","  6.1","24","  3.8","24"," 14.0"," 28.0","  42.8","*","  26.4","*"," 0.04","F"," 16.9","011000"
"01023099999","2019-12-06","69.055758","18.540356","76.8","BARDUFOSS, NO","  18.6","24","  16.9","24","9999.9"," 0","999.9"," 0","  6.2","24","  0.8","24","  6.0","999.9","  29.7","*","   8.6","*"," 0.00","E"," 16.9","100000"
"01023099999","2019-12-07","69.055758","18.540356","76.8","BARDUFOSS, NO","  20.6","24","  18.0","24","9999.9"," 0","999.9"," 0","  4.9","24","  1.7","24","  6.0","999.9","  27.1","*","  12.9"," "," 0.00","G"," 16.5","001000"
"01023099999","2019-12-08","69.055758","18.540356","76.8","BARDUFOSS, NO","   6.7","24","   4.0","24","9999.9"," 0","999.9"," 0","  6.2","24","  0.2","24","  1.9","999.9","  21.2","*","  -8.5","*"," 0.17","G"," 18.1","101000"
"01023099999","2019-12-09","69.055758","18.540356","76.8","BARDUFOSS, NO","  -5.0","24","  -8.8","24","9999.9"," 0","999.9"," 0","  5.8","24","  0.2","24","  1.9","999.9","   8.6","*"," -13.2","*"," 0.00","G"," 18.1","001000"
"01023099999","2019-12-10","69.055758","18.540356","76.8","BARDUFOSS, NO","   8.3","24","   5.8","24","9999.9"," 0","999.9"," 0","  5.4","24","  0.5","24","  3.9","999.9","  21.2"," ","  -6.0","*"," 0.14","G"," 20.9","001000"
"01023099999","2019-12-11","69.055758","18.540356","76.8","BARDUFOSS, NO","  23.4","24","  19.5","24","9999.9"," 0","999.9"," 0","  5.8","24","  4.0","24"," 21.0"," 32.1","  32.0","*","  -4.0","*"," 0.22","G"," 22.0","011000"
"01023099999","2019-12-12","69.055758","18.540356","76.8","BARDUFOSS, NO","  14.2","24","  11.5","24","9999.9"," 0","999.9"," 0","  6.2","24","  2.1","24","  7.8","999.9","  32.0","*","   3.0","*"," 0.00","G"," 19.3","000000"
"01023099999","2019-12-13","69.055758","18.540356","76.8","BARDUFOSS, NO","   2.6","24","  -0.8","24","9999.9"," 0","999.9"," 0","  6.2","24","  0.7","24","  2.9","999.9","  13.1","*","  -5.8","*"," 0.00","G"," 19.3","000000"
"01023099999","2019-12-14","69.055758","18.540356","76.8","BARDUFOSS, NO","  -1.6","24","  -5.3","24","9999.9"," 0","999.9"," 0","  6.2","24","  0.4","24","  1.9","999.9","   8.6","*","  -6.5"," "," 0.00","G"," 18.9","000000"
"01023099999","2019-12-15","69.055758","18.540356","76.8","BARDUFOSS, NO","  28.9","24","  22.2","24","9999.9"," 0","999.9"," 0","  6.2","22","  4.5","24"," 14.0","999.9","  35.6"," ","   0.3"," "," 0.00","G"," 18.9","001000"
"01023099999","2019-12-16","69.055758","18.540356","76.8","BARDUFOSS, NO","  14.9","24","  12.7","24","9999.9"," 0","999.9"," 0","  5.7","24","  0.9","24","  2.9","999.9","  21.2","*","   8.2","*"," 0.00","G"," 18.9","001000"
"01023099999","2019-12-17","69.055758","18.540356","76.8","BARDUFOSS, NO","  18.0","24","  16.2","24","9999.9"," 0","999.9"," 0","  3.9","24","  0.1","24","  1.9","999.9","  23.5","*","   8.4","*"," 0.04","G"," 18.9","101000"
"01023099999","2019-12-18","69.055758","18.540356","76.8","BARDUFOSS, NO","  24.6","24","  22.9","24","9999.9"," 0","999.9"," 0","  4.5","24","  0.5","24","  6.0","999.9","  32.0","*","  21.2","*"," 0.00","G","999.9","011000"
"01023099999","2019-12-19","69.055758","18.540356","76.8","BARDUFOSS, NO","  17.9","24","  15.1","24","9999.9"," 0","999.9"," 0","  6.2","24","  1.9","24","  7.8","999.9","  32.0","*","   5.0","*"," 0.06","G"," 29.1","011000"
"01023099999","2019-12-20","69.055758","18.540356","76.8","BARDUFOSS, NO","  14.1","24","  11.9","24","9999.9"," 0","999.9"," 0","  6.2","24","  0.8","24","  2.9","999.9","  21.2","*","  -7.6","*"," 0.00","G"," 28.7","001000"
"01023099999","2019-12-21","69.055758","18.540356","76.8","BARDUFOSS, NO","   5.3","24","  -1.0","24","9999.9"," 0","999.9"," 0","  6.2","24","  3.4","24"," 13.6","999.9","  32.0","*"," -15.7"," "," 0.01","G"," 28.0","000000"
"01023099999","2019-12-22","69.055758","18.540356","76.8","BARDUFOSS, NO","  30.2","24","  23.0","24","9999.9"," 0","999.9"," 0","  6.2","24","  3.8","24","  8.9","999.9","  33.8","*","  26.4","*"," 0.00","G"," 26.8","011000"
"01023099999","2019-12-23","69.055758","18.540356","76.8","BARDUFOSS, NO","  24.3","24","  22.3","24","9999.9"," 0","999.9"," 0","  6.0","24","  1.6","24","  4.1","999.9","  30.6","*","  16.2"," "," 0.00","G"," 26.0","001000"
"01023099999","2019-12-24","69.055758","18.540356","76.8","BARDUFOSS, NO","  24.0","24","  22.6","24","9999.9"," 0","999.9"," 0","  6.1","24","  0.6","24","  3.9","999.9","  26.6","*","  17.6","*"," 0.04","G"," 25.6","001000"
"01023099999","2019-12-25","69.055758","18.540356","76.8","BARDUFOSS, NO","  25.3","24","  24.6","24","9999.9"," 0","999.9"," 0","  4.3","24","  0.3","24","  2.9","999.9","  27.1","*","  17.6","*"," 0.00","G"," 25.2","101000"
"01023099999","2019-12-26","69.055758","18.540356","76.8","BARDUFOSS, NO","  -2.1","24","  -5.8","24","9999.9"," 0","999.9"," 0","  5.9","24","  0.3","24","  1.9","999.9","  18.1","*"," -12.3","*"," 0.00","G"," 24.8","100000"
"01023099999","2019-12-27","69.055758","18.540356","76.8","BARDUFOSS, NO","   5.3","24","   2.1","24","9999.9"," 0","999.9"," 0","  6.2","24","  0.4","24","  1.9","999.9","  16.3"," "," -12.6"," "," 0.00","G"," 24.8","000000"
"01023099999","2019-12-28","69.055758","18.540356","76.8","BARDUFOSS, NO","  30.4","24","  23.8","24","9999.9"," 0","999.9"," 0","  6.0","24","  4.3","24","  9.9"," 21.0","  44.6","*","   7.5"," "," 0.00","G"," 24.4","011000"
"01023099999","2019-12-29","69.055758","18.540356","76.8","BARDUFOSS, NO","  37.3","24","  33.6","24","9999.9"," 0","999.9"," 0","  6.2","24","  3.4","24","  9.9","999.9","  44.1","*","  31.8","*"," 0.13","G"," 20.5","010000"
"01023099999","2019-12-30","69.055758","18.540356","76.8","BARDUFOSS, NO","  30.9","24","  30.0","24","9999.9"," 0","999.9"," 0","  4.1","24","  2.3","24","  5.8","999.9","  34.2","*","  26.6","*"," 0.00","G","999.9","011000"
"01023099999","2019-12-31","69.055758","18.540356","76.8","BARDUFOSS, NO","  27.0","24","  24.2","24","9999.9"," 0","999.9"," 0","  4.5","24","  6.7","24"," 19.0"," 20.0","  31.1"," ","  17.6"," "," 0.31","G"," 22.8","001000"
"01023099999","2020-01-01","69.055758","18.540356","76.8","BARDUFOSS, NO","  27.2","24","  25.5","24","9999.9"," 0","999.9"," 0","  4.8","24","  2.4","24"," 12.0"," 24.1","  41.0","*","  19.4","*","99.99"," "," 25.6","011000"
"01023099999","2020-01-02","69.055758","18.540356","76.8","BARDUFOSS, NO","  38.7","24","  33.8","24","9999.9"," 0","999.9"," 0","  6.2","24","  7.1","24"," 15.9"," 28.0","  46.2"," ","  29.8"," ","99.99"," "," 24.0","010000"
"01023099999","2020-01-03","69.055758","18.540356","76.8","BARDUFOSS, NO","  31.6","24","  28.1","24","9999.9"," 0","999.9"," 0","  5.5","24","  5.5","24"," 11.7","999.9","  37.4","*","  23.0","*"," 0.31","F"," 20.9","011000"
"01023099999","2020-01-04","69.055758","18.540356","76.8","BARDUFOSS, NO","  25.1","24","  22.1","24","9999.9"," 0","999.9"," 0","  4.1","23"," 10.9","24"," 24.1"," 34.0","  30.6","*","  21.7","*"," 0.28","F"," 23.2","001000"
"01023099999","2020-01-05","69.055758","18.540356","76.8","BARDUFOSS, NO","  21.5","24","  17.0","24","9999.9"," 0","999.9"," 0","  5.9","24","  4.1","24","  9.7","999.9","  26.6"," ","  12.0"," "," 0.08","F"," 25.6","001000"
"01023099999","2020-01-06","69.055758","18.540356","76.8","BARDUFOSS, NO","  25.7","24","  23.6","24","9999.9"," 0","999.9"," 0","  6.0","24","  2.5","24","  8.0","999.9","  35.6","*","  17.4"," "," 0.02","G"," 24.8","011000"
"01023099999","2020-01-07","69.055758","18.540356","76.8","BARDUFOSS, NO","  36.4","24","  30.7","24","9999.9"," 0","999.9"," 0","  6.2","24","  3.5","24","  9.7","999.9","  41.9","*","  30.2","*"," 0.00","G","999.9","010000"
"01023099999","2020-01-08","69.055758","18.540356","76.8","BARDUFOSS, NO","  37.5","24","  28.9","24","9999.9"," 0","999.9"," 0","  6.1","24","  6.8","24"," 13.6"," 20.0","  41.2","*","  32.9","*"," 0.02","G"," 22.4","011000"
"01023099999","2020-01-09","69.055758","18.540356","76.8","BARDUFOSS, NO","  34.6","24","  27.3","24","9999.9"," 0","999.9"," 0","  4.4","24"," 14.4","24"," 31.1"," 44.1","  37.4","*","  30.2","*"," 0.00","G","999.9","011000"
"01023099999","2020-01-10","69.055758","18.540356","76.8","BARDUFOSS, NO","  34.3","24","  28.1","24","9999.9"," 0","999.9"," 0","  6.2","24","  6.3","24"," 12.0"," 20.0","  37.4","*","  29.7"," "," 0.28","G"," 22.0","011000"
"01023099999","2020-01-11","69.055758","18.540356","76.8","BARDUFOSS, NO","  31.4","24","  26.8","24"," 985.1"," 4","975.8"," 4","  7.5","21","  4.4","24","  8.0","999.9","  36.0"," ","  26.6","*"," 0.05","G"," 22.4","001000"
"01023099999","2020-01-12","69.055758","18.540356","76.8","BARDUFOSS, NO","  32.7","24","  26.9","24","9999.9"," 0","999.9"," 0","  6.1","24","  5.4","24"," 13.0"," 22.0","  39.2","*","  25.3"," "," 0.07","G"," 22.8","011000"
"01023099999","2020-01-13","69.055758","18.540356","76.8","BARDUFOSS, NO","  33.1","23","  25.0","23","9999.9"," 0","999.9"," 0","  5.8","22","  5.8","23"," 13.6"," 15.9","  37.4","*","  26.6"," "," 0.01","G"," 22.8","011000"
"01023099999","2020-01-14","69.055758","18.540356","76.8","BARDUFOSS, NO","  28.4","24","  22.0","24","9999.9"," 0","999.9"," 0","  6.1","24","  6.8","24"," 21.0"," 33.0","  36.0","*","  17.6","*"," 0.00","G"," 22.8","011000"
"01023099999","2020-01-15","69.055758","18.540356","76.8","BARDUFOSS, NO","  20.1","24","  17.7","24","9999.9"," 0","999.9"," 0","  5.2","24","  1.8","24","  7.8","999.9","  25.0","*","  13.5","*"," 0.00","E"," 22.4","001000"
"01023099999","2020-01-16","69.055758","18.540356","76.8","BARDUFOSS, NO","  20.6","24","  19.2","24","9999.9"," 0","999.9"," 0","  5.7","24","  0.8","24","  3.9","999.9","  26.6","*","  15.8","*"," 0.12","F"," 25.6","011000"
"01023099999","2020-01-17","69.055758","18.540356","76.8","BARDUFOSS, NO","   9.5","24","   6.0","24","9999.9"," 0","999.9"," 0","  6.2","24","  1.0","24","  5.8","999.9","  21.2","*","  -4.0","*"," 0.01","G"," 25.2","000000"
"01023099999","2020-01-18","69.055758","18.540356","76.8","BARDUFOSS, NO","  12.5","24","   8.0","24","9999.9"," 0","999.9"," 0","  6.2","24","  2.9","24","  8.9","999.9","  26.8"," ","   0.7"," "," 0.00","G"," 24.8","000000"
"01023099999","2020-01-19","69.055758","18.540356","76.8","BARDUFOSS, NO","  14.4","24","  10.4","24","9999.9"," 0","999.9"," 0","  6.0","24","  2.3","24","  9.7","999.9","  33.8","*","   2.7"," "," 0.00","G"," 24.8","011000"
"01023099999","2020-01-20","69.055758","18.540356","76.8","BARDUFOSS, NO","  35.4","24","  31.9","24","9999.9"," 0","999.9"," 0","  5.6","24","  6.6","24"," 17.1"," 29.9","  42.8","*","  21.2"," "," 0.19","G"," 28.0","011000"
"01023099999","2020-01-21","69.055758","18.540356","76.8","BARDUFOSS, NO","  30.9","24","  26.7","24","9999.9"," 0","999.9"," 0","  4.6","24","  8.9","24"," 18.1"," 34.0","  35.6","*","  25.7","*"," 0.00","G","999.9","011000"
"01023099999","2020-01-22","69.055758","18.540356","76.8","BARDUFOSS, NO","  27.6","24","  25.3","24","9999.9"," 0","999.9"," 0","  4.5","24","  7.3","24"," 17.1","999.9","  30.6","*","  17.6","*"," 0.31","E","999.9","001000"
"01023099999","2020-01-23","69.055758","18.540356","76.8","BARDUFOSS, NO","  26.0","24","  24.1","24","9999.9"," 0","999.9"," 0","  4.5","24","  3.7","24"," 12.0","999.9","  32.0","*","  14.9"," "," 0.00","H"," 34.3","001000"
"01023099999","2020-01-24","69.055758","18.540356","76.8","BARDUFOSS, NO","  19.3","24","  16.2","24","9999.9"," 0","999.9"," 0","  6.0","24","  3.0","24"," 11.7","999.9","  32.0","*","   3.2","*"," 0.54","G"," 38.2","011000"
"01023099999","2020-01-25","69.055758","18.540356","76.8","BARDUFOSS, NO","  14.9","24","  12.2","24","9999.9"," 0","999.9"," 0","  5.5","24","  1.6","24","  7.0","999.9","  21.7"," ","   3.2","*"," 0.00","G","999.9","001000"
"01023099999","2020-01-26","69.055758","18.540356","76.8","BARDUFOSS, NO"," -12.5","24"," -16.6","24","9999.9"," 0","999.9"," 0","  6.2","24","  1.2","24","  3.9","999.9","   3.0","*"," -18.6","*"," 0.09","G"," 35.8","000000"
"01023099999","2020-01-27","69.055758","18.540356","76.8","BARDUFOSS, NO","  10.1","24","   2.8","24","9999.9"," 0","999.9"," 0","  6.2","24","  3.7","24","  9.9"," 14.0","  17.6","*"," -19.3"," "," 0.00","G"," 34.6","000000"
"01023099999","2020-01-28","69.055758","18.540356","76.8","BARDUFOSS, NO","  17.8","24","   6.4","24","9999.9"," 0","999.9"," 0","  6.2","24","  7.8","24"," 13.0"," 22.9","  19.9"," ","   7.3"," "," 0.00","G"," 33.9","000000"
"01023099999","2020-01-29","69.055758","18.540356","76.8","BARDUFOSS, NO","   8.2","24","   0.5","24","9999.9"," 0","999.9"," 0","  6.2","24","  4.5","24"," 12.0","999.9","  18.7","*","  -4.7","*"," 0.00","G"," 33.1","000000"
"01023099999","2020-01-30","69.055758","18.540356","76.8","BARDUFOSS, NO","  19.7","24","   9.9","24","9999.9"," 0","999.9"," 0","  6.2","24","  8.3","24"," 17.5","999.9","  26.6","*","  -5.4"," "," 0.00","G"," 32.7","000000"
"01023099999","2020-01-31","69.055758","18.540356","76.8","BARDUFOSS, NO","  24.4","24","  11.6","24","9999.9"," 0","999.9"," 0","  6.2","24"," 10.8","24"," 20.0"," 26.0","  28.4","*","  22.5","*"," 0.00","G"," 28.7","000000"
"01023099999","2020-02-01","69.055758","18.540356","76.8","BARDUFOSS, NO","  26.3","24","  14.3","24","9999.9"," 0","999.9"," 0","  6.2","24"," 10.1","24"," 18.1"," 25.1","  30.2","*","  21.2","*"," 0.00","G"," 26.4","001000"
"01023099999","2020-02-02","69.055758","18.540356","76.8","BARDUFOSS, NO","  22.4","24","  17.3","24","9999.9"," 0","999.9"," 0","  5.3","24","  4.9","24"," 17.5","999.9","  32.2"," ","  15.1"," "," 0.00","G"," 26.0","001000"
"01023099999","2020-02-03","69.055758","18.540356","76.8","BARDUFOSS, NO","  19.3","24","  15.9","24","9999.9"," 0","999.9"," 0","  4.9","24","  5.1","24"," 14.0","999.9","  27.0","*","   8.6","*"," 0.04","E","999.9","001000"
"01023099999","2020-02-04","69.055758","18.540356","76.8","BARDUFOSS, NO","  17.2","24","  13.7","24","9999.9"," 0","999.9"," 0","  5.3","23","  4.4","24"," 24.1"," 34.0","  26.1"," ","   6.1"," "," 0.17","G"," 33.9","001000"
"01023099999","2020-02-05","69.055758","18.540356","76.8","BARDUFOSS, NO","  21.7","24","  18.7","24","9999.9"," 0","999.9"," 0","  2.5","23"," 10.8","23"," 19.0"," 35.9","  24.8","*","  19.4","*"," 0.00","G","999.9","001000"
"01023099999","2020-02-06","69.055758","18.540356","76.8","BARDUFOSS, NO","  21.3","24","  19.4","24","9999.9"," 0","999.9"," 0","  5.3","24","  3.5","18"," 15.0","999.9","  25.0"," ","  10.4","*","99.99"," ","999.9","001000"
"01023099999","2020-02-07","69.055758","18.540356","76.8","BARDUFOSS, NO","  29.8","24","  28.0","24","9999.9"," 0","999.9"," 0","  5.7","24","  4.0","24","  9.9","999.9","  39.2","*","  15.1"," "," 0.10","F","999.9","011000"
"01023099999","2020-02-08","69.055758","18.540356","76.8","BARDUFOSS, NO","  37.2","24","  31.3","24","9999.9"," 0","999.9"," 0","  6.2","24","  4.2","24","  9.9"," 15.0","  43.7","*","  23.5","*"," 0.00","F"," 35.4","000000"
"01023099999","2020-02-09","69.055758","18.540356","76.8","BARDUFOSS, NO","  26.7","24","  23.6","24","9999.9"," 0","999.9"," 0","  6.2","24","  2.8","24","  9.7","999.9","  32.5"," ","  21.2","*"," 0.00","G"," 33.1","111000"
"01023099999","2020-02-10","69.055758","18.540356","76.8","BARDUFOSS, NO","  25.7","24","  23.7","24","9999.9"," 0","999.9"," 0","  4.7","24","  0.7","24","  4.1","999.9","  29.1","*","  17.6","*"," 0.00","G"," 33.1","011000"
"01023099999","2020-02-11","69.055758","18.540356","76.8","BARDUFOSS, NO","  33.3","24","  31.2","24","9999.9"," 0","999.9"," 0","  6.1","24","  3.4","24","  7.0","999.9","  37.4","*","  26.2"," "," 0.18","G"," 35.0","011000"
"01023099999","2020-02-12","69.055758","18.540356","76.8","BARDUFOSS, NO","  28.7","24","  27.4","24","9999.9"," 0","999.9"," 0","  5.6","24","  1.4","24","  5.8","999.9","  32.0","*","  23.0","*"," 0.00","G"," 35.0","111000"
"01023099999","2020-02-13","69.055758","18.540356","76.8","BARDUFOSS, NO","  18.4","24","  16.3","24","9999.9"," 0","999.9"," 0","  6.0","24","  2.0","24","  7.0","999.9","  28.4","*","   9.9","*"," 0.05","G"," 35.8","001000"
"01023099999","2020-02-14","69.055758","18.540356","76.8","BARDUFOSS, NO","  17.3","24","  14.8","24","9999.9"," 0","999.9"," 0","  5.7","24","  3.5","24","  9.9","999.9","  30.2","*","   5.0","*"," 0.00","G"," 35.4","001000"
"01023099999","2020-02-15","69.055758","18.540356","76.8","BARDUFOSS, NO","   3.4","24","   0.3","24","9999.9"," 0","999.9"," 0","  6.2","24","  1.1","24","  4.1","999.9","  17.6","*","  -7.6","*"," 0.21","G"," 37.0","000000"
"01023099999","2020-02-16","69.055758","18.540356","76.8","BARDUFOSS, NO","  15.0","24","   9.6","24","9999.9"," 0","999.9"," 0","  5.1","24","  6.3","24"," 21.4"," 31.1","  32.0","*"," -10.1"," "," 0.00","G"," 36.6","001000"
"01023099999","2020-02-17","69.055758","18.540356","76.8","BARDUFOSS, NO","  30.8","24","  27.4","24","9999.9"," 0","999.9"," 0","  6.6","24","  3.0","24","  8.9","999.9","  39.4"," ","  23.9"," "," 0.22","G"," 36.2","011000"
"01023099999","2020-02-18","69.055758","18.540356","76.8","BARDUFOSS, NO","  25.5","24","  22.0","24","9999.9"," 0","999.9"," 0","  5.7","24","  3.3","24","  8.9","999.9","  32.0","*","   9.9","*"," 0.00","G"," 35.4","101000"
"01023099999","2020-02-19","69.055758","18.540356","76.8","BARDUFOSS, NO","  12.8","24","   8.9","24","9999.9"," 0","999.9"," 0","  6.0","24","  1.7","24","  6.0","999.9","  21.2","*","   3.2","*"," 0.07","G"," 37.0","001000"
"01023099999","2020-02-20","69.055758","18.540356","76.8","BARDUFOSS, NO","   8.7","24","   2.6","24","9999.9"," 0","999.9"," 0","  6.2","24","  2.6","24","  8.9","999.9","  28.4","*","  -9.4","*"," 0.00","G"," 36.2","000000"
"01023099999","2020-02-21","69.055758","18.540356","76.8","BARDUFOSS, NO","  31.6","24","  22.6","24","9999.9"," 0","999.9"," 0","  6.1","24","  3.5","24"," 11.7"," 26.0","  39.7","*","  15.6"," "," 0.01","G"," 35.8","001000"
"01023099999","2020-02-22","69.055758","18.540356","76.8","BARDUFOSS, NO","  38.9","24","  25.3","24","9999.9"," 0","999.9"," 0","  6.2","24","  6.8","24"," 14.0"," 24.1","  41.9"," ","  32.0","*"," 0.00","G"," 35.4","010000"
"01023099999","2020-02-23","69.055758","18.540356","76.8","BARDUFOSS, NO","  34.1","24","  29.7","24","9999.9"," 0","999.9"," 0","  5.3","24","  8.9","24"," 21.4"," 27.0","  38.7"," ","  24.8"," "," 0.01","G"," 34.6","011000"
"01023099999","2020-02-24","69.055758","18.540356","76.8","BARDUFOSS, NO","  24.2","24","  22.3","24","9999.9"," 0","999.9"," 0","  4.7","24","  8.1","24"," 22.0","999.9","  32.2","*","   5.0","*"," 0.50","G"," 38.6","011000"
"01023099999","2020-02-25","69.055758","18.540356","76.8","BARDUFOSS, NO","  10.4","24","   7.6","24","9999.9"," 0","999.9"," 0","  5.7","24","  0.9","24","  5.1","999.9","  19.4","*","   1.4","*"," 0.00","G"," 39.8","001000"
"01023099999","2020-02-26","69.055758","18.540356","76.8","BARDUFOSS, NO","  22.5","24","  19.8","24","9999.9"," 0","999.9"," 0","  4.8","24","  4.6","24"," 15.0","999.9","  33.8","*","   3.6"," "," 0.10","G"," 40.6","011000"
"01023099999","2020-02-27","69.055758","18.540356","76.8","BARDUFOSS, NO","  15.5","24","  11.4","24","9999.9"," 0","999.9"," 0","  6.2","23","  2.3","24","  9.7","999.9","  30.9"," ","  -0.4","*"," 0.15","G"," 42.1","000000"
"01023099999","2020-02-28","69.055758","18.540356","76.8","BARDUFOSS, NO","  15.5","24","  10.1","24","9999.9"," 0","999.9"," 0","  6.2","22","  2.6","24","  8.0","999.9","  25.0"," ","  -2.0"," "," 0.00","G"," 40.9","001000"
"01023099999","2020-02-29","69.055758","18.540356","76.8","BARDUFOSS, NO","  20.5","24","  17.6","24","9999.9"," 0","999.9"," 0","  3.4","24","  3.8","24","  8.9","999.9","  25.2"," ","  15.8","*"," 0.24","E","999.9","001000"
"01023099999","2020-03-01","69.055758","18.540356","76.8","BARDUFOSS, NO","   6.1","24","   2.5","24","9999.9"," 0","999.9"," 0","  6.2","24","  1.9","24","  9.9","999.9","  22.1","*","  -9.6","*"," 0.02","F"," 43.3","001000"
"01023099999","2020-03-02","69.055758","18.540356","76.8","BARDUFOSS, NO","   8.5","24","   5.2","24","9999.9"," 0","999.9"," 0","  5.7","24","  2.0","24","  7.8","999.9","  21.7"," "," -10.8"," "," 0.02","G"," 42.9","001000"
"01023099999","2020-03-03","69.055758","18.540356","76.8","BARDUFOSS, NO","   9.2","24","   5.8","24","9999.9"," 0","999.9"," 0","  6.2","24","  1.6","24","  4.1","999.9","  22.3"," ","  -5.8","*"," 0.04","G"," 42.9","001000"
"01023099999","2020-03-04","69.055758","18.540356","76.8","BARDUFOSS, NO","  16.9","24","   6.4","24","9999.9"," 0","999.9"," 0","  7.8","24","  6.1","24"," 15.0","999.9","  29.1"," ","  -6.3"," "," 0.00","G"," 42.1","000000"
"01023099999","2020-03-05","69.055758","18.540356","76.8","BARDUFOSS, NO","  22.2","24","  14.0","24","9999.9"," 0","999.9"," 0","  5.8","22","  6.1","24"," 13.6","999.9","  26.6","*","  16.5"," "," 0.00","G"," 40.9","001000"
"01023099999","2020-03-06","69.055758","18.540356","76.8","BARDUFOSS, NO","  26.1","24","  21.3","24"," 993.2"," 5","983.5"," 5","  6.2","20","  3.5","23","  9.7","999.9","  36.7"," ","  14.0","*"," 0.09","G"," 41.7","011000"
"01023099999","2020-03-07","69.055758","18.540356","76.8","BARDUFOSS, NO","  33.8","24","  27.3","24","9999.9"," 0","999.9"," 0","  5.8","24","  4.9","24","  9.9","999.9","  39.2","*","  19.4","*"," 0.06","G"," 41.3","011000"
"01023099999","2020-03-08","69.055758","18.540356","76.8","BARDUFOSS, NO","  20.2","24","  14.5","24","9999.9"," 0","999.9"," 0","  5.9","23","  2.2","24","  7.8","999.9","  32.4"," ","   3.2"," "," 0.02","G"," 40.9","001000"
"01023099999","2020-03-09","69.055758","18.540356","76.8","BARDUFOSS, NO","  34.6","24","  30.9","24","9999.9"," 0","999.9"," 0","  5.4","24","  2.4","24"," 14.0","999.9","  42.6"," ","  20.1"," "," 0.17","G"," 42.5","111000"
"01023099999","2020-03-10","69.055758","18.540356","76.8","BARDUFOSS, NO","  29.1","24","  20.6","24","9999.9"," 0","999.9"," 0","  5.7","24","  9.0","24"," 18.1","999.9","  39.2","*","  23.0","*"," 0.28","G"," 40.9","011000"
"01023099999","2020-03-11","69.055758","18.540356","76.8","BARDUFOSS, NO","  24.7","24","  14.9","24","9999.9"," 0","999.9"," 0","  6.7","24","  6.9","24"," 13.6","999.9","  29.3"," ","  21.2","*"," 0.00","G"," 40.6","001000"
"01023099999","2020-03-12","69.055758","18.540356","76.8","BARDUFOSS, NO","  24.6","24","  21.0","24","9999.9"," 0","999.9"," 0","  4.7","24","  3.7","24"," 12.0","999.9","  30.7"," ","  20.7"," "," 0.10","G"," 41.3","001000"
"01023099999","2020-03-13","69.055758","18.540356","76.8","BARDUFOSS, NO","  19.9","24","  14.4","24"," 990.1"," 4","980.4"," 4","  8.3","22","  9.3","24"," 15.9","999.9","  21.9","*","  11.8"," "," 0.09","G"," 42.1","001000"
"01023099999","2020-03-14","69.055758","18.540356","76.8","BARDUFOSS, NO","  22.6","24","  16.8","24","1006.2"," 7","996.4"," 7"," 13.4","23","  6.9","22"," 17.1"," 24.1","  33.8","*","  12.4"," "," 0.34","G"," 46.5","001000"
"01023099999","2020-03-15","69.055758","18.540356","76.8","BARDUFOSS, NO","  28.0","24","  23.3","24","9999.9"," 0","999.9"," 0","  4.7","24","  4.9","24"," 22.9"," 38.1","  35.6","*","  15.8","*"," 0.19","G"," 41.7","011100"
"01023099999","2020-03-16","69.055758","18.540356","76.8","BARDUFOSS, NO","  26.5","24","  21.0","24","9999.9"," 0","999.9"," 0","  4.3","24"," 10.7","24"," 31.1"," 48.0","  30.2","*","  13.3"," "," 0.28","G"," 46.1","001000"
"01023099999","2020-03-17","69.055758","18.540356","76.8","BARDUFOSS, NO","  29.2","24","  24.7","24","9999.9"," 0","999.9"," 0","  5.8","24","  3.7","24"," 11.1","999.9","  37.4","*","  19.4","*"," 0.13","G","999.9","011000"
"01023099999","2020-03-18","69.055758","18.540356","76.8","BARDUFOSS, NO","  35.5","24","  28.3","24","9999.9"," 0","999.9"," 0","  5.6","23","  7.1","24"," 11.7","999.9","  39.7","*","  28.4","*"," 0.10","G"," 44.5","011000"
"01023099999","2020-03-19","69.055758","18.540356","76.8","BARDUFOSS, NO","  22.4","24","  14.2","24","9999.9"," 0","999.9"," 0","  6.0","24","  5.7","24"," 11.7","999.9","  29.1","*","  10.4","*"," 0.08","G"," 44.5","001000"
"01023099999","2020-03-20","69.055758","18.540356","76.8","BARDUFOSS, NO","  20.5","24","  15.7","24","9999.9"," 0","999.9"," 0","  5.1","24","  3.5","24","  8.9","999.9","  28.9","*","   5.0","*"," 0.08","G"," 45.3","011000"
"01023099999","2020-03-21","69.055758","18.540356","76.8","BARDUFOSS, NO","  26.7","24","  19.2","24","9999.9"," 0","999.9"," 0","  6.2","24","  5.5","24"," 12.0"," 22.9","  36.1","*","   8.2","*"," 0.00","G"," 46.1","011000"
"01023099999","2020-03-22","69.055758","18.540356","76.8","BARDUFOSS, NO","  37.2","24","  26.3","24","9999.9"," 0","999.9"," 0","  6.2","24","  8.3","24"," 17.1"," 34.0","  41.0"," ","  32.7"," "," 0.08","F"," 44.5","011000"
"01023099999","2020-03-23","69.055758","18.540356","76.8","BARDUFOSS, NO","  40.4","24","  28.9","24","9999.9"," 0","999.9"," 0","  6.2","24","  7.2","24"," 13.6"," 22.9","  45.3"," ","  34.3"," "," 0.01","F"," 42.1","010000"
"01023099999","2020-03-24","69.055758","18.540356","76.8","BARDUFOSS, NO","  39.8","24","  31.4","24","9999.9"," 0","999.9"," 0","  6.2","24","  8.3","24"," 13.6"," 25.1","  43.2"," ","  35.6","*"," 0.00","G"," 39.8","011000"
"01023099999","2020-03-25","69.055758","18.540356","76.8","BARDUFOSS, NO","  35.4","24","  29.9","24","9999.9"," 0","999.9"," 0","  5.5","24","  7.2","24"," 15.0"," 22.9","  42.8","*","  32.0","*"," 0.16","E"," 38.2","011100"
"01023099999","2020-03-26","69.055758","18.540356","76.8","BARDUFOSS, NO","  37.7","24","  28.3","24","9999.9"," 0","999.9"," 0","  6.1","24","  9.5","24"," 17.1"," 28.9","  42.8"," ","  32.0"," "," 0.03","F"," 37.8","011000"
"01023099999","2020-03-27","69.055758","18.540356","76.8","BARDUFOSS, NO","  35.4","24","  28.5","24","9999.9"," 0","999.9"," 0","  6.0","24","  5.4","24"," 13.0","999.9","  41.2"," ","  29.8","*"," 0.11","G"," 36.2","011000"
"01023099999","2020-03-28","69.055758","18.540356","76.8","BARDUFOSS, NO","  24.6","24","  21.2","24","9999.9"," 0","999.9"," 0","  2.9","24"," 16.1","24"," 29.1"," 46.0","  35.6","*","  21.2","*"," 0.29","G","999.9","011000"
"01023099999","2020-03-29","69.055758","18.540356","76.8","BARDUFOSS, NO","  21.8","24","  17.8","24","9999.9"," 0","999.9"," 0","  4.1","24","  7.3","24"," 15.0","999.9","  26.6","*","  16.9","*"," 0.46","G","999.9","011000"
"01023099999","2020-03-30","69.055758","18.540356","76.8","BARDUFOSS, NO","  25.2","24","  18.8","24","9999.9"," 0","999.9"," 0","  5.0","24","  6.1","24"," 11.7","999.9","  31.6"," ","  16.5"," "," 0.19","G","999.9","001000"
"01023099999","2020-03-31","69.055758","18.540356","76.8","BARDUFOSS, NO","  30.7","24","  26.3","24","9999.9"," 0","999.9"," 0","  4.1","24","  9.0","24"," 21.0"," 25.3","  37.6"," ","  23.0","*"," 0.18","G"," 41.7","011000"
"01023099999","2020-04-01","69.055758","18.540356","76.8","BARDUFOSS, NO","  21.0","24","  13.1","24","9999.9"," 0","999.9"," 0","  6.2","24","  2.1","24","  9.9","999.9","  37.0"," ","  -2.2","*"," 0.11","G"," 40.9","000000"
"01023099999","2020-04-02","69.055758","18.540356","76.8","BARDUFOSS, NO","  14.6","24","   5.0","24","9999.9"," 0","999.9"," 0","  6.2","24","  4.7","24"," 13.6","999.9","  26.6"," ","  -7.4"," "," 0.00","G"," 40.6","001000"
"01023099999","2020-04-03","69.055758","18.540356","76.8","BARDUFOSS, NO","  17.1","24","  10.2","24","9999.9"," 0","999.9"," 0","  6.2","24","  2.6","24","  7.8","999.9","  30.0"," ","  -4.2"," "," 0.00","G"," 40.6","001000"
"01023099999","2020-04-04","69.055758","18.540356","76.8","BARDUFOSS, NO","  20.2","24","  14.4","24","9999.9"," 0","999.9"," 0","  5.5","24","  2.9","24"," 13.0","999.9","  29.7"," ","  10.9"," "," 0.07","G"," 40.9","001000"
"01023099999","2020-04-05","69.055758","18.540356","76.8","BARDUFOSS, NO","  22.6","24","  10.7","24","9999.9"," 0","999.9"," 0","  6.2","24","  5.7","24"," 14.0","999.9","  32.0","*","   3.2","*"," 0.05","G"," 41.3","001000"
"01023099999","2020-04-06","69.055758","18.540356","76.8","BARDUFOSS, NO","  23.6","24","  14.2","24","9999.9"," 0","999.9"," 0","  6.2","24","  3.1","24","  9.7","999.9","  33.8","*","   1.0"," "," 0.00","G"," 40.2","001000"
"01023099999","2020-04-07","69.055758","18.540356","76.8","BARDUFOSS, NO","  38.7","24","  29.7","24","9999.9"," 0","999.9"," 0","  6.1","24","  6.6","24"," 15.9"," 26.0","  46.4","*","  29.1"," "," 0.00","G"," 40.2","010000"
"01023099999","2020-04-08","69.055758","18.540356","76.8","BARDUFOSS, NO","  36.3","24","  31.4","24","9999.9"," 0","999.9"," 0","  4.5","24"," 10.9","24"," 23.3"," 42.9","  45.9"," ","  32.0","*"," 0.26","G"," 38.2","011000"
"01023099999","2020-04-09","69.055758","18.540356","76.8","BARDUFOSS, NO","  29.2","24","  20.9","24","9999.9"," 0","999.9"," 0","  5.1","24","  9.3","24"," 15.5","999.9","  33.3"," ","  23.0","*"," 0.35","G"," 38.2","011000"
"01023099999","2020-04-10","69.055758","18.540356","76.8","BARDUFOSS, NO","  26.0","24","  23.0","24","9999.9"," 0","999.9"," 0","  4.3","24","  4.9","24"," 15.0","999.9","  32.7"," ","  18.5","*"," 0.35","G"," 44.9","001000"
"01023099999","2020-04-11","69.055758","18.540356","76.8","BARDUFOSS, NO","  28.6","24","  22.9","24","9999.9"," 0","999.9"," 0","  5.4","24","  4.8","24","  9.9","999.9","  34.5"," ","  12.0","*"," 0.22","G"," 45.7","011000"
"01023099999","2020-04-12","69.055758","18.540356","76.8","BARDUFOSS, NO","  23.2","24","  18.5","24","9999.9"," 0","999.9"," 0","  5.1","24","  6.6","24"," 15.0","999.9","  30.2","*","   7.2"," "," 0.07","G"," 44.5","001000"
"01023099999","2020-04-13","69.055758","18.540356","76.8","BARDUFOSS, NO","  32.4","24","  26.0","24","9999.9"," 0","999.9"," 0","  5.7","24"," 10.4","24"," 17.1"," 26.0","  37.4","*","  26.6","*"," 0.08","G"," 43.7","011000"
"01023099999","2020-04-14","69.055758","18.540356","76.8","BARDUFOSS, NO","  31.5","24","  18.9","24","9999.9"," 0","999.9"," 0","  5.5","24","  4.6","24"," 11.7","999.9","  41.2"," ","  17.6","*"," 0.00","G"," 42.9","011000"
"01023099999","2020-04-15","69.055758","18.540356","76.8","BARDUFOSS, NO","  33.7","24","  28.0","24","9999.9"," 0","999.9"," 0","  5.1","24","  4.9","24","  9.9","999.9","  43.0"," ","  28.0"," "," 0.20","G"," 44.5","011000"
"01023099999","2020-04-16","69.055758","18.540356","76.8","BARDUFOSS, NO","  33.0","24","  24.5","24","9999.9"," 0","999.9"," 0","  5.7","24","  3.9","24","  8.0","999.9","  41.9"," ","  19.2"," "," 0.09","G"," 42.1","101000"
"01023099999","2020-04-17","69.055758","18.540356","76.8","BARDUFOSS, NO","  33.3","24","  28.1","24","9999.9"," 0","999.9"," 0","  6.2","24","  7.9","24"," 15.9","999.9","  38.5"," ","  23.7"," "," 0.00","G"," 42.1","011000"
"01023099999","2020-04-18","69.055758","18.540356","76.8","BARDUFOSS, NO","  36.6","24","  31.8","24","9999.9"," 0","999.9"," 0","  6.2","24","  3.1","24","  9.9","999.9","  42.8","*","  31.3"," "," 0.07","G"," 40.6","011000"
"01023099999","2020-04-19","69.055758","18.540356","76.8","BARDUFOSS, NO","  39.9","24","  35.0","24","9999.9"," 0","999.9"," 0","  6.2","24","  5.5","24"," 15.5","999.9","  43.3"," ","  34.9"," "," 0.02","G"," 39.4","010000"
"01023099999","2020-04-20","69.055758","18.540356","76.8","BARDUFOSS, NO","  40.8","24","  30.9","24","9999.9"," 0","999.9"," 0","  6.2","24","  9.3","24"," 17.5"," 22.9","  45.7"," ","  36.5"," "," 0.00","G"," 37.8","010000"
"01023099999","2020-04-21","69.055758","18.540356","76.8","BARDUFOSS, NO","  37.3","24","  29.4","24","9999.9"," 0","999.9"," 0","  6.2","24","  6.3","24"," 13.0","999.9","  43.7"," ","  26.2","*"," 0.16","G"," 35.4","011010"
"01023099999","2020-04-22","69.055758","18.540356","76.8","BARDUFOSS, NO","  34.8","24","  28.4","24","9999.9"," 0","999.9"," 0","  6.2","24","  5.2","24"," 13.0","999.9","  41.0"," ","  24.8","*"," 0.00","G"," 33.9","010000"
"01023099999","2020-04-23","69.055758","18.540356","76.8","BARDUFOSS, NO","  36.6","24","  33.7","24","9999.9"," 0","999.9"," 0","  6.2","24","  3.2","24","  8.0","999.9","  39.6"," ","  33.8"," "," 0.00","G"," 33.1","010000"
"01023099999","2020-04-24","69.055758","18.540356","76.8","BARDUFOSS, NO","  33.4","24","  23.2","24","9999.9"," 0","999.9"," 0","  7.8","23","  9.8","24"," 15.5"," 24.1","  37.4","*","  28.8"," "," 0.08","G"," 32.7","011000"
"01023099999","2020-04-25","69.055758","18.540356","76.8","BARDUFOSS, NO","  33.1","24","  29.4","24","9999.9"," 0","999.9"," 0","  4.0","24"," 13.6","24"," 19.0"," 31.1","  36.1"," ","  30.2","*"," 0.09","G"," 34.3","011000"
"01023099999","2020-04-26","69.055758","18.540356","76.8","BARDUFOSS, NO","  34.1","24","  28.3","24","9999.9"," 0","999.9"," 0","  6.2","24","  8.9","24"," 14.0","999.9","  37.4","*","  30.2","*"," 0.18","G"," 34.3","011000"
"01023099999","2020-04-27","69.055758","18.540356","76.8","BARDUFOSS, NO","  33.5","24","  23.7","24","9999.9"," 0","999.9"," 0","  6.2","24","  5.2","24","  8.0","999.9","  37.4","*","  21.2","*"," 0.00","G"," 32.7","011000"
"01023099999","2020-04-28","69.055758","18.540356","76.8","BARDUFOSS, NO","  30.1","24","  15.1","24","9999.9"," 0","999.9"," 0","  6.2","24","  3.7","24","  8.0","999.9","  39.9"," ","  17.6"," "," 0.00","G"," 32.3","000000"
"01023099999","2020-04-29","69.055758","18.540356","76.8","BARDUFOSS, NO","  31.3","24","  15.0","24","9999.9"," 0","999.9"," 0","  6.2","24","  5.5","24"," 11.1"," 19.0","  41.2"," ","  16.2"," "," 0.00","G"," 31.9","000000"
"01023099999","2020-04-30","69.055758","18.540356","76.8","BARDUFOSS, NO","  33.1","24","  18.2","24","9999.9"," 0","999.9"," 0","  6.2","24","  4.1","24","  9.7","999.9","  43.0","*","  15.1"," "," 0.00","G"," 31.1","000000"
"01023099999","2020-05-01","69.055758","18.540356","76.8","BARDUFOSS, NO","  33.7","24","  24.7","24","9999.9"," 0","999.9"," 0","  6.2","24","  2.8","24","  8.0","999.9","  41.9"," ","  20.7","*"," 0.00","E"," 30.3","011000"
"01023099999","2020-05-02","69.055758","18.540356","76.8","BARDUFOSS, NO","  37.6","24","  26.2","24","9999.9"," 0","999.9"," 0","  6.2","24","  4.4","24"," 11.7","999.9","  48.7"," ","  23.0","*"," 0.00","F"," 29.5","010000"
"01023099999","2020-05-03","69.055758","18.540356","76.8","BARDUFOSS, NO","  40.5","24","  30.9","24","9999.9"," 0","999.9"," 0","  6.2","24","  3.0","24","  9.9","999.9","  46.4","*","  34.0"," "," 0.00","G"," 28.3","010000"
"01023099999","2020-05-04","69.055758","18.540356","76.8","BARDUFOSS, NO","  37.6","24","  30.6","24","9999.9"," 0","999.9"," 0","  6.2","24","  5.4","24"," 17.5","999.9","  42.8","*","  33.8","*"," 0.00","H"," 26.8","010000"
"01023099999","2020-05-05","69.055758","18.540356","76.8","BARDUFOSS, NO","  40.2","24","  28.1","24","9999.9"," 0","999.9"," 0","  6.2","24","  7.2","24"," 15.0"," 26.0","  46.4","*","  34.0"," "," 0.00","G"," 26.0","010000"
"01023099999","2020-05-06","69.055758","18.540356","76.8","BARDUFOSS, NO","  37.0","24","  31.6","24","9999.9"," 0","999.9"," 0","  6.2","24","  9.9","24"," 15.9"," 26.0","  39.2","*","  33.8"," "," 0.16","G"," 25.2","011000"
"01023099999","2020-05-07","69.055758","18.540356","76.8","BARDUFOSS, NO","  34.2","24","  28.0","24","9999.9"," 0","999.9"," 0","  5.5","24","  8.4","24"," 15.0","999.9","  39.2"," ","  28.4","*"," 0.00","G","999.9","011000"
"01023099999","2020-05-08","69.055758","18.540356","76.8","BARDUFOSS, NO","  33.0","24","  25.3","24","9999.9"," 0","999.9"," 0","  6.2","24","  5.5","24"," 14.0","999.9","  41.0"," ","  28.4"," "," 0.15","G"," 24.4","011000"
"01023099999","2020-05-09","69.055758","18.540356","76.8","BARDUFOSS, NO","  33.1","24","  21.4","24","9999.9"," 0","999.9"," 0","  6.2","24","  5.5","24"," 11.7","999.9","  39.0"," ","  26.6"," "," 0.03","G"," 23.6","011100"
"01023099999","2020-05-10","69.055758","18.540356","76.8","BARDUFOSS, NO","  34.5","24","  18.7","24","9999.9"," 0","999.9"," 0","  6.2","24","  4.1","24"," 11.1"," 16.3","  42.8"," ","  24.8","*"," 0.03","G"," 23.2","011000"
"01023099999","2020-05-11","69.055758","18.540356","76.8","BARDUFOSS, NO","  32.8","24","  27.2","24","9999.9"," 0","999.9"," 0","  5.3","24","  6.9","24"," 15.7"," 22.3","  41.2"," ","  27.7"," "," 0.00","G","999.9","011000"
"01023099999","2020-05-12","69.055758","18.540356","76.8","BARDUFOSS, NO","  32.2","24","  26.2","24","9999.9"," 0","999.9"," 0","  5.3","24","  6.2","24"," 11.7","999.9","  35.8"," ","  28.4","*"," 0.16","E","999.9","011000"
"01023099999","2020-05-13","69.055758","18.540356","76.8","BARDUFOSS, NO","  35.0","24","  20.7","24","9999.9"," 0","999.9"," 0","  6.2","24","  6.0","24"," 11.1","999.9","  42.6"," ","  24.8","*"," 0.04","F"," 24.8","000000"
"01023099999","2020-05-14","69.055758","18.540356","76.8","BARDUFOSS, NO","  34.4","24","  21.2","24","9999.9"," 0","999.9"," 0","  6.1","24","  7.1","24"," 17.5","999.9","  47.8"," ","  21.6"," "," 0.00","G"," 22.0","001000"
"01023099999","2020-05-15","69.055758","18.540356","76.8","BARDUFOSS, NO","  35.7","24","  25.7","24","9999.9"," 0","999.9"," 0","  5.1","24","  9.3","24"," 17.5"," 25.1","  41.0","*","  30.2","*"," 0.09","G"," 22.4","011000"
"01023099999","2020-05-16","69.055758","18.540356","76.8","BARDUFOSS, NO","  39.4","24","  23.3","24","9999.9"," 0","999.9"," 0","  6.2","24"," 10.6","24"," 17.1"," 19.0","  44.6","*","  28.4","*"," 0.04","G"," 21.3","000000"
"01023099999","2020-05-17","69.055758","18.540356","76.8","BARDUFOSS, NO","  37.0","24","  27.0","24","9999.9"," 0","999.9"," 0","  6.2","24","  3.0","24","  9.7","999.9","  51.8"," ","  26.2"," "," 0.00","G"," 18.9","010000"
"01023099999","2020-05-18","69.055758","18.540356","76.8","BARDUFOSS, NO","  37.0","24","  30.4","24","9999.9"," 0","999.9"," 0","  6.2","24","  2.6","24","  9.7","999.9","  47.1"," ","  28.0","*"," 0.06","G"," 18.1","011100"
"01023099999","2020-05-19","69.055758","18.540356","76.8","BARDUFOSS, NO","  37.5","24","  26.4","24","9999.9"," 0","999.9"," 0","  6.2","24","  3.4","24","  9.9","999.9","  48.2","*","  26.6","*"," 0.09","G"," 17.3","000000"
"01023099999","2020-05-20","69.055758","18.540356","76.8","BARDUFOSS, NO","  39.7","24","  27.1","24","9999.9"," 0","999.9"," 0","  6.2","24","  2.9","24","  7.8","999.9","  48.7"," ","  28.4","*"," 0.00","G"," 15.7","010000"
"01023099999","2020-05-21","69.055758","18.540356","76.8","BARDUFOSS, NO","  43.2","24","  26.2","24","9999.9"," 0","999.9"," 0","  6.2","24","  2.9","24","  6.0","999.9","  55.8"," ","  28.4","*"," 0.00","G"," 14.2","000000"
"01023099999","2020-05-22","69.055758","18.540356","76.8","BARDUFOSS, NO","  44.5","24","  24.8","24","9999.9"," 0","999.9"," 0","  6.2","24","  4.2","24","  9.7","999.9","  53.6","*","  27.9"," "," 0.00","G"," 12.6","000000"
"01023099999","2020-05-23","69.055758","18.540356","76.8","BARDUFOSS, NO","  50.5","24","  29.4","24","9999.9"," 0","999.9"," 0","  6.2","24","  3.4","24","  8.9","999.9","  64.2"," ","  30.2","*"," 0.00","E","  9.8","000000"
"01023099999","2020-05-24","69.055758","18.540356","76.8","BARDUFOSS, NO","  50.4","24","  32.7","24","9999.9"," 0","999.9"," 0","  7.8","24","  2.5","24","  7.8","999.9","  59.0","*","  39.2","*"," 0.00","G","  5.9","000000"
"01023099999","2020-05-25","69.055758","18.540356","76.8","BARDUFOSS, NO","  50.1","24","  35.2","24","9999.9"," 0","999.9"," 0","  7.8","24","  4.0","24","  8.9","999.9","  58.5"," ","  37.4","*"," 0.00","G","  3.5","000000"
"01023099999","2020-05-26","69.055758","18.540356","76.8","BARDUFOSS, NO","  49.3","24","  33.8","24","9999.9"," 0","999.9"," 0","  6.2","24","  3.3","24","  8.0","999.9","  57.6"," ","  34.5"," "," 0.00","G","999.9","000000"
"01023099999","2020-05-27","69.055758","18.540356","76.8","BARDUFOSS, NO","  46.4","24","  33.9","24","9999.9"," 0","999.9"," 0","  6.2","24","  6.7","24"," 13.6"," 22.9","  53.2"," ","  37.4","*"," 0.00","G","999.9","010000"
"01023099999","2020-05-28","69.055758","18.540356","76.8","BARDUFOSS, NO","  43.0","24","  35.4","24","9999.9"," 0","999.9"," 0","  6.2","24","  5.7","24"," 12.0","999.9","  48.2","*","  38.8"," "," 0.00","G","999.9","010000"
"01023099999","2020-05-29","69.055758","18.540356","76.8","BARDUFOSS, NO","  42.5","24","  38.3","24","9999.9"," 0","999.9"," 0","  6.2","24","  6.2","24"," 11.7","999.9","  45.7"," ","  38.8"," "," 0.00","G","999.9","010010"
"01023099999","2020-05-30","69.055758","18.540356","76.8","BARDUFOSS, NO","  46.7","24","  36.9","24","9999.9"," 0","999.9"," 0","  6.2","24","  4.2","24","  9.9","999.9","  54.1"," ","  38.8"," "," 0.00","F","999.9","000000"
"01023099999","2020-05-31","69.055758","18.540356","76.8","BARDUFOSS, NO","  55.9","24","  39.0","24","9999.9"," 0","999.9"," 0","  6.2","24","  3.9","24","  8.9","999.9","  66.9"," ","  41.5"," "," 0.00","G","999.9","000000"
"01023099999","2020-06-01","69.055758","18.540356","76.8","BARDUFOSS, NO","  59.9","24","  40.3","24","9999.9"," 0","999.9"," 0","  6.2","24","  3.8","24","  9.7","999.9","  70.9"," ","  43.7"," "," 0.00","G","999.9","011010"
"01023099999","2020-06-02","69.055758","18.540356","76.8","BARDUFOSS, NO","  50.2","24","  40.6","24","9999.9"," 0","999.9"," 0","  6.2","24","  4.0","24"," 12.0","999.9","  61.9"," ","  39.2","*"," 0.00","G","999.9","010000"
"01023099999","2020-06-03","69.055758","18.540356","76.8","BARDUFOSS, NO","  46.0","24","  34.9","24","9999.9"," 0","999.9"," 0","  6.2","24","  3.7","24","  8.9","999.9","  52.3"," ","  35.6","*"," 0.05","G","999.9","110000"
"01023099999","2020-06-04","69.055758","18.540356","76.8","BARDUFOSS, NO","  51.0","22","  40.5","22","9999.9"," 0","999.9"," 0","  6.2","21","  4.8","22"," 11.7","999.9","  61.9"," ","  35.1"," "," 0.01","G","999.9","010000"
"01023099999","2020-06-05","69.055758","18.540356","76.8","BARDUFOSS, NO","  57.9","24","  42.7","24","9999.9"," 0","999.9"," 0","  6.2","23","  8.0","24"," 15.9","999.9","  68.0","*","  45.1"," "," 0.00","G","999.9","010000"
"01023099999","2020-06-06","69.055758","18.540356","76.8","BARDUFOSS, NO","  55.2","24","  42.3","24","9999.9"," 0","999.9"," 0","  6.2","24","  7.1","24"," 13.6","999.9","  62.8"," ","  44.6","*"," 0.00","G","999.9","000000"
"01023099999","2020-06-07","69.055758","18.540356","76.8","BARDUFOSS, NO","  52.3","24","  40.3","24","9999.9"," 0","999.9"," 0","  6.2","24","  5.1","24"," 11.7","999.9","  63.7"," ","  42.8","*"," 0.00","H","999.9","010000"
"01023099999","2020-06-08","69.055758","18.540356","76.8","BARDUFOSS, NO","  46.7","24","  39.9","24","9999.9"," 0","999.9"," 0","  6.2","24","  5.6","24"," 14.0","999.9","  52.9"," ","  41.0","*"," 0.31","G","999.9","010000"
"01023099999","2020-06-09","69.055758","18.540356","76.8","BARDUFOSS, NO","  44.8","24","  35.5","24","9999.9"," 0","999.9"," 0","  7.8","24","  4.7","24"," 11.1","999.9","  51.8","*","  39.2","*"," 0.26","G","999.9","010000"
"01023099999","2020-06-10","69.055758","18.540356","76.8","BARDUFOSS, NO","  49.4","24","  33.4","24","9999.9"," 0","999.9"," 0","  6.2","24","  5.0","24","  9.9","999.9","  55.6"," ","  38.3"," "," 0.00","G","999.9","000000"
"01023099999","2020-06-11","69.055758","18.540356","76.8","BARDUFOSS, NO","  46.2","24","  36.6","24","9999.9"," 0","999.9"," 0","  6.2","24","  6.7","24"," 15.0","999.9","  52.0"," ","  37.4","*"," 0.01","G","999.9","010000"
"01023099999","2020-06-12","69.055758","18.540356","76.8","BARDUFOSS, NO","  52.2","24","  34.0","24","9999.9"," 0","999.9"," 0","  6.2","24","  3.7","24","  8.0","999.9","  62.6"," ","  36.5"," "," 0.00","G","999.9","000000"
"01023099999","2020-06-13","69.055758","18.540356","76.8","BARDUFOSS, NO","  63.9","24","  37.5","24","9999.9"," 0","999.9"," 0","  6.2","24","  3.4","24","  9.7","999.9","  77.9"," ","  41.0"," "," 0.00","G","999.9","000000"
"01023099999","2020-06-14","69.055758","18.540356","76.8","BARDUFOSS, NO","  59.4","24","  43.7","24","9999.9"," 0","999.9"," 0","  6.2","24","  4.7","24"," 11.1"," 18.1","  69.8"," ","  47.7","*"," 0.00","G","999.9","010000"
"01023099999","2020-06-15","69.055758","18.540356","76.8","BARDUFOSS, NO","  48.6","24","  39.5","24","9999.9"," 0","999.9"," 0","  6.1","24","  8.4","24"," 14.0","999.9","  56.3"," ","  41.0","*"," 0.01","G","999.9","010000"
"01023099999","2020-06-16","69.055758","18.540356","76.8","BARDUFOSS, NO","  50.6","24","  35.0","24","9999.9"," 0","999.9"," 0","  6.2","24","  3.7","24","  8.0","999.9","  58.8"," ","  41.0","*"," 0.00","G","999.9","000000"
"01023099999","2020-06-17","69.055758","18.540356","76.8","BARDUFOSS, NO","  58.7","24","  39.5","24","9999.9"," 0","999.9"," 0","  6.2","24","  3.0","24","  7.8","999.9","  71.6","*","  39.2","*"," 0.00","G","999.9","000000"
"01023099999","2020-06-18","69.055758","18.540356","76.8","BARDUFOSS, NO","  53.7","24","  40.4","24","9999.9"," 0","999.9"," 0","  6.2","24","  6.2","24"," 13.6","999.9","  62.6"," ","  44.6","*"," 0.00","G","999.9","000000"
"01023099999","2020-06-19","69.055758","18.540356","76.8","BARDUFOSS, NO","  48.6","24","  36.3","24","9999.9"," 0","999.9"," 0","  6.2","24","  4.5","24","  7.8","999.9","  55.8"," ","  39.2","*"," 0.00","G","999.9","000000"
"01023099999","2020-06-20","69.055758","18.540356","76.8","BARDUFOSS, NO","  60.1","24","  38.9","24","9999.9"," 0","999.9"," 0","  6.2","24","  4.1","24","  9.7","999.9","  74.8"," ","  38.5"," "," 0.00","G","999.9","000000"
"01023099999","2020-06-21","69.055758","18.540356","76.8","BARDUFOSS, NO","  66.7","24","  45.2","24","9999.9"," 0","999.9"," 0","  6.2","24","  3.4","24","  8.9","999.9","  78.8","*","  46.4","*"," 0.00","G","999.9","000000"
"01023099999","2020-06-22","69.055758","18.540356","76.8","BARDUFOSS, NO","  66.3","24","  45.4","24","9999.9"," 0","999.9"," 0","  6.2","24","  3.1","24","  8.9","999.9","  79.9"," ","  47.8"," "," 0.00","G","999.9","000000"
"01023099999","2020-06-23","69.055758","18.540356","76.8","BARDUFOSS, NO","  63.5","24","  51.0","24","9999.9"," 0","999.9"," 0","  6.2","24","  5.2","24"," 15.5","999.9","  71.6","*","  49.3"," "," 0.00","G","999.9","010000"
"01023099999","2020-06-24","69.055758","18.540356","76.8","BARDUFOSS, NO","  58.6","24","  47.4","24","9999.9"," 0","999.9"," 0","  6.2","24","  6.4","24"," 15.9","999.9","  65.1"," ","  53.2","*"," 0.00","G","999.9","010000"
"01023099999","2020-06-25","69.055758","18.540356","76.8","BARDUFOSS, NO","  58.6","24","  45.5","24","9999.9"," 0","999.9"," 0","  6.2","24","  8.0","24"," 15.9"," 25.1","  67.6"," ","  51.8"," "," 0.00","G","999.9","010000"
"01023099999","2020-06-26","69.055758","18.540356","76.8","BARDUFOSS, NO","  52.0","24","  43.6","24","9999.9"," 0","999.9"," 0","  6.1","24","  7.3","24"," 13.6","999.9","  55.4","*","  46.4","*"," 0.00","G","999.9","010000"
"01023099999","2020-06-27","69.055758","18.540356","76.8","BARDUFOSS, NO","  54.2","24","  41.9","24","1019.9","10","010.6","10","  6.2","14","  5.6","24","  9.7","999.9","  62.6","*","  46.4"," "," 0.00","G","999.9","000000"
"01023099999","2020-06-28","69.055758","18.540356","76.8","BARDUFOSS, NO","  61.7","24","  45.3","24","1017.5"," 7","008.2"," 7","  6.2","18","  6.9","24","  9.9","999.9","  71.8"," ","  44.8"," "," 0.00","G","999.9","000000"
"01023099999","2020-06-29","69.055758","18.540356","76.8","BARDUFOSS, NO","  53.8","24","  43.8","24","9999.9"," 0","999.9"," 0","  6.2","24","  8.5","24"," 11.7","999.9","  62.2"," ","  46.4","*"," 0.00","G","999.9","010000"
"01023099999","2020-06-30","69.055758","18.540356","76.8","BARDUFOSS, NO","  47.2","24","  40.9","24","9999.9"," 0","999.9"," 0","  6.2","24","  5.6","24","  7.8","999.9","  50.0","*","  44.6","*"," 0.00","H","999.9","010000"
"01023099999","2020-07-01","69.055758","18.540356","76.8","BARDUFOSS, NO","  45.6","24","  41.1","24","9999.9"," 0","999.9"," 0","  6.2","24","  4.1","24","  8.9","999.9","  48.2","*","  42.3","*"," 0.00","H","999.9","010000"
"01023099999","2020-07-02","69.055758","18.540356","76.8","BARDUFOSS, NO","  44.9","24","  40.1","24","9999.9"," 0","999.9"," 0","  6.2","24","  5.2","24","  9.9","999.9","  50.9"," ","  41.0","*"," 0.39","E","999.9","010000"
"01023099999","2020-07-03","69.055758","18.540356","76.8","BARDUFOSS, NO","  51.7","24","  37.8","24","9999.9"," 0","999.9"," 0","  6.2","24","  4.5","24","  8.0","999.9","  59.5"," ","  40.3"," "," 0.00","F","999.9","000000"
"01023099999","2020-07-04","69.055758","18.540356","76.8","BARDUFOSS, NO","  49.3","24","  40.9","24","9999.9"," 0","999.9"," 0","  6.2","24","  4.6","24","  9.9","999.9","  54.5"," ","  42.8","*"," 0.00","G","999.9","010000"
"01023099999","2020-07-05","69.055758","18.540356","76.8","BARDUFOSS, NO","  49.4","24","  39.8","24","9999.9"," 0","999.9"," 0","  6.2","24","  4.0","24","  9.7","999.9","  57.0"," ","  37.4","*"," 0.04","G","999.9","000000"
"01023099999","2020-07-06","69.055758","18.540356","76.8","BARDUFOSS, NO","  52.1","24","  41.4","24","9999.9"," 0","999.9"," 0","  6.2","24","  5.2","24"," 13.6","999.9","  62.6","*","  35.6","*"," 0.00","G","999.9","010000"
"01023099999","2020-07-07","69.055758","18.540356","76.8","BARDUFOSS, NO","  50.9","24","  44.7","24","9999.9"," 0","999.9"," 0","  6.2","24","  6.2","24"," 13.0","999.9","  56.8"," ","  46.4","*"," 0.04","G","999.9","010000"
"01023099999","2020-07-08","69.055758","18.540356","76.8","BARDUFOSS, NO","  52.6","24","  45.5","24","9999.9"," 0","999.9"," 0","  7.6","24","  2.6","24"," 11.7","999.9","  61.0"," ","  46.2"," "," 0.02","G","999.9","010000"
"01023099999","2020-07-09","69.055758","18.540356","76.8","BARDUFOSS, NO","  53.8","24","  45.6","24","9999.9"," 0","999.9"," 0","  6.2","24","  4.4","24","  9.9","999.9","  59.9"," ","  49.6"," "," 0.00","G","999.9","010000"
"01023099999","2020-07-10","69.055758","18.540356","76.8","BARDUFOSS, NO","  54.9","24","  43.0","24","9999.9"," 0","999.9"," 0","  6.2","24","  5.3","24"," 11.7"," 21.0","  61.9"," ","  48.2","*"," 0.06","G","999.9","010000"
"01023099999","2020-07-11","69.055758","18.540356","76.8","BARDUFOSS, NO","  57.2","24","  42.7","24","9999.9"," 0","999.9"," 0","  6.2","24","  2.8","24","  7.8","999.9","  66.9"," ","  46.4","*"," 0.00","G","999.9","010000"
"01023099999","2020-07-12","69.055758","18.540356","76.8","BARDUFOSS, NO","  52.9","24","  48.6","24","9999.9"," 0","999.9"," 0","  6.2","24","  3.9","24","  9.7","999.9","  59.0"," ","  48.2","*"," 0.00","G","999.9","010000"
"01023099999","2020-07-13","69.055758","18.540356","76.8","BARDUFOSS, NO","  55.4","24","  49.8","24","9999.9"," 0","999.9"," 0","  6.2","24","  2.8","24","  9.7","999.9","  64.2"," ","  44.6","*"," 0.25","G","999.9","110000"
"01023099999","2020-07-14","69.055758","18.540356","76.8","BARDUFOSS, NO","  59.6","24","  44.3","24","9999.9"," 0","999.9"," 0","  5.4","24","  4.2","24"," 11.7","999.9","  70.9"," ","  43.7"," "," 0.03","G","999.9","100000"
"01023099999","2020-07-15","69.055758","18.540356","76.8","BARDUFOSS, NO","  60.1","24","  49.1","24","9999.9"," 0","999.9"," 0","  6.2","24","  2.4","24","  9.7","999.9","  70.5"," ","  47.8"," "," 0.00","G","999.9","010000"
"01023099999","2020-07-16","69.055758","18.540356","76.8","BARDUFOSS, NO","  60.3","24","  50.6","24","9999.9"," 0","999.9"," 0","  6.2","24","  3.3","24","  9.7","999.9","  71.6","*","  51.3"," "," 0.03","G","999.9","010000"
"01023099999","2020-07-17","69.055758","18.540356","76.8","BARDUFOSS, NO","  60.9","24","  54.3","24","9999.9"," 0","999.9"," 0","  6.2","24","  2.3","24","  9.9","999.9","  73.4"," ","  51.1"," "," 0.02","G","999.9","110000"
"01023099999","2020-07-18","69.055758","18.540356","76.8","BARDUFOSS, NO","  58.9","24","  46.8","24","9999.9"," 0","999.9"," 0","  6.2","24","  4.5","24"," 11.1","999.9","  68.2"," ","  47.3","*"," 0.03","G","999.9","000000"
"01023099999","2020-07-19","69.055758","18.540356","76.8","BARDUFOSS, NO","  56.7","24","  51.2","24","9999.9"," 0","999.9"," 0","  6.2","24","  2.7","24","  8.9","999.9","  64.6"," ","  47.1"," "," 0.03","G","999.9","010000"
"01023099999","2020-07-20","69.055758","18.540356","76.8","BARDUFOSS, NO","  56.4","24","  53.0","24","9999.9"," 0","999.9"," 0","  6.2","24","  2.9","24"," 12.0","999.9","  63.0"," ","  51.8","*"," 0.07","G","999.9","110000"
"01023099999","2020-07-21","69.055758","18.540356","76.8","BARDUFOSS, NO","  51.7","24","  50.2","24","9999.9"," 0","999.9"," 0","  5.9","24","  4.5","24","  8.9","999.9","  53.6","*","  50.0","*"," 0.20","G","999.9","110000"
"01023099999","2020-07-22","69.055758","18.540356","76.8","BARDUFOSS, NO","  51.4","24","  48.6","24","9999.9"," 0","999.9"," 0","  6.2","24","  6.5","24","  9.9","999.9","  54.1","*","  48.2","*"," 0.00","G","999.9","010000"
"01023099999","2020-07-23","69.055758","18.540356","76.8","BARDUFOSS, NO","  49.3","24","  46.3","24","9999.9"," 0","999.9"," 0","  6.2","24","  3.2","24","  7.0","999.9","  51.3"," ","  47.5","*"," 0.35","F","999.9","010000"
"01023099999","2020-07-24","69.055758","18.540356","76.8","BARDUFOSS, NO","  57.0","24","  51.3","24","9999.9"," 0","999.9"," 0","  6.2","24","  2.5","24","  7.8","999.9","  69.6"," ","  46.4","*"," 0.04","F","999.9","010000"
"01023099999","2020-07-25","69.055758","18.540356","76.8","BARDUFOSS, NO","  59.9","24","  48.8","24","9999.9"," 0","999.9"," 0","  6.0","24","  9.9","24"," 15.5","999.9","  66.6"," ","  53.6","*"," 0.09","G","999.9","010000"
"01023099999","2020-07-26","69.055758","18.540356","76.8","BARDUFOSS, NO","  61.6","24","  48.3","24","9999.9"," 0","999.9"," 0","  6.2","24","  6.6","24"," 13.6","999.9","  70.9"," ","  46.4","*"," 0.00","G","999.9","010000"
"01023099999","2020-07-27","69.055758","18.540356","76.8","BARDUFOSS, NO","  64.8","24","  50.4","24","9999.9"," 0","999.9"," 0","  7.8","23","  4.6","24"," 15.5","999.9","  77.0"," ","  46.4"," "," 0.00","G","999.9","000000"
"01023099999","2020-07-28","69.055758","18.540356","76.8","BARDUFOSS, NO","  65.6","24","  53.2","24","9999.9"," 0","999.9"," 0","  6.2","24","  4.8","24"," 11.7","999.9","  73.4","*","  55.2"," "," 0.01","G","999.9","010000"
"01023099999","2020-07-29","69.055758","18.540356","76.8","BARDUFOSS, NO","  66.1","24","  54.7","24","9999.9"," 0","999.9"," 0","  6.2","24","  4.3","24","  9.9","999.9","  76.1"," ","  55.4","*"," 0.00","G","999.9","000000"
"01023099999","2020-07-30","69.055758","18.540356","76.8","BARDUFOSS, NO","  66.3","24","  52.2","24","9999.9"," 0","999.9"," 0","  7.8","24","  4.4","24"," 11.1","999.9","  76.5"," ","  48.2","*"," 0.01","G","999.9","000000"
"01023099999","2020-07-31","69.055758","18.540356","76.8","BARDUFOSS, NO","  63.7","24","  51.4","24","9999.9"," 0","999.9"," 0","  6.2","24","  5.3","24"," 13.6","999.9","  77.0","*","  45.3"," "," 0.00","G","999.9","000000"
"01023099999","2020-08-01","69.055758","18.540356","76.8","BARDUFOSS, NO","  60.9","24","  51.4","24","9999.9"," 0","999.9"," 0","  6.2","24","  3.8","24","  9.7","999.9","  68.4"," ","  46.4","*"," 0.00","G","999.9","000000"
"01023099999","2020-08-02","69.055758","18.540356","76.8","BARDUFOSS, NO","  59.8","24","  48.3","24","9999.9"," 0","999.9"," 0","  6.2","24","  5.2","24"," 13.6","999.9","  69.8","*","  42.8","*"," 0.00","G","999.9","000000"
"01023099999","2020-08-03","69.055758","18.540356","76.8","BARDUFOSS, NO","  61.9","24","  48.4","24","9999.9"," 0","999.9"," 0","  6.2","24","  2.1","24","  7.8","999.9","  75.9"," ","  42.8","*"," 0.00","G","999.9","000000"
"01023099999","2020-08-04","69.055758","18.540356","76.8","BARDUFOSS, NO","  55.9","24","  52.4","24","9999.9"," 0","999.9"," 0","  6.2","24","  3.3","24"," 11.1","999.9","  63.0"," ","  48.2","*"," 0.00","G","999.9","010000"
"01023099999","2020-08-05","69.055758","18.540356","76.8","BARDUFOSS, NO","  56.0","24","  50.1","24","9999.9"," 0","999.9"," 0","  6.2","24","  1.4","24","  7.8","999.9","  66.9"," ","  42.8","*"," 0.24","G","999.9","100000"
"01023099999","2020-08-06","69.055758","18.540356","76.8","BARDUFOSS, NO","  59.0","24","  49.1","24","9999.9"," 0","999.9"," 0","  6.2","24","  3.5","24","  9.7","999.9","  74.7"," ","  39.9"," "," 0.00","G","999.9","110000"
"01023099999","2020-08-07","69.055758","18.540356","76.8","BARDUFOSS, NO","  59.3","24","  51.5","24","9999.9"," 0","999.9"," 0","  6.2","24","  3.7","24","  8.9","999.9","  66.2","*","  48.0","*"," 0.06","G","999.9","010000"
"01023099999","2020-08-08","69.055758","18.540356","76.8","BARDUFOSS, NO","  63.5","24","  54.6","24","9999.9"," 0","999.9"," 0","  6.2","24","  2.5","24","  7.0","999.9","  78.1"," ","  45.9"," "," 0.00","G","999.9","110000"
"01023099999","2020-08-09","69.055758","18.540356","76.8","BARDUFOSS, NO","  56.0","24","  48.7","24","9999.9"," 0","999.9"," 0","  6.2","24","  6.5","24"," 17.1"," 26.0","  60.8"," ","  50.0","*"," 0.58","G","999.9","010000"
"01023099999","2020-08-10","69.055758","18.540356","76.8","BARDUFOSS, NO","  52.3","24","  48.3","24","9999.9"," 0","999.9"," 0","  6.2","24","  4.2","24"," 11.1"," 14.6","  59.2"," ","  42.8","*"," 0.10","G","999.9","010000"
"01023099999","2020-08-11","69.055758","18.540356","76.8","BARDUFOSS, NO","  54.8","24","  47.1","24","9999.9"," 0","999.9"," 0","  5.5","24","  1.9","24","  6.0","999.9","  68.0"," ","  41.0","*"," 0.01","G","999.9","100000"
"01023099999","2020-08-12","69.055758","18.540356","76.8","BARDUFOSS, NO","  55.5","23","  49.2","23","9999.9"," 0","999.9"," 0","  6.2","22","  2.5","22","  8.9"," 12.4","  65.5"," ","  42.8"," "," 0.00","G","999.9","100000"
"01023099999","2020-08-13","69.055758","18.540356","76.8","BARDUFOSS, NO","  55.5","24","  51.8","24","9999.9"," 0","999.9"," 0","  6.2","24","  2.0","24","  8.0","999.9","  64.9"," ","  48.2","*"," 0.16","E","999.9","110000"
"01023099999","2020-08-14","69.055758","18.540356","76.8","BARDUFOSS, NO","  56.7","24","  50.6","24","9999.9"," 0","999.9"," 0","  6.2","24","  4.5","24","  9.9"," 15.9","  59.9"," ","  53.4"," "," 0.04","F","999.9","110000"
"01023099999","2020-08-15","69.055758","18.540356","76.8","BARDUFOSS, NO","  55.1","24","  45.9","24","9999.9"," 0","999.9"," 0","  6.2","24","  8.4","24"," 17.1"," 29.9","  64.4","*","  44.6","*"," 0.08","F","999.9","010000"
"01023099999","2020-08-16","69.055758","18.540356","76.8","BARDUFOSS, NO","  46.7","24","  41.4","24","9999.9"," 0","999.9"," 0","  6.2","24"," 10.2","24"," 17.5"," 26.0","  50.0","*","  43.5"," "," 0.44","G","999.9","010000"
"01023099999","2020-08-17","69.055758","18.540356","76.8","BARDUFOSS, NO","  48.3","24","  43.1","24","9999.9"," 0","999.9"," 0","  6.2","24","  9.4","24"," 15.9"," 26.0","  51.8","*","  44.8"," "," 0.26","G","999.9","010000"
"01023099999","2020-08-18","69.055758","18.540356","76.8","BARDUFOSS, NO","  49.2","24","  46.9","24","9999.9"," 0","999.9"," 0","  6.2","24","  3.1","24","  9.9","999.9","  53.6","*","  44.6","*"," 0.13","G","999.9","010000"
"01023099999","2020-08-19","69.055758","18.540356","76.8","BARDUFOSS, NO","  51.9","24","  45.9","24","9999.9"," 0","999.9"," 0","  5.0","24","  4.2","24"," 11.7","999.9","  60.8"," ","  42.6","*"," 0.00","G","999.9","110000"
"01023099999","2020-08-20","69.055758","18.540356","76.8","BARDUFOSS, NO","  50.1","24","  45.3","24","9999.9"," 0","999.9"," 0","  6.2","24","  2.4","24","  8.0","999.9","  57.2","*","  44.6","*"," 0.06","G","999.9","110000"
"01023099999","2020-08-21","69.055758","18.540356","76.8","BARDUFOSS, NO","  54.5","24","  48.9","24","9999.9"," 0","999.9"," 0","  6.2","24","  1.6","24","  7.8","999.9","  67.5"," ","  40.3"," "," 0.00","G","999.9","100000"
"01023099999","2020-08-22","69.055758","18.540356","76.8","BARDUFOSS, NO","  61.5","24","  57.5","24","9999.9"," 0","999.9"," 0","  6.0","24","  2.8","24","  7.0"," 14.0","  71.6","*","  50.5"," "," 0.04","G","999.9","010000"
"01023099999","2020-08-23","69.055758","18.540356","76.8","BARDUFOSS, NO","  57.6","24","  55.1","24","9999.9"," 0","999.9"," 0","  5.7","24","  3.3","24"," 11.1","999.9","  64.9"," ","  49.6","*"," 0.31","G","999.9","110000"
"01023099999","2020-08-24","69.055758","18.540356","76.8","BARDUFOSS, NO","  50.0","24","  46.8","24","9999.9"," 0","999.9"," 0","  6.2","24","  2.7","24"," 11.7","999.9","  55.4","*","  46.4","*"," 1.67","G","999.9","110000"
"01023099999","2020-08-25","69.055758","18.540356","76.8","BARDUFOSS, NO","  49.9","24","  44.4","24","9999.9"," 0","999.9"," 0","  6.2","24","  2.9","24","  8.0","999.9","  59.0"," ","  41.0","*"," 0.03","G","999.9","110000"
"01023099999","2020-08-26","69.055758","18.540356","76.8","BARDUFOSS, NO","  47.3","24","  41.9","24","9999.9"," 0","999.9"," 0","  6.2","24","  3.9","24"," 11.7","999.9","  53.6","*","  37.4","*"," 0.03","G","999.9","010000"
"01023099999","2020-08-27","69.055758","18.540356","76.8","BARDUFOSS, NO","  45.3","24","  40.2","24","9999.9"," 0","999.9"," 0","  6.1","24","  5.6","24"," 14.0","999.9","  52.5"," ","  37.2"," "," 0.00","G","999.9","010000"
"01023099999","2020-08-28","69.055758","18.540356","76.8","BARDUFOSS, NO","  46.5","24","  41.7","24","9999.9"," 0","999.9"," 0","  6.2","24","  2.8","24","  5.8","999.9","  53.6"," ","  42.4"," "," 0.06","G","999.9","110000"
"01023099999","2020-08-29","69.055758","18.540356","76.8","BARDUFOSS, NO","  47.5","24","  40.9","24","9999.9"," 0","999.9"," 0","  6.2","24","  2.9","24","  7.0","999.9","  55.8"," ","  41.7"," "," 0.04","G","999.9","100000"
"01023099999","2020-08-30","69.055758","18.540356","76.8","BARDUFOSS, NO","  44.7","24","  39.3","24","9999.9"," 0","999.9"," 0","  6.2","24","  4.7","24"," 12.0","999.9","  52.5"," ","  32.0","*"," 0.00","G","999.9","010000"
"01023099999","2020-08-31","69.055758","18.540356","76.8","BARDUFOSS, NO","  44.2","24","  37.6","24","9999.9"," 0","999.9"," 0","  6.2","24","  4.7","24"," 13.0"," 20.0","  53.1"," ","  31.1"," "," 0.00","G","999.9","110000"
"01023099999","2020-09-01","69.055758","18.540356","76.8","BARDUFOSS, NO","  50.9","24","  46.5","24","9999.9"," 0","999.9"," 0","  6.2","24","  3.2","24","  8.0"," 13.4","  57.2"," ","  41.0","*"," 0.00","H","999.9","110000"
"01023099999","2020-09-02","69.055758","18.540356","76.8","BARDUFOSS, NO","  49.4","24","  45.7","24","9999.9"," 0","999.9"," 0","  6.2","24","  1.2","24","  5.1","999.9","  59.7"," ","  36.7"," "," 0.00","I","999.9","100000"
"01023099999","2020-09-03","69.055758","18.540356","76.8","BARDUFOSS, NO","  53.3","24","  43.2","24","9999.9"," 0","999.9"," 0","  6.2","24","  1.7","24","  6.0"," 10.9","  72.0"," ","  37.2"," "," 0.00","I","999.9","100000"
"01023099999","2020-09-04","69.055758","18.540356","76.8","BARDUFOSS, NO","  52.4","24","  50.1","24","9999.9"," 0","999.9"," 0","  6.2","24","  1.5","24","  5.1","999.9","  63.0"," ","  39.0"," ","99.99"," ","999.9","010000"
"01023099999","2020-09-05","69.055758","18.540356","76.8","BARDUFOSS, NO","  53.4","24","  50.1","24","9999.9"," 0","999.9"," 0","  6.1","24","  3.4","24","  6.0"," 12.4","  59.0","*","  48.2"," ","99.99"," ","999.9","010000"
"01023099999","2020-09-06","69.055758","18.540356","76.8","BARDUFOSS, NO","  50.5","24","  47.1","24","9999.9"," 0","999.9"," 0","  6.2","24","  4.4","24"," 11.1"," 16.3","  53.6"," ","  48.2","*","99.99"," ","999.9","010000"
"01023099999","2020-09-07","69.055758","18.540356","76.8","BARDUFOSS, NO","  51.1","24","  46.4","24","9999.9"," 0","999.9"," 0","  6.2","24","  2.5","24","  8.0"," 14.2","  60.8","*","  44.4"," ","99.99"," ","999.9","110000"
"01023099999","2020-09-08","69.055758","18.540356","76.8","BARDUFOSS, NO","  51.9","24","  45.3","24","9999.9"," 0","999.9"," 0","  6.2","24","  3.5","24","  8.9"," 15.2","  59.4"," ","  46.4","*","99.99"," ","999.9","010000"
"01023099999","2020-09-09","69.055758","18.540356","76.8","BARDUFOSS, NO","  47.3","24","  42.1","24","9999.9"," 0","999.9"," 0","  6.2","24","  2.6","24","  7.0"," 14.4","  53.6","*","  39.4"," ","99.99"," ","999.9","010000"
"01023099999","2020-09-10","69.055758","18.540356","76.8","BARDUFOSS, NO","  47.5","24","  42.0","24","9999.9"," 0","999.9"," 0","  6.2","24","  4.1","24","  8.0"," 14.8","  55.4","*","  42.8","*","99.99"," ","999.9","010000"
"01023099999","2020-09-11","69.055758","18.540356","76.8","BARDUFOSS, NO","  47.1","24","  40.0","24","9999.9"," 0","999.9"," 0","  6.2","24","  4.1","24","  8.9"," 16.9","  51.8","*","  42.8","*","99.99"," ","999.9","010000"
"01023099999","2020-09-12","69.055758","18.540356","76.8","BARDUFOSS, NO","  44.3","24","  41.5","24","9999.9"," 0","999.9"," 0","  6.2","24","  2.1","24","  6.0","999.9","  54.3"," ","  33.8","*","99.99"," ","999.9","110000"
"01023099999","2020-09-13","69.055758","18.540356","76.8","BARDUFOSS, NO","  44.2","24","  39.7","24","9999.9"," 0","999.9"," 0","  4.8","24","  2.1","24","  8.9"," 10.7","  61.0"," ","  30.2"," ","99.99"," ","999.9","110000"
"01023099999","2020-09-14","69.055758","18.540356","76.8","BARDUFOSS, NO","  46.5","24","  43.2","24","9999.9"," 0","999.9"," 0","  6.2","24","  2.9","24","  8.0"," 10.7","  51.8","*","  41.0"," ","99.99"," ","999.9","110000"
"01023099999","2020-09-15","69.055758","18.540356","76.8","BARDUFOSS, NO","  45.9","24","  43.3","24","9999.9"," 0","999.9"," 0","  6.2","24","  1.8","24","  6.6"," 10.5","  52.5"," ","  41.0","*","99.99"," ","999.9","110000"
"01023099999","2020-09-16","69.055758","18.540356","76.8","BARDUFOSS, NO","  43.1","24","  39.6","24","9999.9"," 0","999.9"," 0","  6.2","24","  4.7","24"," 13.6"," 19.2","  48.2"," ","  33.8","*","99.99"," ","999.9","110000"
"01023099999","2020-09-17","69.055758","18.540356","76.8","BARDUFOSS, NO","  41.9","24","  37.0","24","9999.9"," 0","999.9"," 0","  6.2","24","  3.4","24","  8.4"," 15.3","  48.7"," ","  32.7"," ","99.99"," ","999.9","010000"
"01023099999","2020-09-18","69.055758","18.540356","76.8","BARDUFOSS, NO","  45.4","24","  40.6","24","9999.9"," 0","999.9"," 0","  6.2","24","  7.5","24"," 15.0"," 28.9","  48.7"," ","  41.9"," ","99.99"," ","999.9","010000"
"01023099999","2020-09-19","69.055758","18.540356","76.8","BARDUFOSS, NO","  43.0","24","  36.6","24","9999.9"," 0","999.9"," 0","  6.1","24","  9.1","24"," 17.1"," 23.5","  46.4"," ","  40.1"," ","99.99"," ","999.9","010000"
"01023099999","2020-09-20","69.055758","18.540356","76.8","BARDUFOSS, NO","  42.6","24","  38.5","24","9999.9"," 0","999.9"," 0","  6.2","24","  5.5","24"," 14.0"," 28.0","  48.4"," ","  38.3"," ","99.99"," ","999.9","010000"
"01023099999","2020-09-21","69.055758","18.540356","76.8","BARDUFOSS, NO","  44.2","24","  40.0","24","9999.9"," 0","999.9"," 0","  6.2","24","  7.2","24"," 14.0"," 28.9","  52.0"," ","  39.0"," ","99.99"," ","999.9","010000"
"01023099999","2020-09-22","69.055758","18.540356","76.8","BARDUFOSS, NO","  42.4","24","  34.5","24","9999.9"," 0","999.9"," 0","  6.1","24"," 10.0","24"," 21.0"," 35.9","  45.0"," ","  39.2"," ","99.99"," ","999.9","010000"
"01023099999","2020-09-23","69.055758","18.540356","76.8","BARDUFOSS, NO","  44.6","24","  34.5","24","9999.9"," 0","999.9"," 0","  6.2","24","  7.4","24"," 28.0"," 49.9","  57.2","*","  31.1"," ","99.99"," ","999.9","010000"
"01023099999","2020-09-24","69.055758","18.540356","76.8","BARDUFOSS, NO","  42.0","24","  32.8","24","9999.9"," 0","999.9"," 0","  6.2","24","  6.6","24"," 15.2"," 27.2","  48.2","*","  35.6","*","99.99"," ","999.9","010000"
"01023099999","2020-09-25","69.055758","18.540356","76.8","BARDUFOSS, NO","  41.9","24","  38.8","24","9999.9"," 0","999.9"," 0","  6.2","24","  4.3","24"," 14.0"," 23.7","  49.6"," ","  33.8","*","99.99"," ","999.9","010000"
"01023099999","2020-09-26","69.055758","18.540356","76.8","BARDUFOSS, NO","  37.6","24","  34.3","24","9999.9"," 0","999.9"," 0","  6.2","24","  2.3","24"," 11.1"," 12.2","  47.1"," ","  27.9"," ","99.99"," ","999.9","010000"
"01023099999","2020-09-27","69.055758","18.540356","76.8","BARDUFOSS, NO","  34.1","24","  27.3","24","9999.9"," 0","999.9"," 0","  5.5","24","  1.6","24","  7.0"," 10.9","  50.5"," ","  23.9"," "," 0.00","I","999.9","100000"
"01023099999","2020-09-28","69.055758","18.540356","76.8","BARDUFOSS, NO","  43.0","24","  38.4","24","9999.9"," 0","999.9"," 0","  6.2","22","  1.0","24","  4.1","999.9","  57.7"," ","  28.4","*"," 0.00","I","999.9","000000"
"01023099999","2020-09-29","69.055758","18.540356","76.8","BARDUFOSS, NO","  46.5","24","  41.8","24","9999.9"," 0","999.9"," 0","  5.7","21","  2.3","24","  6.0","  9.9","  61.3"," ","  33.8","*","99.99"," ","999.9","110000"
"01023099999","2020-09-30","69.055758","18.540356","76.8","BARDUFOSS, NO","  44.8","24","  43.0","24","9999.9"," 0","999.9"," 0","  5.5","24","  1.1","24","  3.1","999.9","  55.4","*","  34.2"," ","99.99"," ","999.9","110000"
"01023099999","2020-10-01","69.055758","18.540356","76.8","BARDUFOSS, NO","  47.4","24","  43.8","24","9999.9"," 0","999.9"," 0","  6.2","24","  1.2","24","  3.5","999.9","  61.3"," ","  33.8","*"," 0.00","I","999.9","000000"
"01023099999","2020-10-02","69.055758","18.540356","76.8","BARDUFOSS, NO","  46.5","24","  40.0","24","9999.9"," 0","999.9"," 0","  5.8","24","  2.7","24","  8.9"," 13.8","  62.8"," ","  32.4"," "," 0.00","I","999.9","000000"
"01023099999","2020-10-03","69.055758","18.540356","76.8","BARDUFOSS, NO","  41.6","24","  36.7","24","9999.9"," 0","999.9"," 0","  6.2","24","  1.9","24","  6.0"," 10.9","  57.9"," ","  31.8"," "," 0.00","I","999.9","100000"
"01023099999","2020-10-04","69.055758","18.540356","76.8","BARDUFOSS, NO","  40.6","24","  36.7","24","9999.9"," 0","999.9"," 0","  6.2","24","  1.7","24","  5.1"," 10.9","  59.0"," ","  30.2","*"," 0.00","I","999.9","000000"
"01023099999","2020-10-05","69.055758","18.540356","76.8","BARDUFOSS, NO","  44.4","24","  37.0","24","9999.9"," 0","999.9"," 0","  6.2","24","  4.9","24"," 15.0"," 26.8","  55.4","*","  31.3"," "," 0.00","I","999.9","100000"
"01023099999","2020-10-06","69.055758","18.540356","76.8","BARDUFOSS, NO","  51.4","24","  41.1","24","9999.9"," 0","999.9"," 0","  6.2","24"," 10.1","24"," 19.0"," 26.2","  56.1"," ","  48.2","*"," 0.00","I","999.9","000000"
"01023099999","2020-10-07","69.055758","18.540356","76.8","BARDUFOSS, NO","  53.3","24","  41.9","24","9999.9"," 0","999.9"," 0","  6.2","24","  9.9","24"," 19.0"," 28.9","  59.0"," ","  49.5"," "," 0.00","I","999.9","000000"
"01023099999","2020-10-08","69.055758","18.540356","76.8","BARDUFOSS, NO","  52.9","24","  44.2","24","9999.9"," 0","999.9"," 0","  6.2","24","  3.1","24","  8.0"," 13.8","  59.5"," ","  42.1"," ","99.99"," ","999.9","010000"
"01023099999","2020-10-09","69.055758","18.540356","76.8","BARDUFOSS, NO","  46.9","24","  43.2","24","9999.9"," 0","999.9"," 0","  6.2","24","  1.1","24","  5.1","999.9","  56.3"," ","  39.6"," ","99.99"," ","999.9","010000"
"01023099999","2020-10-10","69.055758","18.540356","76.8","BARDUFOSS, NO","  46.0","24","  44.4","24","9999.9"," 0","999.9"," 0","  6.2","24","  3.6","24"," 12.0"," 15.7","  48.2","*","  44.1"," ","99.99"," ","999.9","010000"
"01023099999","2020-10-11","69.055758","18.540356","76.8","BARDUFOSS, NO","  44.0","24","  42.1","24","9999.9"," 0","999.9"," 0","  6.2","24","  2.0","24","  6.0","999.9","  46.4","*","  41.0","*","99.99"," ","999.9","110000"
"01023099999","2020-10-12","69.055758","18.540356","76.8","BARDUFOSS, NO","  40.8","24","  38.8","24","9999.9"," 0","999.9"," 0","  4.3","24","  1.7","24","  6.0","999.9","  44.6","*","  37.4","*","99.99"," ","999.9","110000"
"01023099999","2020-10-13","69.055758","18.540356","76.8","BARDUFOSS, NO","  36.0","24","  32.1","24","9999.9"," 0","999.9"," 0","  6.2","24","  2.2","24","  5.1","999.9","  42.1"," ","  28.4","*","99.99"," ","999.9","110000"
"01023099999","2020-10-14","69.055758","18.540356","76.8","BARDUFOSS, NO","  41.2","24","  36.0","24","9999.9"," 0","999.9"," 0","  6.2","24","  8.3","24"," 14.4"," 21.4","  45.7"," ","  36.9","*","99.99"," ","999.9","010000"
"01023099999","2020-10-15","69.055758","18.540356","76.8","BARDUFOSS, NO","  37.9","24","  35.5","24","9999.9"," 0","999.9"," 0","  6.1","24","  3.4","24","  7.0"," 11.3","  41.0","*","  35.1"," ","99.99"," ","999.9","010000"
"01023099999","2020-10-16","69.055758","18.540356","76.8","BARDUFOSS, NO","  39.0","24","  36.6","24","9999.9"," 0","999.9"," 0","  6.1","24","  3.5","24","  7.0"," 15.3","  41.2"," ","  35.6","*","99.99"," ","999.9","010000"
"01023099999","2020-10-17","69.055758","18.540356","76.8","BARDUFOSS, NO","  33.3","24","  28.7","24","9999.9"," 0","999.9"," 0","  6.1","24","  4.7","24"," 17.1"," 27.0","  35.6","*","  22.5"," ","99.99"," ","999.9","011000"
"01023099999","2020-10-18","69.055758","18.540356","76.8","BARDUFOSS, NO","  24.0","24","  21.5","24","9999.9"," 0","999.9"," 0","  6.2","24","  1.1","24","  3.3","999.9","  33.8"," ","  15.4"," "," 0.00","I","999.9","000000"
"01023099999","2020-10-19","69.055758","18.540356","76.8","BARDUFOSS, NO","  17.5","24","  15.1","24","9999.9"," 0","999.9"," 0","  6.2","24","  0.4","24","  2.1","999.9","  30.2","*","  11.5"," "," 0.00","I","999.9","000000"
"01023099999","2020-10-20","69.055758","18.540356","76.8","BARDUFOSS, NO","  15.8","24","  12.9","24","9999.9"," 0","999.9"," 0","  6.2","24","  0.6","24","  1.9","999.9","  29.1"," ","   9.7"," "," 0.00","I","999.9","000000"
"01023099999","2020-10-21","69.055758","18.540356","76.8","BARDUFOSS, NO","  23.2","24","  17.2","24","9999.9"," 0","999.9"," 0","  6.2","24","  4.2","24","  9.9"," 16.9","  32.9"," ","  10.4"," "," 0.00","I","999.9","000000"
"01023099999","2020-10-22","69.055758","18.540356","76.8","BARDUFOSS, NO","  28.1","24","  20.4","24","9999.9"," 0","999.9"," 0","  6.2","24","  3.5","24"," 12.6"," 17.5","  31.1"," ","  24.6"," ","99.99"," ","999.9","001000"
"01023099999","2020-10-23","69.055758","18.540356","76.8","BARDUFOSS, NO","  27.6","24","  25.4","24","9999.9"," 0","999.9"," 0","  6.1","24","  2.5","24","  8.0"," 10.1","  35.6","*","  22.5"," ","99.99"," ","999.9","011000"
"01023099999","2020-10-24","69.055758","18.540356","76.8","BARDUFOSS, NO","  34.4","24","  31.2","24","9999.9"," 0","999.9"," 0","  6.2","24","  5.2","24"," 12.0"," 15.7","  37.4","*","  30.2","*","99.99"," ","999.9","010000"
"01023099999","2020-10-25","69.055758","18.540356","76.8","BARDUFOSS, NO","  32.2","24","  27.0","24","9999.9"," 0","999.9"," 0","  4.5","24","  7.6","24"," 21.0"," 32.1","  39.2","*","  23.0","*","99.99"," ","999.9","101000"
"01023099999","2020-10-26","69.055758","18.540356","76.8","BARDUFOSS, NO","  35.0","24","  27.6","24","9999.9"," 0","999.9"," 0","  6.2","24","  4.5","24","  9.9"," 19.6","  44.6","*","  22.8"," ","99.99"," ","999.9","010000"
"01023099999","2020-10-27","69.055758","18.540356","76.8","BARDUFOSS, NO","  23.4","24","  20.7","24","9999.9"," 0","999.9"," 0","  6.2","24","  1.5","24","  8.0"," 12.6","  33.3"," ","  15.8"," "," 0.00","I","999.9","000000"
"01023099999","2020-10-28","69.055758","18.540356","76.8","BARDUFOSS, NO","  17.9","24","  16.3","24","9999.9"," 0","999.9"," 0","  6.2","24","  0.3","24","  1.9","999.9","  23.5"," ","  13.8"," "," 0.00","I","999.9","000000"
"01023099999","2020-10-29","69.055758","18.540356","76.8","BARDUFOSS, NO","  23.2","24","  21.7","24","9999.9"," 0","999.9"," 0","  5.7","24","  1.6","24"," 12.0","999.9","  32.0","*","  12.2","*","99.99"," ","999.9","011000"
"01023099999","2020-10-30","69.055758","18.540356","76.8","BARDUFOSS, NO","  19.5","24","  17.8","24","9999.9"," 0","999.9"," 0","  6.2","24","  0.9","24","  5.1","999.9","  30.2","*","   5.2"," ","99.99"," ","999.9","001000"
"01023099999","2020-10-31","69.055758","18.540356","76.8","BARDUFOSS, NO","  20.1","24","  18.0","24","9999.9"," 0","999.9"," 0","  6.2","24","  1.8","24","  5.1","999.9","  30.2"," ","   8.6","*"," 0.00","I","999.9","000000"
"01023099999","2020-11-01","69.055758","18.540356","76.8","BARDUFOSS, NO","  28.1","24","  24.9","24","9999.9"," 0","999.9"," 0","  6.2","24","  2.8","24","  9.9"," 18.1","  48.2","*","  14.0","*"," 0.00","I","999.9","000000"
"01023099999","2020-11-02","69.055758","18.540356","76.8","BARDUFOSS, NO","  45.5","24","  34.5","24","9999.9"," 0","999.9"," 0","  6.2","24"," 11.5","24"," 20.0"," 32.6","  50.0","*","  37.4","*","99.99"," ","999.9","010000"
"01023099999","2020-11-03","69.055758","18.540356","76.8","BARDUFOSS, NO","  41.6","24","  35.0","24","9999.9"," 0","999.9"," 0","  6.2","24","  5.8","24"," 12.0"," 23.5","  44.6","*","  30.2","*","99.99"," ","999.9","010000"
"01023099999","2020-11-04","69.055758","18.540356","76.8","BARDUFOSS, NO","  38.1","24","  31.5","24","9999.9"," 0","999.9"," 0","  6.2","24","  3.7","24"," 11.1"," 22.0","  44.6","*","  29.8"," ","99.99"," ","999.9","010000"
"01023099999","2020-11-05","69.055758","18.540356","76.8","BARDUFOSS, NO","  38.5","24","  34.6","24","9999.9"," 0","999.9"," 0","  6.1","24","  9.6","24"," 17.1"," 30.7","  41.0","*","  34.7"," ","99.99"," ","999.9","010000"
"01023099999","2020-11-06","69.055758","18.540356","76.8","BARDUFOSS, NO","  40.5","24","  33.9","24","9999.9"," 0","999.9"," 0","  6.2","24"," 10.3","24"," 22.9"," 42.0","  48.2","*","  35.4"," ","99.99"," ","999.9","010000"
"01023099999","2020-11-07","69.055758","18.540356","76.8","BARDUFOSS, NO","  35.6","24","  32.0","24","9999.9"," 0","999.9"," 0","  5.8","24","  8.9","24"," 22.0"," 36.1","  40.5"," ","  32.0","*","99.99"," ","999.9","011000"
"01023099999","2020-11-08","69.055758","18.540356","76.8","BARDUFOSS, NO","  33.5","24","  31.2","24","9999.9"," 0","999.9"," 0","  5.2","24","  4.3","24"," 15.9"," 28.9","  40.1"," ","  30.2","*","99.99"," ","999.9","011000"
"01023099999","2020-11-09","69.055758","18.540356","76.8","BARDUFOSS, NO","  36.3","24","  28.9","24","9999.9"," 0","999.9"," 0","  6.1","24"," 11.6","24"," 22.0"," 35.9","  39.2"," ","  32.0","*","99.99"," ","999.9","011000"
"01023099999","2020-11-10","69.055758","18.540356","76.8","BARDUFOSS, NO","  28.9","24","  26.7","24","9999.9"," 0","999.9"," 0","  6.2","24","  1.1","24","  7.0"," 13.8","  34.3"," ","  21.2"," ","99.99"," ","999.9","010000"
"01023099999","2020-11-11","69.055758","18.540356","76.8","BARDUFOSS, NO","  31.6","24","  29.2","24","9999.9"," 0","999.9"," 0","  6.2","24","  0.6","24","  2.9","999.9","  33.8","*","  28.4"," ","99.99"," ","999.9","010000"
"01023099999","2020-11-12","69.055758","18.540356","76.8","BARDUFOSS, NO","  29.8","24","  27.7","24","9999.9"," 0","999.9"," 0","  6.2","24","  2.3","24","  7.0"," 12.4","  36.1"," ","  23.5"," "," 0.00","I","999.9","000000"
"01023099999","2020-11-13","69.055758","18.540356","76.8","BARDUFOSS, NO","  30.4","24","  26.2","24","9999.9"," 0","999.9"," 0","  6.2","24","  2.0","24","  7.0","  9.7","  34.9"," ","  21.2","*"," 0.00","I","999.9","000000"
"01023099999","2020-11-14","69.055758","18.540356","76.8","BARDUFOSS, NO","  24.6","24","  22.9","24","9999.9"," 0","999.9"," 0","  6.2","24","  1.7","24","  5.1"," 14.0","  34.3"," ","  19.2"," "," 0.00","I","999.9","000000"
"01023099999","2020-11-15","69.055758","18.540356","76.8","BARDUFOSS, NO","  32.2","24","  30.6","24","9999.9"," 0","999.9"," 0","  6.2","24","  1.3","24","  4.9","999.9","  39.0"," ","  22.8"," ","99.99"," ","999.9","010000"
"01023099999","2020-11-16","69.055758","18.540356","76.8","BARDUFOSS, NO","  35.2","23","  32.9","23","9999.9"," 0","999.9"," 0","  8.0","23","  3.0","23"," 17.1"," 25.6","  46.8"," ","  31.5"," "," 0.00","I","999.9","000000"
"01023099999","2020-11-17","69.055758","18.540356","76.8","BARDUFOSS, NO","  45.7","24","  32.6","24","9999.9"," 0","999.9"," 0","  6.2","24","  5.5","24"," 17.1"," 25.6","  50.4"," ","  39.2","*"," 0.00","I","999.9","000000"
"01023099999","2020-11-18","69.055758","18.540356","76.8","BARDUFOSS, NO","  37.0","24","  31.9","24","9999.9"," 0","999.9"," 0","  6.1","24","  5.8","24"," 17.1"," 27.0","  42.8","*","  27.9"," ","99.99"," ","999.9","011000"
"01023099999","2020-11-19","69.055758","18.540356","76.8","BARDUFOSS, NO","  25.2","24","  23.1","24","9999.9"," 0","999.9"," 0","  4.6","24","  5.2","24"," 17.1"," 25.1","  33.8","*","  15.8","*","99.99"," ","999.9","001000"
"01023099999","2020-11-20","69.055758","18.540356","76.8","BARDUFOSS, NO","  29.6","24","  27.9","24","9999.9"," 0","999.9"," 0","  4.0","24","  7.2","24"," 17.1"," 24.9","  32.2"," ","  23.0","*","99.99"," ","999.9","001000"
"01023099999","2020-11-21","69.055758","18.540356","76.8","BARDUFOSS, NO","  27.1","24","  21.0","24","9999.9"," 0","999.9"," 0","  5.4","24","  5.0","24"," 14.0"," 22.5","  34.0"," ","   8.6","*","99.99"," ","999.9","101000"
"01023099999","2020-11-22","69.055758","18.540356","76.8","BARDUFOSS, NO","  23.4","24","  21.8","24","9999.9"," 0","999.9"," 0","  6.2","24","  1.1","24","  2.9","999.9","  31.8"," ","  14.0","*","99.99"," ","999.9","011000"
"01023099999","2020-11-23","69.055758","18.540356","76.8","BARDUFOSS, NO","  28.3","24","  26.8","24","9999.9"," 0","999.9"," 0","  6.2","24","  2.9","24","  8.9"," 14.2","  36.1"," ","  14.0","*","99.99"," ","999.9","001000"
"01023099999","2020-11-24","69.055758","18.540356","76.8","BARDUFOSS, NO","  10.8","24","   8.4","24","9999.9"," 0","999.9"," 0","  6.2","24","  0.7","24","  2.9","999.9","  23.0","*","   4.3"," ","99.99"," ","999.9","001000"
"01023099999","2020-11-25","69.055758","18.540356","76.8","BARDUFOSS, NO","  16.8","24","  15.0","24","9999.9"," 0","999.9"," 0","  6.2","24","  1.1","24","  2.9","999.9","  24.8","*","   6.8","*"," 0.00","I","999.9","000000"
"01023099999","2020-11-26","69.055758","18.540356","76.8","BARDUFOSS, NO","  14.3","24","  12.3","24","9999.9"," 0","999.9"," 0","  6.2","24","  0.6","24","  1.9","999.9","  21.6"," ","   3.7"," ","99.99"," ","999.9","001000"
"01023099999","2020-11-27","69.055758","18.540356","76.8","BARDUFOSS, NO","  30.5","24","  27.5","24","9999.9"," 0","999.9"," 0","  6.2","24","  2.3","24","  7.0"," 13.6","  41.0","*","  15.8","*","99.99"," ","999.9","011000"
"01023099999","2020-11-28","69.055758","18.540356","76.8","BARDUFOSS, NO","  31.6","24","  29.2","24","9999.9"," 0","999.9"," 0","  6.2","24","  2.0","24","  8.9"," 13.2","  41.2"," ","  26.2"," ","99.99"," ","999.9","010000"
"01023099999","2020-11-29","69.055758","18.540356","76.8","BARDUFOSS, NO","  41.4","24","  33.0","24","9999.9"," 0","999.9"," 0","  6.2","24","  4.9","24","  9.9"," 17.9","  44.6"," ","  35.6","*","99.99"," ","999.9","010000"
"01023099999","2020-11-30","69.055758","18.540356","76.8","BARDUFOSS, NO","  35.1","24","  25.7","24","9999.9"," 0","999.9"," 0","  7.9","24","  4.4","24"," 10.9"," 16.3","  41.2"," ","  27.0"," "," 0.00","I","999.9","000000"
"01023099999","2020-12-01","69.055758","18.540356","76.8","BARDUFOSS, NO","  30.7","24","  27.7","24","9999.9"," 0","999.9"," 0","  5.0","24","  5.6","24"," 17.1"," 24.9","  34.5"," ","  23.0","*","99.99"," ","999.9","011000"
"01023099999","2020-12-02","69.055758","18.540356","76.8","BARDUFOSS, NO","  31.4","24","  27.1","24","9999.9"," 0","999.9"," 0","  6.2","24","  3.1","24","  9.9"," 15.2","  39.2"," ","  19.4","*","99.99"," ","999.9","001000"
"01023099999","2020-12-03","69.055758","18.540356","76.8","BARDUFOSS, NO","  30.0","24","  26.7","24","9999.9"," 0","999.9"," 0","  5.5","24","  2.7","24","  8.9"," 14.6","  37.4","*","  20.1"," ","99.99"," ","999.9","101000"
"01023099999","2020-12-04","69.055758","18.540356","76.8","BARDUFOSS, NO","  13.7","24","  11.6","24","9999.9"," 0","999.9"," 0","  6.2","24","  0.8","24","  1.9","999.9","  20.8"," ","   8.2"," "," 0.00","I","999.9","000000"
"01023099999","2020-12-05","69.055758","18.540356","76.8","BARDUFOSS, NO","  23.0","24","  21.7","24","9999.9"," 0","999.9"," 0","  5.7","24","  1.1","24","  4.1","999.9","  30.7","*","  10.0"," ","99.99"," ","999.9","011000"
"01023099999","2020-12-06","69.055758","18.540356","76.8","BARDUFOSS, NO","   9.7","24","   7.5","24","9999.9"," 0","999.9"," 0","  6.2","24","  0.9","24","  2.9","999.9","  21.9"," ","  -1.1"," ","99.99"," ","999.9","001000"
"01023099999","2020-12-07","69.055758","18.540356","76.8","BARDUFOSS, NO","  19.5","24","  18.0","24","9999.9"," 0","999.9"," 0","  6.2","24","  0.2","24","  1.9","999.9","  24.8","*","   6.8","*"," 0.00","I","999.9","000000"
"01023099999","2020-12-08","69.055758","18.540356","76.8","BARDUFOSS, NO","  21.4","24","  20.3","24","9999.9"," 0","999.9"," 0","  6.2","24","  0.2","24","  1.9","999.9","  28.9"," ","   5.5"," ","99.99"," ","999.9","001000"
"01023099999","2020-12-09","69.055758","18.540356","76.8","BARDUFOSS, NO","  26.7","24","  25.3","24","9999.9"," 0","999.9"," 0","  6.2","24","  1.5","24","  6.0"," 11.5","  35.6","*","  17.2"," ","99.99"," ","999.9","011000"
"01023099999","2020-12-10","69.055758","18.540356","76.8","BARDUFOSS, NO","  28.0","24","  27.3","24","9999.9"," 0","999.9"," 0","  3.3","24","  1.8","24","  7.0","999.9","  33.8","*","  12.2","*","99.99"," ","999.9","111000"
"01023099999","2020-12-11","69.055758","18.540356","76.8","BARDUFOSS, NO","   6.8","24","   4.0","24","9999.9"," 0","999.9"," 0","  6.2","24","  0.3","24","  1.9","999.9","  15.8","*","   3.2","*"," 0.00","I","999.9","000000"
"01023099999","2020-12-12","69.055758","18.540356","76.8","BARDUFOSS, NO","  11.2","24","   8.9","24","9999.9"," 0","999.9"," 0","  6.2","24","  0.2","24","  1.9","999.9","  17.6"," ","   5.7"," "," 0.00","I","999.9","000000"
"01023099999","2020-12-13","69.055758","18.540356","76.8","BARDUFOSS, NO","   8.2","24","   5.5","24","9999.9"," 0","999.9"," 0","  6.1","24","  0.3","24","  4.1","999.9","  28.4","*","  -0.4","*"," 0.00","I","999.9","000000"
"01023099999","2020-12-14","69.055758","18.540356","76.8","BARDUFOSS, NO","  25.0","24","  22.5","24","9999.9"," 0","999.9"," 0","  5.9","24","  1.9","24","  6.0","999.9","  30.2","*","  17.6","*","99.99"," ","999.9","001000"
"01023099999","2020-12-15","69.055758","18.540356","76.8","BARDUFOSS, NO","  22.3","24","  21.3","24","9999.9"," 0","999.9"," 0","  6.2","24","  0.5","24","  2.9","999.9","  25.2"," ","  14.0","*","99.99"," ","999.9","001000"
"01023099999","2020-12-16","69.055758","18.540356","76.8","BARDUFOSS, NO","  20.8","24","  16.9","24","9999.9"," 0","999.9"," 0","  6.2","24","  2.8","24","  8.9"," 12.8","  33.8","*","  10.2"," "," 0.00","I","999.9","000000"
"01023099999","2020-12-17","69.055758","18.540356","76.8","BARDUFOSS, NO","  10.9","24","   5.1","24","9999.9"," 0","999.9"," 0","  6.2","24","  2.9","24","  8.0"," 12.2","  26.6","*","  -2.9"," "," 0.00","I","999.9","000000"
"01023099999","2020-12-18","69.055758","18.540356","76.8","BARDUFOSS, NO","   4.2","24","   1.5","24","9999.9"," 0","999.9"," 0","  6.2","24","  0.7","24","  1.9","999.9","  12.2","*","  -0.4","*"," 0.00","I","999.9","000000"
"01023099999","2020-12-19","69.055758","18.540356","76.8","BARDUFOSS, NO","   9.4","24","   7.0","24","9999.9"," 0","999.9"," 0","  5.9","24","  0.6","24","  2.9","999.9","  24.8","*","  -0.4","*","99.99"," ","999.9","001000"
"01023099999","2020-12-20","69.055758","18.540356","76.8","BARDUFOSS, NO","  30.1","24","  28.9","24","9999.9"," 0","999.9"," 0","  6.2","24","  2.1","24","  8.0"," 15.9","  36.3"," ","  24.4"," ","99.99"," ","999.9","111000"
"01023099999","2020-12-21","69.055758","18.540356","76.8","BARDUFOSS, NO","  35.5","24","  30.1","24","9999.9"," 0","999.9"," 0","  6.0","24","  3.6","24"," 11.1"," 18.3","  43.9"," ","  24.4"," ","99.99"," ","999.9","110000"
"01023099999","2020-12-22","69.055758","18.540356","76.8","BARDUFOSS, NO","  20.1","24","  18.6","24","9999.9"," 0","999.9"," 0","  6.2","24","  1.3","24","  4.5","999.9","  28.4","*","  11.3"," "," 0.00","I","999.9","000000"
"01023099999","2020-12-23","69.055758","18.540356","76.8","BARDUFOSS, NO","  21.2","24","  19.1","24","9999.9"," 0","999.9"," 0","  6.2","24","  1.3","24","  3.3","999.9","  29.7"," ","  11.5"," "," 0.00","I","999.9","000000"
"01023099999","2020-12-24","69.055758","18.540356","76.8","BARDUFOSS, NO","  18.4","24","  16.7","24","9999.9"," 0","999.9"," 0","  4.5","24","  0.7","24","  2.9","999.9","  26.8"," ","   3.2","*","99.99"," ","999.9","101000"
"01023099999","2020-12-25","69.055758","18.540356","76.8","BARDUFOSS, NO","   9.9","24","   5.6","24","9999.9"," 0","999.9"," 0","  6.2","24","  2.5","24","  7.2"," 10.9","  21.7"," ","   1.4"," "," 0.00","I","999.9","000000"
"01023099999","2020-12-26","69.055758","18.540356","76.8","BARDUFOSS, NO","  17.1","24","   5.4","24","9999.9"," 0","999.9"," 0","  6.2","24","  8.3","24"," 13.0"," 18.8","  21.4"," ","  13.3"," "," 0.00","I","999.9","000000"
"01023099999","2020-12-27","69.055758","18.540356","76.8","BARDUFOSS, NO","  15.0","24","   3.8","24","9999.9"," 0","999.9"," 0","  6.2","24"," 12.5","24"," 25.8"," 36.1","  24.8","*","  10.4","*","99.99"," ","999.9","001000"
"01023099999","2020-12-28","69.055758","18.540356","76.8","BARDUFOSS, NO","  34.7","24","  22.8","24","9999.9"," 0","999.9"," 0","  6.2","24","  9.8","24"," 19.0"," 29.9","  39.2","*","  23.0","*"," 0.00","I","999.9","000000"
"01023099999","2020-12-29","69.055758","18.540356","76.8","BARDUFOSS, NO","  28.1","24","  21.0","24","9999.9"," 0","999.9"," 0","  6.2","24","  6.2","24"," 15.9"," 25.1","  35.6"," ","  19.4"," "," 0.00","I","999.9","000000"
"01023099999","2020-12-30","69.055758","18.540356","76.8","BARDUFOSS, NO","  28.2","24","  21.9","24","9999.9"," 0","999.9"," 0","  6.2","24","  2.2","24","  8.0"," 12.6","  34.3"," ","  21.2"," "," 0.00","I","999.9","000000"
"01023099999","2020-12-31","69.055758","18.540356","76.8","BARDUFOSS, NO","  23.1","24","  18.0","24","9999.9"," 0","999.9"," 0","  6.2","24","  3.1","24"," 14.6"," 24.3","  35.6","*","  12.2","*"," 0.00","I","999.9","000000"
"01023099999","2021-01-01","69.055758","18.540356","76.8","BARDUFOSS, NO","  16.8","24","  11.4","24","9999.9"," 0","999.9"," 0","  6.2","24","  3.8","24"," 15.0"," 22.0","  33.8","*","   1.4","*"," 0.00","I","999.9","000000"
"01023099999","2021-01-02","69.055758","18.540356","76.8","BARDUFOSS, NO","  17.2","24","  15.1","24","9999.9"," 0","999.9"," 0","  6.1","24","  0.5","24","  2.9","999.9","  23.0","*","  -0.4","*","99.99"," ","999.9","001000"
"01023099999","2021-01-03","69.055758","18.540356","76.8","BARDUFOSS, NO","  23.7","24","  22.3","24","9999.9"," 0","999.9"," 0","  6.2","24","  0.8","24","  2.9","999.9","  26.6","*","  19.4"," ","99.99"," ","999.9","001000"
"01023099999","2021-01-04","69.055758","18.540356","76.8","BARDUFOSS, NO","  35.3","24","  28.9","24","9999.9"," 0","999.9"," 0","  6.2","24","  5.3","24","  8.0"," 14.6","  41.0","*","  25.7"," "," 0.00","I","999.9","000000"
"01023099999","2021-01-05","69.055758","18.540356","76.8","BARDUFOSS, NO","  34.5","24","  31.0","24","9999.9"," 0","999.9"," 0","  6.2","24","  3.6","24","  6.4"," 14.0","  41.0","*","  32.0","*","99.99"," ","999.9","010000"
"01023099999","2021-01-06","69.055758","18.540356","76.8","BARDUFOSS, NO","  34.9","24","  30.0","24","9999.9"," 0","999.9"," 0","  6.2","24","  2.8","24","  7.0"," 13.6","  41.2"," ","  24.8","*","99.99"," ","999.9","010000"
"01023099999","2021-01-07","69.055758","18.540356","76.8","BARDUFOSS, NO","  19.3","24","   9.9","24","9999.9"," 0","999.9"," 0","  6.2","24","  3.2","24","  8.9"," 14.6","  27.7"," ","   7.9"," "," 0.00","I","999.9","000000"
"01023099999","2021-01-08","69.055758","18.540356","76.8","BARDUFOSS, NO","   8.1","24","   3.9","24","9999.9"," 0","999.9"," 0","  6.2","24","  1.7","24","  5.1","999.9","  14.0","*","   1.2"," "," 0.00","I","999.9","000000"
"01023099999","2021-01-09","69.055758","18.540356","76.8","BARDUFOSS, NO","   2.9","24","  -1.2","24","9999.9"," 0","999.9"," 0","  6.2","24","  1.0","24","  8.9"," 16.9","  21.2","*","  -0.8"," "," 0.00","I","999.9","000000"
"01023099999","2021-01-10","69.055758","18.540356","76.8","BARDUFOSS, NO","  18.4","24","   9.3","24","9999.9"," 0","999.9"," 0","  6.2","24","  4.7","24"," 10.7"," 20.8","  24.8","*","   4.8"," "," 0.00","I","999.9","000000"
"01023099999","2021-01-11","69.055758","18.540356","76.8","BARDUFOSS, NO","  12.3","24","   3.3","24","9999.9"," 0","999.9"," 0","  6.2","24","  5.2","24"," 13.0"," 24.1","  19.4","*","   1.4"," "," 0.00","I","999.9","000000"
"01023099999","2021-01-12","69.055758","18.540356","76.8","BARDUFOSS, NO","  13.8","24","   5.3","24","9999.9"," 0","999.9"," 0","  6.2","24","  3.9","24","  9.9"," 15.3","  23.0"," ","   0.5"," "," 0.00","I","999.9","000000"
"01023099999","2021-01-13","69.055758","18.540356","76.8","BARDUFOSS, NO","   4.8","24","  -0.3","24","9999.9"," 0","999.9"," 0","  6.2","24","  1.5","24","  4.7","999.9","  12.4"," ","   1.2"," "," 0.00","I","999.9","000000"
"01023099999","2021-01-14","69.055758","18.540356","76.8","BARDUFOSS, NO","  16.4","24","  11.8","24","9999.9"," 0","999.9"," 0","  6.1","24","  1.3","24","  5.1","999.9","  32.0","*","   6.4"," ","99.99"," ","999.9","011000"
"01023099999","2021-01-15","69.055758","18.540356","76.8","BARDUFOSS, NO","  33.1","24","  30.7","24","9999.9"," 0","999.9"," 0","  6.1","24","  5.6","24","  8.9"," 15.0","  35.6","*","  26.2"," ","99.99"," ","999.9","011000"
"01023099999","2021-01-16","69.055758","18.540356","76.8","BARDUFOSS, NO","  33.6","24","  29.3","24","9999.9"," 0","999.9"," 0","  6.1","24","  5.3","24","  9.1"," 15.2","  36.3"," ","  27.0"," ","99.99"," ","999.9","011000"
"01023099999","2021-01-17","69.055758","18.540356","76.8","BARDUFOSS, NO","  21.6","24","  19.9","24","9999.9"," 0","999.9"," 0","  6.2","24","  1.9","24","  5.1","999.9","  31.6"," ","  12.2","*"," 0.00","I","999.9","100000"
"01023099999","2021-01-18","69.055758","18.540356","76.8","BARDUFOSS, NO","  18.3","24","  16.2","24","9999.9"," 0","999.9"," 0","  6.2","24","  0.6","24","  2.5","999.9","  23.0","*","  10.9"," ","99.99"," ","999.9","011000"
"01023099999","2021-01-19","69.055758","18.540356","76.8","BARDUFOSS, NO","  15.1","24","  11.2","24","9999.9"," 0","999.9"," 0","  5.9","24","  3.7","24"," 18.1"," 26.0","  25.0"," ","   5.7"," ","99.99"," ","999.9","001000"
"01023099999","2021-01-20","69.055758","18.540356","76.8","BARDUFOSS, NO","  21.0","24","   6.7","24","9999.9"," 0","999.9"," 0","  6.2","24"," 14.4","24"," 21.0"," 31.1","  23.5"," ","  19.4","*"," 0.00","I","999.9","000000"
"01023099999","2021-01-21","69.055758","18.540356","76.8","BARDUFOSS, NO","  16.6","24","   1.8","24","9999.9"," 0","999.9"," 0","  6.2","24"," 21.1","24"," 31.1"," 45.1","  19.4","*","  14.0","*","99.99"," ","999.9","001000"
"01023099999","2021-01-22","69.055758","18.540356","76.8","BARDUFOSS, NO","  13.3","24","   1.2","24","9999.9"," 0","999.9"," 0","  6.1","24"," 22.4","24"," 32.1"," 48.8","  15.8","*","  10.4","*","99.99"," ","999.9","001000"
"01023099999","2021-01-23","69.055758","18.540356","76.8","BARDUFOSS, NO","  12.8","24","  -0.2","24","9999.9"," 0","999.9"," 0","  6.2","24"," 16.7","24"," 25.1"," 36.9","  15.8"," ","   9.5"," ","99.99"," ","999.9","001000"
"01023099999","2021-01-24","69.055758","18.540356","76.8","BARDUFOSS, NO","   3.1","24","  -3.3","24","9999.9"," 0","999.9"," 0","  6.2","24","  2.2","24","  6.0"," 11.5","  12.7"," ","  -4.0","*"," 0.00","I","999.9","000000"
"01023099999","2021-01-25","69.055758","18.540356","76.8","BARDUFOSS, NO","   4.1","24","  -1.7","24","9999.9"," 0","999.9"," 0","  6.2","24","  1.6","24","  5.1","999.9","  10.8"," ","  -6.5"," ","99.99"," ","999.9","001000"
"01023099999","2021-01-26","69.055758","18.540356","76.8","BARDUFOSS, NO","  -1.7","24","  -5.2","24","9999.9"," 0","999.9"," 0","  7.9","24","  1.5","24","  3.3","999.9","   3.4"," ","  -6.3"," "," 0.00","I","999.9","000000"
"01023099999","2021-01-27","69.055758","18.540356","76.8","BARDUFOSS, NO","  12.6","24","   4.5","24","9999.9"," 0","999.9"," 0","  6.2","24","  7.3","24"," 17.3"," 26.0","  23.9"," ","  -1.5"," "," 0.00","I","999.9","000000"
"01023099999","2021-01-28","69.055758","18.540356","76.8","BARDUFOSS, NO","  19.2","24","   6.6","24","9999.9"," 0","999.9"," 0","  6.2","24"," 12.7","24"," 17.1"," 29.9","  23.0","*","  15.6"," "," 0.00","I","999.9","000000"
"01023099999","2021-01-29","69.055758","18.540356","76.8","BARDUFOSS, NO","   9.6","24","  -0.1","24","9999.9"," 0","999.9"," 0","  6.2","24","  5.2","24"," 12.0"," 19.0","  17.6","*","  -5.8","*"," 0.00","I","999.9","000000"
"01023099999","2021-01-30","69.055758","18.540356","76.8","BARDUFOSS, NO","  -3.6","24","  -7.6","24","9999.9"," 0","999.9"," 0","  6.2","24","  0.9","24","  3.1","999.9","  -0.4"," ","  -7.6","*"," 0.00","I","999.9","000000"
"01023099999","2021-01-31","69.055758","18.540356","76.8","BARDUFOSS, NO","   2.4","24","  -0.9","24","9999.9"," 0","999.9"," 0","  6.2","24","  0.2","24","  2.1","999.9","   8.6","*","  -3.3"," ","99.99"," ","999.9","001000"
"01023099999","2021-02-01","69.055758","18.540356","76.8","BARDUFOSS, NO","  12.6","24","  10.5","24","9999.9"," 0","999.9"," 0","  5.5","24","  0.6","24","  2.9","999.9","  19.4"," ","   5.0","*","99.99"," ","999.9","001000"
"01023099999","2021-02-02","69.055758","18.540356","76.8","BARDUFOSS, NO","   1.2","24","  -1.7","24","9999.9"," 0","999.9"," 0","  6.2","24","  0.2","24","  2.1","999.9","  17.1"," ","  -7.6","*"," 0.00","I","999.9","000000"
"01023099999","2021-02-03","69.055758","18.540356","76.8","BARDUFOSS, NO","  -6.0","24","  -9.9","24","9999.9"," 0","999.9"," 0","  5.7","24","  0.3","24","  1.9","999.9","   5.2"," "," -14.8"," ","99.99"," ","999.9","001000"
"01023099999","2021-02-04","69.055758","18.540356","76.8","BARDUFOSS, NO","   5.9","24","   3.1","24","9999.9"," 0","999.9"," 0","  5.9","24","  0.1","24","  1.9","999.9","  23.0","*","  -0.4","*","99.99"," ","999.9","101000"
"01023099999","2021-02-05","69.055758","18.540356","76.8","BARDUFOSS, NO","  22.5","24","  20.5","24","9999.9"," 0","999.9"," 0","  6.2","24","  3.0","24","  8.0"," 10.3","  28.4","*","  15.3"," ","99.99"," ","999.9","001000"
"01023099999","2021-02-06","69.055758","18.540356","76.8","BARDUFOSS, NO","  24.3","24","  19.5","24","9999.9"," 0","999.9"," 0","  6.1","24","  6.1","24"," 11.3"," 14.8","  28.8"," ","  18.9"," ","99.99"," ","999.9","001000"
"01023099999","2021-02-07","69.055758","18.540356","76.8","BARDUFOSS, NO","  24.1","24","  20.5","24","9999.9"," 0","999.9"," 0","  6.0","24","  5.6","24"," 11.1"," 15.2","  28.4","*","  17.2"," ","99.99"," ","999.9","001000"
"01023099999","2021-02-08","69.055758","18.540356","76.8","BARDUFOSS, NO","  18.6","24","  16.8","24","9999.9"," 0","999.9"," 0","  5.1","24","  1.7","24","  5.1","999.9","  25.0"," ","   3.0"," ","99.99"," ","999.9","101000"
"01023099999","2021-02-09","69.055758","18.540356","76.8","BARDUFOSS, NO","  -2.4","24","  -6.1","24","9999.9"," 0","999.9"," 0","  7.2","24","  0.4","24","  1.9","999.9","   5.0","*","  -8.3"," ","99.99"," ","999.9","001000"
"01023099999","2021-02-10","69.055758","18.540356","76.8","BARDUFOSS, NO","   8.3","14","   5.6","14","9999.9"," 0","999.9"," 0","  4.7","14","  0.8","14","  2.9","999.9","  24.8","*","  -0.4","*","99.99"," ","999.9","001000"
"01023099999","2021-02-13","69.055758","18.540356","76.8","BARDUFOSS, NO","  11.6","15","   9.3","15","9999.9"," 0","999.9"," 0","  6.2","15","  1.5","15","  6.0","999.9","  21.2","*","   4.1"," ","99.99"," ","999.9","001000"
"01023099999","2021-02-14","69.055758","18.540356","76.8","BARDUFOSS, NO","  15.9","24","  14.0","24","9999.9"," 0","999.9"," 0","  5.1","24","  1.2","24","  7.0"," 10.9","  32.0","*","  -0.4","*","99.99"," ","999.9","011000"
"01023099999","2021-02-15","69.055758","18.540356","76.8","BARDUFOSS, NO","  30.6","24","  29.1","24","9999.9"," 0","999.9"," 0","  5.9","24","  5.5","24"," 13.0"," 15.2","  33.8","*","  22.8"," ","99.99"," ","999.9","111000"
"01023099999","2021-02-16","69.055758","18.540356","76.8","BARDUFOSS, NO","   8.9","24","   6.6","24","9999.9"," 0","999.9"," 0","  5.4","24","  0.7","24","  2.9","999.9","  23.9"," ","  -9.4"," "," 0.00","I","999.9","100000"
"01023099999","2021-02-17","69.055758","18.540356","76.8","BARDUFOSS, NO","  -7.4","24"," -11.7","24","9999.9"," 0","999.9"," 0","  6.2","24","  0.8","24","  2.9","999.9","   9.7"," "," -16.6","*"," 0.00","I","999.9","000000"
"01023099999","2021-02-18","69.055758","18.540356","76.8","BARDUFOSS, NO","  -6.7","24"," -11.3","24","9999.9"," 0","999.9"," 0","  6.2","24","  1.6","24","  4.1","999.9","  15.8","*"," -19.3"," "," 0.00","I","999.9","000000"
"01023099999","2021-02-19","69.055758","18.540356","76.8","BARDUFOSS, NO","  11.2","13","   3.3","13","9999.9"," 0","999.9"," 0","  6.2","13","  7.0","13"," 10.7"," 19.4","  19.4","*","  -9.6"," "," 0.00","I","999.9","000000"
"01023099999","2021-02-20","69.055758","18.540356","76.8","BARDUFOSS, NO","  14.9"," 4","   5.4"," 4","1011.0"," 4","001.0"," 4","999.9"," 0"," 11.8"," 4"," 12.6"," 21.6","  17.1"," ","  13.5"," "," 0.00","I","999.9","000000"
"01023099999","2021-02-21","69.055758","18.540356","76.8","BARDUFOSS, NO","  13.0","11","   4.0","11","1010.5"," 4","000.6"," 4"," 10.0"," 8"," 12.8","11"," 16.9"," 29.1","  16.3"," ","  10.0"," ","99.99"," ","999.9","001000"
"01023099999","2021-02-22","69.055758","18.540356","76.8","BARDUFOSS, NO","  17.8","24","   8.2","24","9999.9"," 0","999.9"," 0","  6.2","24","  7.5","24"," 14.0"," 19.4","  21.2"," ","  13.1"," ","99.99"," ","999.9","001000"
"01023099999","2021-02-23","69.055758","18.540356","76.8","BARDUFOSS, NO","  19.7","24","   9.2","24","9999.9"," 0","999.9"," 0","  7.5","24","  5.3","24"," 12.0"," 17.9","  23.0","*","  17.4"," ","99.99"," ","999.9","001000"
"01023099999","2021-02-24","69.055758","18.540356","76.8","BARDUFOSS, NO","  24.8","24","  18.4","24","9999.9"," 0","999.9"," 0","  6.2","24","  3.9","24"," 13.0"," 18.1","  33.6"," ","  12.2","*","99.99"," ","999.9","011000"
"01023099999","2021-02-25","69.055758","18.540356","76.8","BARDUFOSS, NO","  38.0","24","  33.9","24","9999.9"," 0","999.9"," 0","  6.2","24","  5.0","24"," 11.1"," 18.8","  43.5"," ","  26.6","*","99.99"," ","999.9","010000"
"01023099999","2021-02-26","69.055758","18.540356","76.8","BARDUFOSS, NO","  34.8","24","  31.5","24","9999.9"," 0","999.9"," 0","  6.1","24","  6.9","24"," 14.0"," 20.8","  37.4","*","  31.8"," ","99.99"," ","999.9","010000"
"01023099999","2021-02-27","69.055758","18.540356","76.8","BARDUFOSS, NO","  35.5","24","  30.0","24","9999.9"," 0","999.9"," 0","  6.2","24","  4.7","24","  8.9"," 13.4","  41.0","*","  31.1"," ","99.99"," ","999.9","011000"
"01023099999","2021-02-28","69.055758","18.540356","76.8","BARDUFOSS, NO","  40.7","24","  34.9","24","9999.9"," 0","999.9"," 0","  6.2","24"," 11.1","24"," 27.0"," 40.0","  44.6","*","  35.1"," ","99.99"," ","999.9","010000"
"01023099999","2021-03-01","69.055758","18.540356","76.8","BARDUFOSS, NO","  34.4","24","  29.6","24","9999.9"," 0","999.9"," 0","  4.3","24"," 13.5","24"," 22.0"," 35.0","  38.5"," ","  30.2","*","99.99"," ","999.9","011010"
"01023099999","2021-03-02","69.055758","18.540356","76.8","BARDUFOSS, NO","  32.3","24","  28.9","24","9999.9"," 0","999.9"," 0","  4.1","24","  6.9","24"," 19.0"," 28.9","  36.1"," ","  30.2"," ","99.99"," ","999.9","011000"
"01023099999","2021-03-03","69.055758","18.540356","76.8","BARDUFOSS, NO","  28.3","24","  23.9","24","9999.9"," 0","999.9"," 0","  5.5","24","  7.5","24"," 24.1"," 33.0","  32.0","*","  19.4","*","99.99"," ","999.9","001000"
"01023099999","2021-03-04","69.055758","18.540356","76.8","BARDUFOSS, NO","  20.9","24","  17.9","24","9999.9"," 0","999.9"," 0","  5.4","24","  4.5","24","  8.9"," 13.2","  26.1"," ","  13.5"," ","99.99"," ","999.9","001000"
"01023099999","2021-03-05","69.055758","18.540356","76.8","BARDUFOSS, NO","  23.4","24","  19.0","24","9999.9"," 0","999.9"," 0","  5.6","24","  5.3","24"," 11.1"," 18.8","  30.2","*","   9.3"," ","99.99"," ","999.9","001000"
"01023099999","2021-03-06","69.055758","18.540356","76.8","BARDUFOSS, NO","  22.2","24","  17.8","24","9999.9"," 0","999.9"," 0","  3.9","24","  9.0","24"," 21.0"," 25.3","  30.2","*","  17.6","*","99.99"," ","999.9","001000"
"01023099999","2021-03-07","69.055758","18.540356","76.8","BARDUFOSS, NO","  19.0","24","  14.8","24","9999.9"," 0","999.9"," 0","  5.8","24","  3.2","24"," 13.0"," 16.3","  28.4","*","   8.4"," ","99.99"," ","999.9","001000"
"01023099999","2021-03-08","69.055758","18.540356","76.8","BARDUFOSS, NO","  15.6","24","  11.5","24","9999.9"," 0","999.9"," 0","  5.7","24","  0.8","24","  4.5","999.9","  28.9","*","  -4.0"," ","99.99"," ","999.9","001000"
"01023099999","2021-03-09","69.055758","18.540356","76.8","BARDUFOSS, NO","   3.9","24","  -1.6","24","9999.9"," 0","999.9"," 0","  6.2","24","  2.1","24","  8.4"," 11.3","  23.0","*"," -11.2","*"," 0.00","I","999.9","000000"
"01023099999","2021-03-10","69.055758","18.540356","76.8","BARDUFOSS, NO","   2.7","24","  -4.4","24","9999.9"," 0","999.9"," 0","  6.2","24","  1.5","24","  5.1"," 12.6","  21.9"," ","  -9.4","*"," 0.00","I","999.9","000000"
"01023099999","2021-03-11","69.055758","18.540356","76.8","BARDUFOSS, NO","  12.4","24","   3.3","24","9999.9"," 0","999.9"," 0","  6.2","24","  5.3","24"," 15.0"," 22.5","  28.4","*"," -11.7"," "," 0.00","I","999.9","000000"
"01023099999","2021-03-12","69.055758","18.540356","76.8","BARDUFOSS, NO","  23.5","24","  14.6","24","9999.9"," 0","999.9"," 0","  6.2","24","  3.3","24","  8.0"," 11.8","  32.0","*","  12.0"," "," 0.00","I","999.9","000000"
"01023099999","2021-03-13","69.055758","18.540356","76.8","BARDUFOSS, NO","  25.5","24","  20.1","24","9999.9"," 0","999.9"," 0","  5.7","24","  2.7","24","  8.0","999.9","  32.0","*","  15.8","*","99.99"," ","999.9","001000"
"01023099999","2021-03-14","69.055758","18.540356","76.8","BARDUFOSS, NO","  31.4","24","  28.6","24","9999.9"," 0","999.9"," 0","  6.1","24","  1.9","24","  6.0"," 10.3","  36.7"," ","  25.9"," ","99.99"," ","999.9","011000"
"01023099999","2021-03-15","69.055758","18.540356","76.8","BARDUFOSS, NO","  30.3","24","  28.1","24","9999.9"," 0","999.9"," 0","  6.0","24","  2.5","24","  7.0","999.9","  34.3"," ","  25.9"," ","99.99"," ","999.9","011000"
"01023099999","2021-03-16","69.055758","18.540356","76.8","BARDUFOSS, NO","  23.7","24","  20.7","24","9999.9"," 0","999.9"," 0","  4.8","24","  2.2","24","  6.0","  9.7","  32.0","*","   8.6","*","99.99"," ","999.9","001000"
"01023099999","2021-03-17","69.055758","18.540356","76.8","BARDUFOSS, NO","  18.0","24","  13.1","24","9999.9"," 0","999.9"," 0","  6.2","24","  2.2","24","  8.0","999.9","  29.7"," ","  -5.8","*","99.99"," ","999.9","001000"
"01023099999","2021-03-18","69.055758","18.540356","76.8","BARDUFOSS, NO","   7.1","24","   0.3","24","9999.9"," 0","999.9"," 0","  6.2","24","  0.7","24","  2.9","999.9","  26.8"," ","  -8.3"," "," 0.00","I","999.9","000000"
"01023099999","2021-03-19","69.055758","18.540356","76.8","BARDUFOSS, NO","  32.1","24","  22.2","24","9999.9"," 0","999.9"," 0","  5.5","24"," 10.6","24"," 22.9"," 35.9","  44.6","*","  10.4","*","99.99"," ","999.9","011000"
"01023099999","2021-03-20","69.055758","18.540356","76.8","BARDUFOSS, NO","  33.8","24","  29.1","24","9999.9"," 0","999.9"," 0","  4.5","24","  7.7","24"," 24.1"," 33.4","  37.6"," ","  28.4","*","99.99"," ","999.9","011000"
"01023099999","2021-03-21","69.055758","18.540356","76.8","BARDUFOSS, NO","  23.4","24","  19.9","24","9999.9"," 0","999.9"," 0","  4.6","24"," 11.0","24"," 20.0"," 27.6","  28.4","*","  14.0","*","99.99"," ","999.9","001000"
"01023099999","2021-03-22","69.055758","18.540356","76.8","BARDUFOSS, NO","  28.5","24","  24.6","24","9999.9"," 0","999.9"," 0","  5.7","24","  4.6","24","  8.9"," 16.7","  41.0","*","  19.4","*","99.99"," ","999.9","011000"
"01023099999","2021-03-23","69.055758","18.540356","76.8","BARDUFOSS, NO","  37.8","24","  30.4","24","9999.9"," 0","999.9"," 0","  5.3","24"," 11.8","24"," 20.0"," 35.4","  42.8","*","  32.0","*","99.99"," ","999.9","011000"
"01023099999","2021-03-24","69.055758","18.540356","76.8","BARDUFOSS, NO","  36.3","24","  32.1","24","9999.9"," 0","999.9"," 0","  4.4","24","  8.4","24"," 20.6"," 35.2","  46.4","*","  32.0"," ","99.99"," ","999.9","011000"
"01023099999","2021-03-25","69.055758","18.540356","76.8","BARDUFOSS, NO","  33.9","24","  27.1","24","9999.9"," 0","999.9"," 0","  5.9","24","  7.5","24"," 18.6"," 35.0","  39.7"," ","  22.8"," ","99.99"," ","999.9","111000"
"01023099999","2021-03-26","69.055758","18.540356","76.8","BARDUFOSS, NO","  30.4","24","  19.6","24","9999.9"," 0","999.9"," 0","  6.2","24","  2.7","24","  8.9"," 12.6","  44.6","*","  14.7"," "," 0.00","I","999.9","000000"
"01023099999","2021-03-27","69.055758","18.540356","76.8","BARDUFOSS, NO","  36.9","24","  27.1","24","9999.9"," 0","999.9"," 0","  6.2","24","  4.9","24"," 11.7"," 15.3","  45.5"," ","  24.8"," ","99.99"," ","999.9","010000"
"01023099999","2021-03-28","69.055758","18.540356","76.8","BARDUFOSS, NO","  35.5","24","  25.0","24","9999.9"," 0","999.9"," 0","  6.2","24","  4.5","24","  9.9"," 20.0","  42.8","*","  22.8"," ","99.99"," ","999.9","010000"
"01023099999","2021-03-29","69.055758","18.540356","76.8","BARDUFOSS, NO","  35.7","24","  25.8","24","9999.9"," 0","999.9"," 0","  6.2","24","  4.5","24"," 11.1"," 18.1","  44.6","*","  24.8","*"," 0.00","I","999.9","000000"
"01023099999","2021-03-30","69.055758","18.540356","76.8","BARDUFOSS, NO","  34.9","24","  32.2","24","9999.9"," 0","999.9"," 0","  5.3","24","  3.8","24"," 11.1"," 17.5","  39.2","*","  30.2","*","99.99"," ","999.9","011000"
"01023099999","2021-03-31","69.055758","18.540356","76.8","BARDUFOSS, NO","  35.7","24","  32.0","24","9999.9"," 0","999.9"," 0","  5.9","24","  8.8","24"," 15.0"," 21.4","  39.6"," ","  32.5"," ","99.99"," ","999.9","011000"
"01023099999","2021-04-01","69.055758","18.540356","76.8","BARDUFOSS, NO","  34.7","24","  31.0","24","9999.9"," 0","999.9"," 0","  6.1","24","  3.8","24","  9.9"," 16.7","  39.7"," ","  30.2","*","99.99"," ","999.9","011000"
"01023099999","2021-04-02","69.055758","18.540356","76.8","BARDUFOSS, NO","  34.3","24","  29.3","24","9999.9"," 0","999.9"," 0","  5.6","24","  7.2","24"," 17.1"," 20.2","  39.4"," ","  30.2"," ","99.99"," ","999.9","011000"
"01023099999","2021-04-03","69.055758","18.540356","76.8","BARDUFOSS, NO","  35.1","24","  28.9","24","9999.9"," 0","999.9"," 0","  5.7","24","  7.9","24"," 15.0"," 23.3","  39.6"," ","  30.2","*","99.99"," ","999.9","011000"
"01023099999","2021-04-04","69.055758","18.540356","76.8","BARDUFOSS, NO","  29.7","24","  26.4","24","9999.9"," 0","999.9"," 0","  3.9","24","  3.5","24","  7.0"," 11.7","  34.3"," ","  17.6","*","99.99"," ","999.9","011000"
"01023099999","2021-04-05","69.055758","18.540356","76.8","BARDUFOSS, NO","  26.9","24","  22.6","24","9999.9"," 0","999.9"," 0","  5.6","24","  0.8","24","  7.0"," 11.5","  35.6","*","  17.6"," ","99.99"," ","999.9","111000"
"01023099999","2021-04-06","69.055758","18.540356","76.8","BARDUFOSS, NO","  34.2","24","  31.3","24","9999.9"," 0","999.9"," 0","  4.7","24"," 13.1","24"," 21.4"," 28.9","  37.4","*","  29.7"," ","99.99"," ","999.9","011000"
"01023099999","2021-04-07","69.055758","18.540356","76.8","BARDUFOSS, NO","  30.6","24","  25.9","24","9999.9"," 0","999.9"," 0","  5.3","24","  9.3","24"," 17.1"," 25.6","  33.8","*","  25.9"," ","99.99"," ","999.9","011000"
"01023099999","2021-04-08","69.055758","18.540356","76.8","BARDUFOSS, NO","  26.2","24","  16.8","24","9999.9"," 0","999.9"," 0","  6.2","24","  3.2","24","  8.5"," 15.0","  37.4","*","   8.6","*"," 0.00","I","999.9","000000"
"01023099999","2021-04-09","69.055758","18.540356","76.8","BARDUFOSS, NO","  22.5","24","   8.1","24","9999.9"," 0","999.9"," 0","  6.2","24","  2.3","24","  9.9"," 16.5","  39.4"," ","   0.5"," "," 0.00","I","999.9","000000"
"01023099999","2021-04-10","69.055758","18.540356","76.8","BARDUFOSS, NO","  28.6","24","  18.2","24","9999.9"," 0","999.9"," 0","  5.6","24","  6.1","24"," 14.0"," 26.0","  38.3"," ","  12.0"," ","99.99"," ","999.9","011000"
"01023099999","2021-04-11","69.055758","18.540356","76.8","BARDUFOSS, NO","  34.0","24","  29.4","24","9999.9"," 0","999.9"," 0","  5.2","24"," 10.0","24"," 19.2"," 27.8","  37.8"," ","  28.4","*","99.99"," ","999.9","011000"
"01023099999","2021-04-12","69.055758","18.540356","76.8","BARDUFOSS, NO","  30.9","24","  24.2","24","9999.9"," 0","999.9"," 0","  5.9","24","  4.1","24"," 11.1"," 15.2","  38.1"," ","  19.4","*","99.99"," ","999.9","001000"
"01023099999","2021-04-13","69.055758","18.540356","76.8","BARDUFOSS, NO","  29.3","24","  17.8","24","9999.9"," 0","999.9"," 0","  6.2","24","  4.4","24"," 11.1"," 19.4","  39.2"," ","  14.0","*","99.99"," ","999.9","001000"
"01023099999","2021-04-14","69.055758","18.540356","76.8","BARDUFOSS, NO","  32.7","24","  26.7","24","9999.9"," 0","999.9"," 0","  4.4","24","  9.5","24"," 19.0"," 38.9","  39.2"," ","  28.4","*","99.99"," ","999.9","011000"
"01023099999","2021-04-15","69.055758","18.540356","76.8","BARDUFOSS, NO","  40.0","24","  31.7","24","9999.9"," 0","999.9"," 0","  6.2","24","  7.6","24"," 15.9"," 26.8","  44.6","*","  34.7"," ","99.99"," ","999.9","010000"
"01023099999","2021-04-16","69.055758","18.540356","76.8","BARDUFOSS, NO","  42.6","24","  32.7","24","9999.9"," 0","999.9"," 0","  6.2","24","  6.8","24","  9.9"," 19.2","  48.2","*","  37.4","*","99.99"," ","999.9","010000"
"01023099999","2021-04-17","69.055758","18.540356","76.8","BARDUFOSS, NO","  42.2","24","  27.6","24","9999.9"," 0","999.9"," 0","  6.2","24","  4.3","24","  8.0"," 13.4","  51.8","*","  28.4","*"," 0.00","I","999.9","000000"
"01023099999","2021-04-18","69.055758","18.540356","76.8","BARDUFOSS, NO","  39.6","24","  21.7","24","9999.9"," 0","999.9"," 0","  6.2","24","  3.0","24","  8.0"," 12.0","  53.6"," ","  24.8","*"," 0.00","I","999.9","000000"
"01023099999","2021-04-19","69.055758","18.540356","76.8","BARDUFOSS, NO","  43.2","24","  26.2","24","9999.9"," 0","999.9"," 0","  6.2","24","  4.0","24"," 12.0"," 16.3","  57.2","*","  24.8","*"," 0.00","I","999.9","000000"
"01023099999","2021-04-20","69.055758","18.540356","76.8","BARDUFOSS, NO","  45.6","24","  29.7","24","9999.9"," 0","999.9"," 0","  6.2","24","  3.1","24","  8.9"," 14.8","  59.4"," ","  30.2","*"," 0.00","I","999.9","000000"
"01023099999","2021-04-21","69.055758","18.540356","76.8","BARDUFOSS, NO","  35.6","24","  29.3","24","9999.9"," 0","999.9"," 0","  6.2","24","  7.7","24"," 21.0"," 27.0","  42.8","*","  30.2","*","99.99"," ","999.9","011000"
"01023099999","2021-04-22","69.055758","18.540356","76.8","BARDUFOSS, NO","  32.5","24","  23.4","24","9999.9"," 0","999.9"," 0","  6.2","24","  6.2","24"," 12.0"," 18.3","  37.8"," ","  21.2","*","99.99"," ","999.9","001000"
"01023099999","2021-04-23","69.055758","18.540356","76.8","BARDUFOSS, NO","  30.2","24","  23.4","24","9999.9"," 0","999.9"," 0","  6.2","24","  4.6","24"," 11.1"," 16.1","  42.8"," ","  17.6"," ","99.99"," ","999.9","001000"
"01023099999","2021-04-24","69.055758","18.540356","76.8","BARDUFOSS, NO","  32.1","24","  21.7","24","9999.9"," 0","999.9"," 0","  6.2","24","  6.2","24"," 12.0"," 22.0","  39.2","*","  22.1"," ","99.99"," ","999.9","001000"
"01023099999","2021-04-25","69.055758","18.540356","76.8","BARDUFOSS, NO","  31.9","24","  22.2","24","9999.9"," 0","999.9"," 0","  6.2","24","  4.2","24"," 11.5"," 14.6","  39.2"," ","  19.4"," ","99.99"," ","999.9","001000"
"01023099999","2021-04-26","69.055758","18.540356","76.8","BARDUFOSS, NO","  33.3","24","  28.3","24","9999.9"," 0","999.9"," 0","  6.1","24","  6.9","24"," 13.0"," 17.5","  37.4","*","  28.4","*","99.99"," ","999.9","011000"
"01023099999","2021-04-27","69.055758","18.540356","76.8","BARDUFOSS, NO","  32.1","24","  24.6","24","9999.9"," 0","999.9"," 0","  6.0","24","  5.3","24"," 12.0"," 16.7","  39.2","*","  26.4"," ","99.99"," ","999.9","011000"
"01023099999","2021-04-28","69.055758","18.540356","76.8","BARDUFOSS, NO","  31.2","24","  23.2","24","9999.9"," 0","999.9"," 0","  5.9","24","  6.0","24"," 11.1"," 15.9","  34.3"," ","  25.5"," ","99.99"," ","999.9","001000"
"01023099999","2021-04-29","69.055758","18.540356","76.8","BARDUFOSS, NO","  31.5","24","  28.0","24","9999.9"," 0","999.9"," 0","  4.6","24","  9.2","24"," 15.9"," 25.4","  35.6"," ","  27.9"," ","99.99"," ","999.9","011000"
"01023099999","2021-04-30","69.055758","18.540356","76.8","BARDUFOSS, NO","  25.9","24","  22.2","24","9999.9"," 0","999.9"," 0","  5.5","24","  8.4","24"," 17.1"," 23.3","  30.4"," ","  21.9"," ","99.99"," ","999.9","001000"
"01023099999","2021-05-01","69.055758","18.540356","76.8","BARDUFOSS, NO","  29.7","24","  22.8","24","9999.9"," 0","999.9"," 0","  4.8","24","  3.1","24","  8.0"," 11.5","  37.4","*","  23.0"," ","99.99"," ","999.9","011000"
"01023099999","2021-05-02","69.055758","18.540356","76.8","BARDUFOSS, NO","  33.3","24","  23.1","24","9999.9"," 0","999.9"," 0","  5.4","24","  3.0","24","  6.0","999.9","  42.6"," ","  26.4"," ","99.99"," ","999.9","011000"
"01023099999","2021-05-03","69.055758","18.540356","76.8","BARDUFOSS, NO","  34.3","24","  20.1","24","9999.9"," 0","999.9"," 0","  6.2","24","  7.1","24"," 13.4"," 20.0","  39.2","*","  28.4","*"," 0.00","I","999.9","000000"
"01023099999","2021-05-04","69.055758","18.540356","76.8","BARDUFOSS, NO","  36.6","24","  21.7","24","9999.9"," 0","999.9"," 0","  6.2","24","  9.6","24"," 14.0"," 19.8","  42.8","*","  31.6"," "," 0.00","I","999.9","000000"
"01023099999","2021-05-05","69.055758","18.540356","76.8","BARDUFOSS, NO","  37.2","24","  18.3","24","9999.9"," 0","999.9"," 0","  6.2","24","  4.3","24","  8.0"," 13.2","  46.0"," ","  24.8","*"," 0.00","I","999.9","000000"
"01023099999","2021-05-06","69.055758","18.540356","76.8","BARDUFOSS, NO","  34.0","24","  18.6","24","9999.9"," 0","999.9"," 0","  6.2","24","  5.1","24"," 11.1"," 14.4","  41.9"," ","  22.6"," "," 0.00","I","999.9","000000"
"01023099999","2021-05-07","69.055758","18.540356","76.8","BARDUFOSS, NO","  33.7","24","  21.8","24","9999.9"," 0","999.9"," 0","  6.2","24","  3.4","24","  8.0"," 12.8","  41.0","*","  21.2","*","99.99"," ","999.9","011000"
"01023099999","2021-05-08","69.055758","18.540356","76.8","BARDUFOSS, NO","  35.2","24","  28.9","24","9999.9"," 0","999.9"," 0","  6.0","24","  5.4","24"," 10.5"," 17.9","  41.0","*","  30.2","*","99.99"," ","999.9","011000"
"01023099999","2021-05-09","69.055758","18.540356","76.8","BARDUFOSS, NO","  37.9","24","  31.8","24","9999.9"," 0","999.9"," 0","  6.2","24","  5.7","24","  9.9"," 16.9","  42.8","*","  35.4"," ","99.99"," ","999.9","011000"
"01023099999","2021-05-10","69.055758","18.540356","76.8","BARDUFOSS, NO","  41.1","24","  28.4","24","9999.9"," 0","999.9"," 0","  6.2","24","  4.3","24","  8.9"," 14.2","  48.6"," ","  28.4","*","99.99"," ","999.9","010000"
"01023099999","2021-05-11","69.055758","18.540356","76.8","BARDUFOSS, NO","  37.3","24","  32.2","24","9999.9"," 0","999.9"," 0","  6.2","24","  2.5","24","  8.4"," 11.5","  42.8","*","  26.1"," ","99.99"," ","999.9","010000"
"01023099999","2021-05-12","69.055758","18.540356","76.8","BARDUFOSS, NO","  47.2","24","  35.2","24","9999.9"," 0","999.9"," 0","  6.2","24","  3.9","24"," 10.1"," 13.4","  60.8","*","  30.0"," ","99.99"," ","999.9","010000"
"01023099999","2021-05-13","69.055758","18.540356","76.8","BARDUFOSS, NO","  41.2","24","  35.0","24","9999.9"," 0","999.9"," 0","  6.2","24","  5.3","24","  8.9"," 14.4","  44.6"," ","  37.4","*","99.99"," ","999.9","010000"
"01023099999","2021-05-14","69.055758","18.540356","76.8","BARDUFOSS, NO","  41.4","24","  29.0","24","9999.9"," 0","999.9"," 0","  6.2","24"," 10.1","24"," 15.7"," 25.6","  45.1"," ","  37.4","*","99.99"," ","999.9","010000"
"01023099999","2021-05-15","69.055758","18.540356","76.8","BARDUFOSS, NO","  42.5","24","  33.0","24","9999.9"," 0","999.9"," 0","  6.2","24","  5.2","24"," 10.9"," 16.9","  48.2"," ","  36.9"," ","99.99"," ","999.9","010000"
"01023099999","2021-05-16","69.055758","18.540356","76.8","BARDUFOSS, NO","  46.5","24","  35.8","24","9999.9"," 0","999.9"," 0","  6.2","24","  4.6","24"," 11.1"," 15.2","  56.1"," ","  35.6","*","99.99"," ","999.9","010000"
"01023099999","2021-05-17","69.055758","18.540356","76.8","BARDUFOSS, NO","  51.7","24","  37.9","24","9999.9"," 0","999.9"," 0","  6.2","24","  4.4","24","  8.9"," 13.6","  62.8"," ","  34.0"," ","99.99"," ","999.9","010000"
"01023099999","2021-05-18","69.055758","18.540356","76.8","BARDUFOSS, NO","  53.1","24","  40.6","24","9999.9"," 0","999.9"," 0","  6.2","24","  4.7","24","  9.9"," 15.2","  64.6"," ","  44.4"," ","99.99"," ","999.9","010000"
"01023099999","2021-05-19","69.055758","18.540356","76.8","BARDUFOSS, NO","  51.2","24","  37.0","24","9999.9"," 0","999.9"," 0","  6.2","24","  5.7","24"," 11.8"," 16.1","  59.2"," ","  42.8"," "," 0.00","I","999.9","000000"
"01023099999","2021-05-20","69.055758","18.540356","76.8","BARDUFOSS, NO","  46.6","24","  37.7","24","9999.9"," 0","999.9"," 0","  6.2","24","  6.3","24"," 12.4"," 15.3","  53.6","*","  41.0","*"," 0.00","I","999.9","000000"
"01023099999","2021-05-21","69.055758","18.540356","76.8","BARDUFOSS, NO","  46.0","24","  35.7","24","9999.9"," 0","999.9"," 0","  6.2","24","  4.6","24","  9.9"," 14.4","  53.6","*","  37.4","*"," 0.00","I","999.9","000000"
"01023099999","2021-05-22","69.055758","18.540356","76.8","BARDUFOSS, NO","  39.5","24","  23.6","24","9999.9"," 0","999.9"," 0","  6.2","24","  8.4","24"," 13.2"," 20.8","  42.8","*","  32.0","*"," 0.00","I","999.9","000000"
"01023099999","2021-05-23","69.055758","18.540356","76.8","BARDUFOSS, NO","  39.0","24","  19.7","24","9999.9"," 0","999.9"," 0","  6.2","24","  8.7","24"," 15.9"," 25.1","  45.1"," ","  28.4","*"," 0.00","I","999.9","000000"
"01023099999","2021-05-24","69.055758","18.540356","76.8","BARDUFOSS, NO","  40.4","24","  24.6","24","9999.9"," 0","999.9"," 0","  6.2","24","  3.6","24","  8.7"," 15.7","  48.2"," ","  28.4","*"," 0.00","I","999.9","000000"
"01023099999","2021-05-25","69.055758","18.540356","76.8","BARDUFOSS, NO","  44.0","24","  28.3","24","9999.9"," 0","999.9"," 0","  6.2","24","  5.8","24","  9.9"," 17.9","  53.8"," ","  27.9"," "," 0.00","I","999.9","000000"
"01023099999","2021-05-26","69.055758","18.540356","76.8","BARDUFOSS, NO","  47.8","24","  31.0","24","9999.9"," 0","999.9"," 0","  6.2","24","  5.1","24","  9.9"," 18.1","  58.1"," ","  31.5"," "," 0.00","I","999.9","000000"
"01023099999","2021-05-27","69.055758","18.540356","76.8","BARDUFOSS, NO","  42.3","24","  33.3","24","9999.9"," 0","999.9"," 0","  6.2","24","  6.6","24"," 17.1"," 19.0","  48.2","*","  31.1"," ","99.99"," ","999.9","010000"
"01023099999","2021-05-28","69.055758","18.540356","76.8","BARDUFOSS, NO","  41.4","24","  32.1","24","9999.9"," 0","999.9"," 0","  6.2","24","  9.2","24"," 15.0"," 25.1","  46.8"," ","  37.4","*","99.99"," ","999.9","010000"
"01023099999","2021-05-29","69.055758","18.540356","76.8","BARDUFOSS, NO","  45.1","24","  32.2","24","9999.9"," 0","999.9"," 0","  6.2","24","  7.2","24"," 14.0"," 17.1","  53.6","*","  37.2"," ","99.99"," ","999.9","010000"
"01023099999","2021-05-30","69.055758","18.540356","76.8","BARDUFOSS, NO","  46.2","24","  35.7","24","9999.9"," 0","999.9"," 0","  6.2","24","  6.8","24"," 15.9"," 20.8","  53.6"," ","  42.4"," ","99.99"," ","999.9","010000"
"01023099999","2021-05-31","69.055758","18.540356","76.8","BARDUFOSS, NO","  49.5","24","  39.0","24","9999.9"," 0","999.9"," 0","  6.2","24","  5.2","24","  9.9"," 15.5","  56.1"," ","  44.4"," ","99.99"," ","999.9","010000"
"01023099999","2021-06-01","69.055758","18.540356","76.8","BARDUFOSS, NO","  58.0","24","  38.9","24","9999.9"," 0","999.9"," 0","  6.2","24","  4.7","24"," 11.1"," 15.7","  68.0","*","  42.8","*"," 0.00","I","999.9","000000"
"01023099999","2021-06-02","69.055758","18.540356","76.8","BARDUFOSS, NO","  64.6","24","  37.5","24","9999.9"," 0","999.9"," 0","  6.2","24","  3.8","24","  8.9","999.9","  77.0","*","  41.0","*"," 0.00","I","999.9","000000"
"01023099999","2021-06-03","69.055758","18.540356","76.8","BARDUFOSS, NO","  64.5","24","  39.7","24","9999.9"," 0","999.9"," 0","  6.2","24","  4.8","24"," 12.0"," 16.3","  78.8","*","  42.8","*"," 0.00","I","999.9","000000"
"01023099999","2021-06-04","69.055758","18.540356","76.8","BARDUFOSS, NO","  63.2","24","  41.7","24","9999.9"," 0","999.9"," 0","  6.2","24","  5.5","24"," 14.0"," 18.6","  74.5"," ","  45.1"," "," 0.00","I","999.9","000000"
"01023099999","2021-06-05","69.055758","18.540356","76.8","BARDUFOSS, NO","  51.4","24","  40.9","24","9999.9"," 0","999.9"," 0","  6.2","24","  5.3","24"," 11.1"," 14.4","  61.3"," ","  37.4","*","99.99"," ","999.9","010000"
"01023099999","2021-06-06","69.055758","18.540356","76.8","BARDUFOSS, NO","  56.6","24","  35.5","24","9999.9"," 0","999.9"," 0","  6.2","24","  3.4","24","  8.2"," 15.2","  68.7"," ","  36.5"," "," 0.00","I","999.9","000000"
"01023099999","2021-06-07","69.055758","18.540356","76.8","BARDUFOSS, NO","  54.9","24","  43.3","24","9999.9"," 0","999.9"," 0","  6.2","24","  3.0","24","  7.0"," 13.6","  63.9"," ","  42.8","*","99.99"," ","999.9","010000"
"01023099999","2021-06-08","69.055758","18.540356","76.8","BARDUFOSS, NO","  58.9","24","  45.3","24","9999.9"," 0","999.9"," 0","  6.2","24","  4.6","24"," 10.5"," 14.4","  68.4"," ","  49.3"," "," 0.00","I","999.9","000000"
"01023099999","2021-06-09","69.055758","18.540356","76.8","BARDUFOSS, NO","  60.9","24","  43.8","24","9999.9"," 0","999.9"," 0","  6.2","24","  5.8","24","  9.9"," 17.9","  71.6","*","  50.9"," "," 0.00","I","999.9","000000"
"01023099999","2021-06-10","69.055758","18.540356","76.8","BARDUFOSS, NO","  62.3","24","  45.7","24","9999.9"," 0","999.9"," 0","  6.2","24","  5.5","24","  9.9"," 20.0","  68.0","*","  54.9"," "," 0.00","I","999.9","000000"
"01023099999","2021-06-11","69.055758","18.540356","76.8","BARDUFOSS, NO","  60.7","24","  54.4","24","9999.9"," 0","999.9"," 0","  6.2","24","  2.5","24","  9.9"," 15.5","  66.2"," ","  55.4","*","99.99"," ","999.9","010000"
"01023099999","2021-06-12","69.055758","18.540356","76.8","BARDUFOSS, NO","  51.2","24","  49.1","24","9999.9"," 0","999.9"," 0","  6.2","24","  4.7","24"," 12.0","999.9","  54.3"," ","  44.6","*","99.99"," ","999.9","110000"
"01023099999","2021-06-13","69.055758","18.540356","76.8","BARDUFOSS, NO","  46.3","24","  42.8","24","9999.9"," 0","999.9"," 0","  5.9","24","  4.1","24"," 11.1"," 18.5","  51.8","*","  41.0","*","99.99"," ","999.9","110000"
"01023099999","2021-06-14","69.055758","18.540356","76.8","BARDUFOSS, NO","  47.8","24","  38.2","24","9999.9"," 0","999.9"," 0","  6.2","24","  4.7","24","  9.9"," 15.7","  55.4","*","  41.0","*","99.99"," ","999.9","010000"
"01023099999","2021-06-15","69.055758","18.540356","76.8","BARDUFOSS, NO","  44.1","24","  38.5","24","9999.9"," 0","999.9"," 0","  6.2","24","  7.1","24"," 17.1"," 22.9","  48.2","*","  38.8"," ","99.99"," ","999.9","010000"
"01023099999","2021-06-16","69.055758","18.540356","76.8","BARDUFOSS, NO","  43.3","24","  36.8","24","9999.9"," 0","999.9"," 0","  6.2","24","  5.6","24"," 15.0","999.9","  48.2","*","  37.4","*","99.99"," ","999.9","010000"
"01023099999","2021-06-17","69.055758","18.540356","76.8","BARDUFOSS, NO","  49.4","24","  41.3","24","9999.9"," 0","999.9"," 0","  6.2","24","  4.3","24"," 11.1"," 15.9","  57.2","*","  37.4","*","99.99"," ","999.9","010000"
"01023099999","2021-06-18","69.055758","18.540356","76.8","BARDUFOSS, NO","  52.6","24","  45.5","24","9999.9"," 0","999.9"," 0","  6.2","24","  3.2","24"," 14.0"," 19.8","  61.3"," ","  44.6","*","99.99"," ","999.9","010000"
"01023099999","2021-06-19","69.055758","18.540356","76.8","BARDUFOSS, NO","  51.6","24","  38.5","24","9999.9"," 0","999.9"," 0","  6.2","24","  6.3","24"," 11.1"," 22.9","  59.0","*","  42.8","*","99.99"," ","999.9","010000"
"01023099999","2021-06-20","69.055758","18.540356","76.8","BARDUFOSS, NO","  51.9","24","  40.0","24","9999.9"," 0","999.9"," 0","  6.2","24","  4.3","24","  9.9"," 14.8","  57.6"," ","  42.3"," "," 0.00","I","999.9","000000"
"01023099999","2021-06-21","69.055758","18.540356","76.8","BARDUFOSS, NO","  55.0","24","  45.8","24","9999.9"," 0","999.9"," 0","  6.2","24","  5.8","24"," 14.0"," 20.6","  61.0"," ","  44.6","*","99.99"," ","999.9","010000"
"01023099999","2021-06-22","69.055758","18.540356","76.8","BARDUFOSS, NO","  50.7","24","  45.9","24","9999.9"," 0","999.9"," 0","  6.2","24","  5.2","24"," 13.0","999.9","  55.4","*","  39.2","*","99.99"," ","999.9","010000"
"01023099999","2021-06-23","69.055758","18.540356","76.8","BARDUFOSS, NO","  56.5","24","  39.8","24","9999.9"," 0","999.9"," 0","  6.2","24","  3.5","24"," 12.0","999.9","  66.2","*","  37.4","*"," 0.00","I","999.9","000000"
"01023099999","2021-06-24","69.055758","18.540356","76.8","BARDUFOSS, NO","  57.2","24","  43.2","24","9999.9"," 0","999.9"," 0","  6.2","24","  5.7","24"," 13.0"," 14.0","  64.4","*","  51.8","*","99.99"," ","999.9","010000"
"01023099999","2021-06-25","69.055758","18.540356","76.8","BARDUFOSS, NO","  51.6","24","  40.1","24","9999.9"," 0","999.9"," 0","  6.2","24","  8.5","24"," 17.1"," 23.9","  57.6"," ","  44.6","*","99.99"," ","999.9","010000"
"01023099999","2021-06-26","69.055758","18.540356","76.8","BARDUFOSS, NO","  51.0","24","  39.6","24","9999.9"," 0","999.9"," 0","  6.2","24","  3.7","24","  7.0"," 10.9","  57.2"," ","  44.6","*","99.99"," ","999.9","010000"
"01023099999","2021-06-27","69.055758","18.540356","76.8","BARDUFOSS, NO","  54.6","24","  40.3","24","9999.9"," 0","999.9"," 0","  6.2","24","  5.7","24"," 12.0"," 22.0","  60.8","*","  45.7"," ","99.99"," ","999.9","010000"
"01023099999","2021-06-28","69.055758","18.540356","76.8","BARDUFOSS, NO","  51.1","24","  42.5","24","9999.9"," 0","999.9"," 0","  6.2","24","  5.3","24","  8.5"," 14.6","  55.4","*","  48.2","*","99.99"," ","999.9","010000"
"01023099999","2021-06-29","69.055758","18.540356","76.8","BARDUFOSS, NO","  49.1","24","  41.5","24","9999.9"," 0","999.9"," 0","  6.2","24","  5.6","24"," 11.1"," 17.1","  53.6","*","  44.6","*","99.99"," ","999.9","010000"
"01023099999","2021-06-30","69.055758","18.540356","76.8","BARDUFOSS, NO","  51.2","24","  40.5","24","9999.9"," 0","999.9"," 0","  6.2","24","  5.9","24","  9.9"," 17.1","  57.2","*","  44.6","*","99.99"," ","999.9","010000"
"01023099999","2021-07-01","69.055758","18.540356","76.8","BARDUFOSS, NO","  61.3","24","  42.7","24","9999.9"," 0","999.9"," 0","  6.2","24","  7.3","24"," 13.0"," 19.0","  69.8","*","  51.8","*"," 0.00","I","999.9","000000"
"01023099999","2021-07-02","69.055758","18.540356","76.8","BARDUFOSS, NO","  58.7","24","  42.4","24","9999.9"," 0","999.9"," 0","  6.2","24","  7.9","24"," 13.2"," 19.0","  64.4","*","  42.8","*"," 0.00","I","999.9","000000"
"01023099999","2021-07-03","69.055758","18.540356","76.8","BARDUFOSS, NO","  59.9","24","  45.7","24","9999.9"," 0","999.9"," 0","  6.2","24","  5.1","24"," 12.0","999.9","  73.4","*","  42.8","*"," 0.00","I","999.9","000000"
"01023099999","2021-07-04","69.055758","18.540356","76.8","BARDUFOSS, NO","  64.2","24","  46.6","24","9999.9"," 0","999.9"," 0","  6.2","24","  4.4","24","  8.9"," 12.0","  77.2"," ","  45.5"," "," 0.00","I","999.9","000000"
"01023099999","2021-07-05","69.055758","18.540356","76.8","BARDUFOSS, NO","  73.2","24","  52.6","24","9999.9"," 0","999.9"," 0","  6.2","24","  3.4","24","  8.9","999.9","  86.0","*","  51.3"," "," 0.00","I","999.9","000000"
"01023099999","2021-07-06","69.055758","18.540356","76.8","BARDUFOSS, NO","  74.8","24","  55.1","24","9999.9"," 0","999.9"," 0","  6.2","24","  2.8","24","  7.4"," 10.7","  87.8","*","  59.0","*"," 0.00","I","999.9","000000"
"01023099999","2021-07-07","69.055758","18.540356","76.8","BARDUFOSS, NO","  71.1","24","  58.0","24","9999.9"," 0","999.9"," 0","  6.0","24","  3.4","24","  8.0","999.9","  82.4","*","  60.1"," ","99.99"," ","999.9","010000"
"01023099999","2021-07-08","69.055758","18.540356","76.8","BARDUFOSS, NO","  59.3","24","  55.8","24","9999.9"," 0","999.9"," 0","  6.1","24","  4.2","24"," 13.0"," 18.8","  62.6","*","  55.4","*","99.99"," ","999.9","010000"
"01023099999","2021-07-09","69.055758","18.540356","76.8","BARDUFOSS, NO","  58.0","24","  53.8","24","9999.9"," 0","999.9"," 0","  6.1","24","  3.2","24","  7.0","999.9","  64.4","*","  48.2","*","99.99"," ","999.9","010000"
"01023099999","2021-07-10","69.055758","18.540356","76.8","BARDUFOSS, NO","  58.0","24","  51.6","24","9999.9"," 0","999.9"," 0","  6.2","24","  5.9","24"," 12.0"," 15.0","  64.4","*","  46.4","*"," 0.00","I","999.9","000000"
"01023099999","2021-07-11","69.055758","18.540356","76.8","BARDUFOSS, NO","  65.5","24","  54.0","24","9999.9"," 0","999.9"," 0","  6.2","24","  3.6","24"," 11.1"," 16.3","  79.3"," ","  46.4","*"," 0.00","I","999.9","000000"
"01023099999","2021-07-12","69.055758","18.540356","76.8","BARDUFOSS, NO","  60.6","24","  53.1","24","9999.9"," 0","999.9"," 0","  6.2","24","  4.6","24","  8.9"," 15.5","  66.2","*","  53.6","*","99.99"," ","999.9","010000"
"01023099999","2021-07-13","69.055758","18.540356","76.8","BARDUFOSS, NO","  57.0","24","  51.3","24","9999.9"," 0","999.9"," 0","  6.2","24","  4.6","24","  9.9"," 16.7","  64.4","*","  53.1"," ","99.99"," ","999.9","010000"
"01023099999","2021-07-14","69.055758","18.540356","76.8","BARDUFOSS, NO","  59.0","24","  49.9","24","9999.9"," 0","999.9"," 0","  6.2","24","  3.7","24","  8.9"," 11.5","  66.4"," ","  51.8"," ","99.99"," ","999.9","010000"
"01023099999","2021-07-15","69.055758","18.540356","76.8","BARDUFOSS, NO","  59.2","24","  52.1","24","9999.9"," 0","999.9"," 0","  6.2","24","  3.6","24"," 12.0"," 25.1","  70.9"," ","  51.8","*","99.99"," ","999.9","010000"
"01023099999","2021-07-16","69.055758","18.540356","76.8","BARDUFOSS, NO","  53.0","24","  46.6","24","9999.9"," 0","999.9"," 0","  6.2","24","  8.1","24"," 15.9"," 26.0","  55.8"," ","  50.0","*","99.99"," ","999.9","010000"
"01023099999","2021-07-17","69.055758","18.540356","76.8","BARDUFOSS, NO","  54.7","24","  46.5","24","9999.9"," 0","999.9"," 0","  6.2","24","  6.6","24"," 14.0"," 25.1","  61.7"," ","  48.2","*","99.99"," ","999.9","010000"
"01023099999","2021-07-18","69.055758","18.540356","76.8","BARDUFOSS, NO","  52.2","24","  46.3","24","9999.9"," 0","999.9"," 0","  6.2","24","  6.0","24"," 13.2"," 20.2","  59.0","*","  48.2","*","99.99"," ","999.9","010000"
"01023099999","2021-07-19","69.055758","18.540356","76.8","BARDUFOSS, NO","  49.2","24","  41.8","24","9999.9"," 0","999.9"," 0","  6.2","24","  7.8","24"," 20.0"," 32.1","  58.6"," ","  41.0","*","99.99"," ","999.9","010000"
"01023099999","2021-07-20","69.055758","18.540356","76.8","BARDUFOSS, NO","  45.0","24","  40.2","24","9999.9"," 0","999.9"," 0","  6.2","24","  7.5","24"," 18.1"," 26.8","  48.2"," ","  40.6"," ","99.99"," ","999.9","010000"
"01023099999","2021-07-21","69.055758","18.540356","76.8","BARDUFOSS, NO","  47.1","24","  43.2","24","9999.9"," 0","999.9"," 0","  6.2","24","  6.2","24"," 14.0"," 19.4","  50.0","*","  43.9"," ","99.99"," ","999.9","010000"
"01023099999","2021-07-22","69.055758","18.540356","76.8","BARDUFOSS, NO","  48.7","24","  42.3","24","9999.9"," 0","999.9"," 0","  6.2","24","  8.1","24"," 14.0"," 18.8","  51.8","*","  44.6","*","99.99"," ","999.9","010000"
"01023099999","2021-07-23","69.055758","18.540356","76.8","BARDUFOSS, NO","  48.0","24","  43.9","24","9999.9"," 0","999.9"," 0","  6.2","24","  5.7","24"," 13.0"," 19.2","  52.0"," ","  44.6","*","99.99"," ","999.9","010000"
"01023099999","2021-07-24","69.055758","18.540356","76.8","BARDUFOSS, NO","  52.6","24","  49.1","24","9999.9"," 0","999.9"," 0","  5.9","24","  4.2","24"," 12.0"," 17.5","  58.1"," ","  46.4","*","99.99"," ","999.9","110000"
"01023099999","2021-07-25","69.055758","18.540356","76.8","BARDUFOSS, NO","  53.9","24","  52.6","24","9999.9"," 0","999.9"," 0","  5.8","24","  2.6","24","  6.0","  9.7","  57.2","*","  46.4","*","99.99"," ","999.9","110000"
"01023099999","2021-07-26","69.055758","18.540356","76.8","BARDUFOSS, NO","  58.6","24","  53.7","24","9999.9"," 0","999.9"," 0","  3.7","24","  2.9","24","  8.0","  9.7","  71.6","*","  47.7"," "," 0.00","I","999.9","100000"
"01023099999","2021-07-27","69.055758","18.540356","76.8","BARDUFOSS, NO","  63.7","24","  55.3","24","9999.9"," 0","999.9"," 0","  4.7","24","  2.8","24","  7.0"," 10.5","  77.0"," ","  48.2","*"," 0.00","I","999.9","100000"
"01023099999","2021-07-28","69.055758","18.540356","76.8","BARDUFOSS, NO","  60.1","24","  52.8","24","9999.9"," 0","999.9"," 0","  6.2","24","  4.7","24","  8.9"," 13.8","  71.8"," ","  47.7"," "," 0.00","I","999.9","100000"
"01023099999","2021-07-29","69.055758","18.540356","76.8","BARDUFOSS, NO","  55.1","24","  46.9","24","9999.9"," 0","999.9"," 0","  6.2","24","  4.9","24","  9.3"," 14.4","  64.9"," ","  42.8","*"," 0.00","I","999.9","000000"
"01023099999","2021-07-30","69.055758","18.540356","76.8","BARDUFOSS, NO","  56.7","24","  46.0","24","9999.9"," 0","999.9"," 0","  6.2","24","  3.8","24","  9.9"," 13.8","  66.9"," ","  40.8"," "," 0.00","I","999.9","000000"
"01023099999","2021-07-31","69.055758","18.540356","76.8","BARDUFOSS, NO","  49.1","24","  44.4","24","9999.9"," 0","999.9"," 0","  6.2","24","  4.5","24","  8.0"," 11.3","  50.9"," ","  44.6","*","99.99"," ","999.9","010000"
"01023099999","2021-08-01","69.055758","18.540356","76.8","BARDUFOSS, NO","  47.1","24","  40.0","24","9999.9"," 0","999.9"," 0","  6.2","24","  5.1","24","  9.9"," 14.4","  54.1"," ","  42.8","*","99.99"," ","999.9","010000"
"01023099999","2021-08-02","69.055758","18.540356","76.8","BARDUFOSS, NO","  48.2","24","  40.6","24","9999.9"," 0","999.9"," 0","  6.2","24","  5.7","24"," 13.0"," 16.9","  53.6","*","  44.6","*","99.99"," ","999.9","010000"
"01023099999","2021-08-03","69.055758","18.540356","76.8","BARDUFOSS, NO","  50.7","24","  43.4","24","9999.9"," 0","999.9"," 0","  6.2","24","  3.6","24","  8.0"," 11.8","  60.8"," ","  44.1"," ","99.99"," ","999.9","010000"
"01023099999","2021-08-04","69.055758","18.540356","76.8","BARDUFOSS, NO","  51.1","24","  46.9","24","9999.9"," 0","999.9"," 0","  6.2","24","  3.6","24","  9.9"," 12.8","  56.1"," ","  46.0"," ","99.99"," ","999.9","110000"
"01023099999","2021-08-05","69.055758","18.540356","76.8","BARDUFOSS, NO","  55.3","24","  48.2","24","9999.9"," 0","999.9"," 0","  6.2","24","  4.4","24","  8.9"," 14.8","  60.8"," ","  50.0","*","99.99"," ","999.9","010000"
"01023099999","2021-08-06","69.055758","18.540356","76.8","BARDUFOSS, NO","  61.0","24","  49.9","24","9999.9"," 0","999.9"," 0","  6.2","24","  2.2","24","  6.0"," 12.2","  75.4"," ","  48.2","*"," 0.00","I","999.9","100000"
"01023099999","2021-08-07","69.055758","18.540356","76.8","BARDUFOSS, NO","  62.8","24","  51.7","24","9999.9"," 0","999.9"," 0","  6.2","24","  1.9","24","  8.0","  9.7","  78.4"," ","  46.4","*"," 0.00","I","999.9","000000"
"01023099999","2021-08-08","69.055758","18.540356","76.8","BARDUFOSS, NO","  63.9","24","  46.9","24","9999.9"," 0","999.9"," 0","  6.2","24","  7.2","24"," 15.0"," 23.7","  75.4"," ","  42.8","*","99.99"," ","999.9","010000"
"01023099999","2021-08-09","69.055758","18.540356","76.8","BARDUFOSS, NO","  63.2","24","  54.5","24","9999.9"," 0","999.9"," 0","  6.2","24","  6.7","24"," 15.0"," 17.9","  68.0","*","  55.4","*","99.99"," ","999.9","010000"
"01023099999","2021-08-10","69.055758","18.540356","76.8","BARDUFOSS, NO","  61.9","24","  57.3","24","9999.9"," 0","999.9"," 0","  6.2","24","  2.2","24","  9.7"," 13.6","  71.6","*","  54.9"," ","99.99"," ","999.9","110000"
"01023099999","2021-08-11","69.055758","18.540356","76.8","BARDUFOSS, NO","  58.1","24","  56.2","24","9999.9"," 0","999.9"," 0","  6.2","24","  3.0","24","  6.0","999.9","  60.8","*","  54.7"," ","99.99"," ","999.9","010000"
"01023099999","2021-08-12","69.055758","18.540356","76.8","BARDUFOSS, NO","  55.9","24","  54.4","24","9999.9"," 0","999.9"," 0","  6.2","24","  1.7","24","  4.1","999.9","  59.0","*","  53.6","*","99.99"," ","999.9","110000"
"01023099999","2021-08-13","69.055758","18.540356","76.8","BARDUFOSS, NO","  54.7","24","  51.8","24","9999.9"," 0","999.9"," 0","  6.2","24","  3.1","24","  8.5"," 12.2","  59.0","*","  50.0","*","99.99"," ","999.9","110000"
"01023099999","2021-08-14","69.055758","18.540356","76.8","BARDUFOSS, NO","  52.5","24","  45.9","24","9999.9"," 0","999.9"," 0","  6.2","24","  2.6","24","  6.0","999.9","  59.0"," ","  42.8","*","99.99"," ","999.9","010000"
"01023099999","2021-08-15","69.055758","18.540356","76.8","BARDUFOSS, NO","  51.1","24","  45.5","24","9999.9"," 0","999.9"," 0","  6.2","24","  3.5","24","  8.0"," 10.9","  61.5"," ","  38.7"," "," 0.00","I","999.9","000000"
"01023099999","2021-08-16","69.055758","18.540356","76.8","BARDUFOSS, NO","  52.9","24","  45.9","24","9999.9"," 0","999.9"," 0","  6.2","24","  4.7","24","  9.9"," 12.2","  60.8","*","  48.2","*","99.99"," ","999.9","010000"
"01023099999","2021-08-17","69.055758","18.540356","76.8","BARDUFOSS, NO","  52.8","24","  46.2","24","9999.9"," 0","999.9"," 0","  6.2","24","  3.9","24","  6.0","999.9","  59.9"," ","  48.0"," "," 0.00","I","999.9","000000"
"01023099999","2021-08-18","69.055758","18.540356","76.8","BARDUFOSS, NO","  52.9","24","  47.0","24","9999.9"," 0","999.9"," 0","  6.2","24","  3.6","24"," 13.0"," 19.6","  60.8","*","  42.8","*","99.99"," ","999.9","010000"
"01023099999","2021-08-19","69.055758","18.540356","76.8","BARDUFOSS, NO","  57.8","24","  50.1","24","9999.9"," 0","999.9"," 0","  6.2","24","  6.2","24"," 14.0"," 15.3","  64.4","*","  51.8","*","99.99"," ","999.9","010000"
"01023099999","2021-08-20","69.055758","18.540356","76.8","BARDUFOSS, NO","  50.5","24","  47.8","24","9999.9"," 0","999.9"," 0","  6.1","24","  5.1","24"," 10.1"," 13.2","  52.3"," ","  46.4","*","99.99"," ","999.9","010000"
"01023099999","2021-08-21","69.055758","18.540356","76.8","BARDUFOSS, NO","  47.1","24","  40.8","24","9999.9"," 0","999.9"," 0","  6.2","24","  6.2","24","  9.3"," 12.8","  52.2"," ","  42.8","*","99.99"," ","999.9","010000"
"01023099999","2021-08-22","69.055758","18.540356","76.8","BARDUFOSS, NO","  44.8","24","  39.8","24","9999.9"," 0","999.9"," 0","  6.2","24","  4.2","24","  9.9"," 12.0","  50.0","*","  37.8"," ","99.99"," ","999.9","010000"
"01023099999","2021-08-23","69.055758","18.540356","76.8","BARDUFOSS, NO","  46.1","24","  41.6","24","9999.9"," 0","999.9"," 0","  6.2","24","  2.7","24","  9.3"," 13.2","  55.4"," ","  39.0"," ","99.99"," ","999.9","010000"
"01023099999","2021-08-24","69.055758","18.540356","76.8","BARDUFOSS, NO","  48.3","24","  44.1","24","9999.9"," 0","999.9"," 0","  6.2","24","  2.3","24","  8.0","999.9","  53.6","*","  41.9"," ","99.99"," ","999.9","010000"
"01023099999","2021-08-25","69.055758","18.540356","76.8","BARDUFOSS, NO","  50.1","24","  40.2","24","9999.9"," 0","999.9"," 0","  6.2","24","  3.7","24","  9.9"," 12.0","  57.9"," ","  35.6","*"," 0.00","I","999.9","000000"
"01023099999","2021-08-26","69.055758","18.540356","76.8","BARDUFOSS, NO","  46.7","24","  38.0","24","9999.9"," 0","999.9"," 0","  6.2","24","  1.9","24","  8.0"," 11.3","  64.0"," ","  30.6"," "," 0.00","I","999.9","100000"
"01023099999","2021-08-27","69.055758","18.540356","76.8","BARDUFOSS, NO","  51.6","24","  41.4","24","9999.9"," 0","999.9"," 0","  6.2","24","  4.3","24"," 12.0"," 19.2","  64.4","*","  32.7"," "," 0.00","I","999.9","100000"
"01023099999","2021-08-28","69.055758","18.540356","76.8","BARDUFOSS, NO","  52.6","24","  48.8","24","9999.9"," 0","999.9"," 0","  6.2","24","  3.1","24","  8.0","999.9","  57.2","*","  44.6","*"," 0.00","I","999.9","100000"
"01023099999","2021-08-29","69.055758","18.540356","76.8","BARDUFOSS, NO","  50.1","24","  47.8","24","9999.9"," 0","999.9"," 0","  4.4","24","  1.9","24","  6.0"," 10.3","  56.1"," ","  42.8","*","99.99"," ","999.9","110000"
"01023099999","2021-08-30","69.055758","18.540356","76.8","BARDUFOSS, NO","  52.0","24","  47.7","24","9999.9"," 0","999.9"," 0","  6.2","24","  4.0","24","  8.0"," 13.8","  57.2","*","  47.5"," ","99.99"," ","999.9","110000"
"01023099999","2021-08-31","69.055758","18.540356","76.8","BARDUFOSS, NO","  47.7","24","  43.8","24","9999.9"," 0","999.9"," 0","  6.2","24","  6.5","24"," 20.0"," 22.9","  51.8","*","  42.8","*","99.99"," ","999.9","010000"
"01023099999","2021-09-01","69.055758","18.540356","76.8","BARDUFOSS, NO","  44.5","24","  41.5","24","9999.9"," 0","999.9"," 0","  6.2","24","  9.5","24"," 15.5"," 25.4","  47.8"," ","  42.8"," ","99.99"," ","999.9","010000"
"01023099999","2021-09-02","69.055758","18.540356","76.8","BARDUFOSS, NO","  43.5","24","  40.9","24","9999.9"," 0","999.9"," 0","  6.2","24","  6.2","24"," 13.0"," 15.7","  46.9"," ","  41.0","*","99.99"," ","999.9","010000"
"01023099999","2021-09-03","69.055758","18.540356","76.8","BARDUFOSS, NO","  42.3","24","  38.2","24","9999.9"," 0","999.9"," 0","  6.2","24","  9.0","24"," 15.0"," 21.0","  48.2","*","  38.1"," ","99.99"," ","999.9","010000"
"01023099999","2021-09-04","69.055758","18.540356","76.8","BARDUFOSS, NO","  43.1","24","  39.1","24","9999.9"," 0","999.9"," 0","  6.2","24","  5.3","24"," 13.0"," 19.8","  48.6"," ","  37.4","*","99.99"," ","999.9","010000"
"01023099999","2021-09-05","69.055758","18.540356","76.8","BARDUFOSS, NO","  46.1","24","  43.6","24","9999.9"," 0","999.9"," 0","  6.2","24","  3.5","24","  7.0"," 11.8","  51.8","*","  39.2","*","99.99"," ","999.9","010000"
"01023099999","2021-09-06","69.055758","18.540356","76.8","BARDUFOSS, NO","  51.0","24","  46.8","24","9999.9"," 0","999.9"," 0","  6.1","24","  2.4","24","  8.0"," 13.6","  56.3","*","  46.4","*","99.99"," ","999.9","110000"
"01023099999","2021-09-07","69.055758","18.540356","76.8","BARDUFOSS, NO","  49.8","24","  48.3","24","9999.9"," 0","999.9"," 0","  6.0","24","  2.6","24","  8.0"," 11.5","  53.6","*","  46.4","*","99.99"," ","999.9","110000"
"01023099999","2021-09-08","69.055758","18.540356","76.8","BARDUFOSS, NO","  45.9","24","  43.5","24","9999.9"," 0","999.9"," 0","  6.1","24","  3.1","24"," 11.1"," 20.0","  51.1"," ","  42.8","*","99.99"," ","999.9","110000"
"01023099999","2021-09-09","69.055758","18.540356","76.8","BARDUFOSS, NO","  45.8","24","  42.0","24","9999.9"," 0","999.9"," 0","  6.2","24","  4.9","24"," 12.0"," 21.0","  52.2"," ","  40.8"," ","99.99"," ","999.9","010000"
"01023099999","2021-09-10","69.055758","18.540356","76.8","BARDUFOSS, NO","  44.6","24","  38.5","24","9999.9"," 0","999.9"," 0","  6.2","24","  5.1","24"," 12.0"," 19.0","  52.5"," ","  35.6","*","99.99"," ","999.9","010000"
"01023099999","2021-09-11","69.055758","18.540356","76.8","BARDUFOSS, NO","  40.8","24","  35.0","24","9999.9"," 0","999.9"," 0","  6.2","24","  0.8","24","  2.9","999.9","  55.4","*","  28.4","*"," 0.00","I","999.9","100000"
"01023099999","2021-09-12","69.055758","18.540356","76.8","BARDUFOSS, NO","  42.7","24","  37.0","24","9999.9"," 0","999.9"," 0","  5.7","24","  2.5","24"," 12.0"," 14.0","  55.4","*","  28.4","*","99.99"," ","999.9","110000"
"01023099999","2021-09-13","69.055758","18.540356","76.8","BARDUFOSS, NO","  40.4","24","  37.3","24","9999.9"," 0","999.9"," 0","  6.2","24","  3.9","24","  9.9"," 21.8","  46.4","*","  35.6","*","99.99"," ","999.9","010000"
"01023099999","2021-09-14","69.055758","18.540356","76.8","BARDUFOSS, NO","  41.4","24","  39.5","24","9999.9"," 0","999.9"," 0","  6.2","24","  1.7","24","  6.0","999.9","  48.7"," ","  33.8","*","99.99"," ","999.9","110000"
"01023099999","2021-09-15","69.055758","18.540356","76.8","BARDUFOSS, NO","  40.9","24","  35.3","24","9999.9"," 0","999.9"," 0","  6.2","23","  1.1","24","  4.1","999.9","  53.6","*","  26.6","*"," 0.00","I","999.9","100000"
"01023099999","2021-09-16","69.055758","18.540356","76.8","BARDUFOSS, NO","  39.3","24","  32.1","24","9999.9"," 0","999.9"," 0","  6.2","24","  2.3","24","  7.2"," 10.1","  53.6","*","  26.6","*"," 0.00","I","999.9","100000"
"01023099999","2021-09-17","69.055758","18.540356","76.8","BARDUFOSS, NO","  41.2","24","  35.8","24","9999.9"," 0","999.9"," 0","  6.2","24","  1.4","24","  5.1","999.9","  55.4","*","  30.2","*"," 0.00","I","999.9","000000"
"01023099999","2021-09-18","69.055758","18.540356","76.8","BARDUFOSS, NO","  42.0","24","  34.8","24","9999.9"," 0","999.9"," 0","  6.2","24","  3.5","24","  8.9"," 12.0","  55.4"," ","  28.0"," "," 0.00","I","999.9","000000"
"01023099999","2021-09-19","69.055758","18.540356","76.8","BARDUFOSS, NO","  44.9","24","  36.4","24","9999.9"," 0","999.9"," 0","  6.2","24","  2.7","24","  7.0"," 10.1","  59.4"," ","  32.0","*"," 0.00","I","999.9","000000"
"01023099999","2021-09-20","69.055758","18.540356","76.8","BARDUFOSS, NO","  40.9","24","  30.4","24","9999.9"," 0","999.9"," 0","  6.2","24","  2.5","24","  8.0"," 12.8","  57.6"," ","  27.7"," "," 0.00","I","999.9","100000"
"01023099999","2021-09-21","69.055758","18.540356","76.8","BARDUFOSS, NO","  43.8","24","  29.7","24","9999.9"," 0","999.9"," 0","  6.2","24","  6.5","24"," 15.0"," 22.0","  54.0"," ","  28.2"," "," 0.00","I","999.9","000000"
"01023099999","2021-09-22","69.055758","18.540356","76.8","BARDUFOSS, NO","  52.9","24","  40.3","24","9999.9"," 0","999.9"," 0","  6.2","24","  8.0","24"," 14.0"," 28.9","  64.4","*","  41.9"," ","99.99"," ","999.9","010000"
"01023099999","2021-09-23","69.055758","18.540356","76.8","BARDUFOSS, NO","  47.8","24","  40.1","24","9999.9"," 0","999.9"," 0","  6.2","24","  3.9","24"," 12.0"," 15.2","  57.2","*","  38.1"," ","99.99"," ","999.9","010000"
"01023099999","2021-09-24","69.055758","18.540356","76.8","BARDUFOSS, NO","  42.7","24","  38.6","24","9999.9"," 0","999.9"," 0","  6.2","24","  2.7","24","  8.0"," 14.8","  45.0"," ","  39.2","*","99.99"," ","999.9","010000"
"01023099999","2021-09-25","69.055758","18.540356","76.8","BARDUFOSS, NO","  43.7","24","  39.1","24","9999.9"," 0","999.9"," 0","  6.2","24","  2.3","24","  8.0"," 12.4","  50.0","*","  37.4","*","99.99"," ","999.9","111100"
"01023099999","2021-09-26","69.055758","18.540356","76.8","BARDUFOSS, NO","  45.2","24","  42.0","24","9999.9"," 0","999.9"," 0","  6.0","24","  3.6","24"," 11.1"," 18.3","  57.2","*","  33.1"," ","99.99"," ","999.9","110000"
"01023099999","2021-09-27","69.055758","18.540356","76.8","BARDUFOSS, NO","  54.8","24","  48.1","24","9999.9"," 0","999.9"," 0","  6.2","24","  2.1","24","  7.0"," 11.7","  67.1"," ","  43.9"," "," 0.00","I","999.9","000000"
"01023099999","2021-09-28","69.055758","18.540356","76.8","BARDUFOSS, NO","  49.2","24","  39.7","24","9999.9"," 0","999.9"," 0","  6.2","24","  2.8","24","  8.0"," 13.0","  65.5"," ","  32.0","*"," 0.00","I","999.9","000000"
"01023099999","2021-09-29","69.055758","18.540356","76.8","BARDUFOSS, NO","  39.6","24","  34.8","24","9999.9"," 0","999.9"," 0","  6.2","24","  0.8","24","  3.3","999.9","  58.1"," ","  29.5"," "," 0.00","I","999.9","000000"
"01023099999","2021-09-30","69.055758","18.540356","76.8","BARDUFOSS, NO","  38.1","24","  33.8","24","9999.9"," 0","999.9"," 0","  6.2","24","  1.2","24","  5.1","999.9","  54.5"," ","  28.4"," "," 0.00","I","999.9","000000"
"01023099999","2021-10-01","69.055758","18.540356","76.8","BARDUFOSS, NO","  43.2","24","  33.9","24","9999.9"," 0","999.9"," 0","  6.2","24","  3.5","24"," 13.0"," 25.1","  55.4","*","  27.1"," "," 0.00","I","999.9","100000"
"01023099999","2021-10-02","69.055758","18.540356","76.8","BARDUFOSS, NO","  56.2","24","  43.3","24","9999.9"," 0","999.9"," 0","  6.2","24","  6.3","24"," 12.0"," 21.0","  61.2"," ","  51.1"," "," 0.00","I","999.9","000000"
"01023099999","2021-10-03","69.055758","18.540356","76.8","BARDUFOSS, NO","  54.4","24","  39.2","24","9999.9"," 0","999.9"," 0","  6.2","24","  7.5","24"," 19.0"," 29.9","  59.0","*","  48.2","*","99.99"," ","999.9","010000"
"01023099999","2021-10-04","69.055758","18.540356","76.8","BARDUFOSS, NO","  54.4","24","  43.7","24","9999.9"," 0","999.9"," 0","  6.2","24","  7.0","24"," 18.1"," 28.0","  65.1"," ","  35.6","*","99.99"," ","999.9","010000"
"01023099999","2021-10-05","69.055758","18.540356","76.8","BARDUFOSS, NO","  46.8","24","  40.3","24","9999.9"," 0","999.9"," 0","  6.2","24","  3.4","24"," 11.1"," 24.1","  58.5"," ","  34.3"," ","99.99"," ","999.9","010000"
"01023099999","2021-10-06","69.055758","18.540356","76.8","BARDUFOSS, NO","  45.8","24","  43.6","24","9999.9"," 0","999.9"," 0","  6.2","24","  3.5","24","  9.9"," 15.9","  50.0"," ","  40.5","*","99.99"," ","999.9","010000"
"01023099999","2021-10-07","69.055758","18.540356","76.8","BARDUFOSS, NO","  37.6","24","  33.1","24","9999.9"," 0","999.9"," 0","  6.1","24","  5.1","24","  9.9"," 15.9","  41.0","*","  28.4","*","99.99"," ","999.9","010000"
"01023099999","2021-10-08","69.055758","18.540356","76.8","BARDUFOSS, NO","  31.9","24","  29.5","24","9999.9"," 0","999.9"," 0","  6.2","24","  1.4","24","  5.1","999.9","  40.1","*","  24.8","*"," 0.00","I","999.9","000000"
"01023099999","2021-10-09","69.055758","18.540356","76.8","BARDUFOSS, NO","  39.8","24","  39.3","24","9999.9"," 0","999.9"," 0","  5.4","24","  1.2","24","  5.8","999.9","  46.0"," ","  32.0","*","99.99"," ","999.9","010000"
"01023099999","2021-10-10","69.055758","18.540356","76.8","BARDUFOSS, NO","  44.7","24","  44.4","24","9999.9"," 0","999.9"," 0","  5.7","24","  1.3","24","  4.9","999.9","  46.9"," ","  42.3"," ","99.99"," ","999.9","110000"
"01023099999","2021-10-11","69.055758","18.540356","76.8","BARDUFOSS, NO","  43.4","24","  41.6","24","9999.9"," 0","999.9"," 0","  5.6","24","  4.5","24","  9.9"," 14.0","  45.0"," ","  37.4","*","99.99"," ","999.9","110000"
"01023099999","2021-10-12","69.055758","18.540356","76.8","BARDUFOSS, NO","  37.9","24","  34.2","24","9999.9"," 0","999.9"," 0","  6.2","24","  5.6","24"," 15.0"," 19.8","  41.9"," ","  32.7"," ","99.99"," ","999.9","110000"
"01023099999","2021-10-13","69.055758","18.540356","76.8","BARDUFOSS, NO","  33.9","24","  32.5","24","9999.9"," 0","999.9"," 0","  5.7","24","  2.9","24","  7.0"," 15.3","  37.4","*","  28.8"," ","99.99"," ","999.9","110000"
"01023099999","2021-10-14","69.055758","18.540356","76.8","BARDUFOSS, NO","  30.4","24","  28.9","24","9999.9"," 0","999.9"," 0","  5.7","24","  2.6","24","  9.9"," 16.9","  35.6","*","  24.3"," ","99.99"," ","999.9","110000"
"01023099999","2021-10-15","69.055758","18.540356","76.8","BARDUFOSS, NO","  33.3","24","  31.8","24","9999.9"," 0","999.9"," 0","  6.2","24","  2.0","24","  4.1","999.9","  37.8"," ","  31.1"," "," 0.00","I","999.9","000000"
"01023099999","2021-10-16","69.055758","18.540356","76.8","BARDUFOSS, NO","  34.4","24","  31.5","24","9999.9"," 0","999.9"," 0","  6.2","24","  5.9","24"," 11.1"," 14.2","  37.8"," ","  29.5"," "," 0.00","I","999.9","000000"
"01023099999","2021-10-17","69.055758","18.540356","76.8","BARDUFOSS, NO","  36.5","24","  32.5","24","9999.9"," 0","999.9"," 0","  6.2","24","  6.4","24"," 11.1"," 17.1","  39.7"," ","  32.0","*","99.99"," ","999.9","010000"
"01023099999","2021-10-18","69.055758","18.540356","76.8","BARDUFOSS, NO","  30.3","24","  27.8","24","9999.9"," 0","999.9"," 0","  6.2","24","  5.3","24","  8.9"," 15.3","  34.5"," ","  21.2","*","99.99"," ","999.9","011000"
"01023099999","2021-10-19","69.055758","18.540356","76.8","BARDUFOSS, NO","  21.7","24","  17.1","24","9999.9"," 0","999.9"," 0","  6.2","24","  2.6","24"," 13.0"," 22.5","  30.2","*","  14.0","*"," 0.00","I","999.9","000000"
"01023099999","2021-10-20","69.055758","18.540356","76.8","BARDUFOSS, NO","  28.2","24","  17.9","24","9999.9"," 0","999.9"," 0","  6.2","24"," 15.8","24"," 22.9"," 36.9","  30.4"," ","  26.1"," ","99.99"," ","999.9","001000"
"01023099999","2021-10-21","69.055758","18.540356","76.8","BARDUFOSS, NO","  31.6","24","  20.1","24","9999.9"," 0","999.9"," 0","  6.2","24"," 15.6","24"," 21.0"," 34.2","  33.8"," ","  27.3"," ","99.99"," ","999.9","011000"
"01023099999","2021-10-22","69.055758","18.540356","76.8","BARDUFOSS, NO","  30.2","24","  20.9","24","9999.9"," 0","999.9"," 0","  6.2","24","  7.6","24"," 15.5"," 24.5","  35.6","*","  19.4"," ","99.99"," ","999.9","011000"
"01023099999","2021-10-23","69.055758","18.540356","76.8","BARDUFOSS, NO","  21.5","24","  16.9","24","9999.9"," 0","999.9"," 0","  6.0","24","  1.8","24","  7.0"," 10.9","  28.4","*","  15.1"," ","99.99"," ","999.9","001000"
"01023099999","2021-10-24","69.055758","18.540356","76.8","BARDUFOSS, NO","  24.9","24","  21.4","24","9999.9"," 0","999.9"," 0","  6.0","24","  2.4","24","  8.0"," 14.8","  32.0","*","  17.6","*","99.99"," ","999.9","101000"
"01023099999","2021-10-25","69.055758","18.540356","76.8","BARDUFOSS, NO","  28.8","24","  24.5","24","9999.9"," 0","999.9"," 0","  5.5","24","  3.4","24","  8.0"," 13.4","  32.0","*","  24.8","*","99.99"," ","999.9","001000"
"01023099999","2021-10-26","69.055758","18.540356","76.8","BARDUFOSS, NO","  29.1","24","  27.9","24","9999.9"," 0","999.9"," 0","  2.8","24","  3.4","24","  8.9"," 16.1","  30.2","*","  28.0"," ","99.99"," ","999.9","001000"
"01023099999","2021-10-27","69.055758","18.540356","76.8","BARDUFOSS, NO","  31.6","24","  22.9","24","9999.9"," 0","999.9"," 0","  5.7","24"," 13.8","24"," 21.2"," 29.9","  33.8","*","  29.5"," ","99.99"," ","999.9","011000"
"01023099999","2021-10-28","69.055758","18.540356","76.8","BARDUFOSS, NO","  38.0","24","  29.8","24","9999.9"," 0","999.9"," 0","  6.1","24"," 10.0","24"," 22.7"," 32.2","  45.7"," ","  30.0"," ","99.99"," ","999.9","011000"
"01023099999","2021-10-29","69.055758","18.540356","76.8","BARDUFOSS, NO","  37.8","24","  34.5","24","9999.9"," 0","999.9"," 0","  6.2","24","  3.1","24"," 12.0"," 18.5","  44.8"," ","  30.2","*","99.99"," ","999.9","010000"
"01023099999","2021-10-30","69.055758","18.540356","76.8","BARDUFOSS, NO","  31.2","24","  30.6","24","9999.9"," 0","999.9"," 0","  5.1","24","  0.9","24","  2.9","999.9","  34.7","*","  25.7"," ","99.99"," ","999.9","110000"
"01023099999","2021-10-31","69.055758","18.540356","76.8","BARDUFOSS, NO","  34.3","24","  31.6","24","9999.9"," 0","999.9"," 0","  6.2","24","  2.3","24","  8.9"," 11.8","  39.7"," ","  28.4","*"," 0.00","I","999.9","000000"
"01023099999","2021-11-01","69.055758","18.540356","76.8","BARDUFOSS, NO","  37.6","24","  31.8","24","9999.9"," 0","999.9"," 0","  6.2","24","  6.4","24"," 21.0"," 28.6","  47.5"," ","  28.2"," ","99.99"," ","999.9","010000"
"01023099999","2021-11-02","69.055758","18.540356","76.8","BARDUFOSS, NO","  36.1","24","  31.8","24","9999.9"," 0","999.9"," 0","  6.2","24","  2.8","24"," 12.0"," 24.5","  48.2","*","  27.3"," "," 0.00","I","999.9","000000"
"01023099999","2021-11-03","69.055758","18.540356","76.8","BARDUFOSS, NO","  31.4","24","  31.2","24","9999.9"," 0","999.9"," 0","  6.2","24","  0.7","24","  4.1","999.9","  37.2"," ","  26.6","*","99.99"," ","999.9","010000"
"01023099999","2021-11-04","69.055758","18.540356","76.8","BARDUFOSS, NO","  34.7","24","  34.2","24","9999.9"," 0","999.9"," 0","  6.2","24","  1.4","24","  5.1"," 10.1","  37.9"," ","  30.2","*","99.99"," ","999.9","110000"
"01023099999","2021-11-05","69.055758","18.540356","76.8","BARDUFOSS, NO","  29.1","24","  28.2","24","9999.9"," 0","999.9"," 0","  6.2","24","  0.7","24","  2.9","999.9","  34.2"," ","  25.0"," ","99.99"," ","999.9","110000"
"01023099999","2021-11-06","69.055758","18.540356","76.8","BARDUFOSS, NO","  27.5","24","  26.8","24","9999.9"," 0","999.9"," 0","  5.3","24","  0.8","24","  2.9","999.9","  30.2","*","  23.0","*","99.99"," ","999.9","110000"
"01023099999","2021-11-07","69.055758","18.540356","76.8","BARDUFOSS, NO","  17.7","24","  16.0","24","9999.9"," 0","999.9"," 0","  6.2","24","  0.8","24","  2.9","999.9","  24.6"," ","  10.4"," ","99.99"," ","999.9","001000"
"01023099999","2021-11-08","69.055758","18.540356","76.8","BARDUFOSS, NO","  23.0","24","  21.8","24","9999.9"," 0","999.9"," 0","  5.8","24","  2.4","24","  6.0","999.9","  30.7"," ","   8.4"," ","99.99"," ","999.9","101000"
"01023099999","2021-11-09","69.055758","18.540356","76.8","BARDUFOSS, NO","  22.6","24","  17.8","24","9999.9"," 0","999.9"," 0","  6.2","24","  3.6","24","  9.9"," 15.5","  30.2","*","   7.5"," ","99.99"," ","999.9","001000"
"01023099999","2021-11-10","69.055758","18.540356","76.8","BARDUFOSS, NO","  35.5","24","  30.9","24","9999.9"," 0","999.9"," 0","  6.2","24","  6.1","24"," 13.2"," 22.0","  41.5"," ","  22.8"," ","99.99"," ","999.9","011000"
"01023099999","2021-11-11","69.055758","18.540356","76.8","BARDUFOSS, NO","  33.8","24","  32.5","24","9999.9"," 0","999.9"," 0","  6.2","24","  3.0","24"," 12.0"," 21.2","  38.3"," ","  28.4","*","99.99"," ","999.9","110000"
"01023099999","2021-11-12","69.055758","18.540356","76.8","BARDUFOSS, NO","  30.3","24","  29.8","24","9999.9"," 0","999.9"," 0","  4.8","24","  1.1","24","  5.1","999.9","  32.0","*","  25.9"," ","99.99"," ","999.9","111000"
"01023099999","2021-11-13","69.055758","18.540356","76.8","BARDUFOSS, NO","  32.1","24","  28.9","24","9999.9"," 0","999.9"," 0","  6.0","24","  3.2","24","  8.9"," 12.4","  35.6","*","  28.4","*","99.99"," ","999.9","011000"
"01023099999","2021-11-14","69.055758","18.540356","76.8","BARDUFOSS, NO","  28.9","24","  25.5","24","9999.9"," 0","999.9"," 0","  6.2","24","  5.0","24"," 14.0"," 16.3","  35.6","*","  21.2","*","99.99"," ","999.9","011000"
"01023099999","2021-11-15","69.055758","18.540356","76.8","BARDUFOSS, NO","  36.7","24","  32.8","24","9999.9"," 0","999.9"," 0","  5.9","24","  4.0","24","  8.9"," 15.3","  41.7"," ","  30.2","*","99.99"," ","999.9","011000"
"01023099999","2021-11-16","69.055758","18.540356","76.8","BARDUFOSS, NO","  35.4","24","  32.9","24","9999.9"," 0","999.9"," 0","  6.2","24","  2.8","24","  7.0"," 10.7","  41.0","*","  30.2"," ","99.99"," ","999.9","010000"
"01023099999","2021-11-17","69.055758","18.540356","76.8","BARDUFOSS, NO","  34.8","24","  33.6","24","9999.9"," 0","999.9"," 0","  6.2","24","  1.7","24","  6.6"," 10.7","  39.2","*","  30.2","*","99.99"," ","999.9","010000"
"01023099999","2021-11-18","69.055758","18.540356","76.8","BARDUFOSS, NO","  27.4","24","  26.1","24","9999.9"," 0","999.9"," 0","  5.8","24","  1.5","24","  5.1","999.9","  31.3"," ","  23.0","*"," 0.00","I","999.9","100000"
"01023099999","2021-11-19","69.055758","18.540356","76.8","BARDUFOSS, NO","  23.4","24","  22.0","24","9999.9"," 0","999.9"," 0","  6.2","24","  0.9","24","  2.9","999.9","  27.0"," ","  19.4","*","99.99"," ","999.9","001000"
"01023099999","2021-11-20","69.055758","18.540356","76.8","BARDUFOSS, NO","  31.4","24","  27.8","24","9999.9"," 0","999.9"," 0","  5.8","24","  7.0","24"," 13.0","999.9","  35.6","*","  24.8","*","99.99"," ","999.9","011000"
"01023099999","2021-11-21","69.055758","18.540356","76.8","BARDUFOSS, NO","  22.8","24","  20.7","24","9999.9"," 0","999.9"," 0","  5.7","24","  3.6","24"," 11.1","999.9","  26.6","*","  13.1"," ","99.99"," ","999.9","001000"
"01023099999","2021-11-22","69.055758","18.540356","76.8","BARDUFOSS, NO","  14.8","24","  12.6","24","9999.9"," 0","999.9"," 0","  6.2","24","  0.8","24","  3.7","999.9","  22.3"," ","   8.2"," ","99.99"," ","999.9","001000"
"01023099999","2021-11-23","69.055758","18.540356","76.8","BARDUFOSS, NO","  21.4","24","  19.6","24","9999.9"," 0","999.9"," 0","  5.4","24","  2.1","24","  7.0"," 14.4","  29.7"," ","  16.5"," ","99.99"," ","999.9","001000"
"01023099999","2021-11-24","69.055758","18.540356","76.8","BARDUFOSS, NO","  14.5","24","  11.3","24","9999.9"," 0","999.9"," 0","  6.0","24","  2.8","24"," 14.0"," 25.8","  28.4","*","  -0.4","*","99.99"," ","999.9","001000"
"01023099999","2021-11-25","69.055758","18.540356","76.8","BARDUFOSS, NO","  -1.5","24","  -4.8","24","9999.9"," 0","999.9"," 0","  6.2","24","  0.6","24","  1.9","999.9","   1.6"," ","  -7.6","*"," 0.00","I","999.9","000000"
"01023099999","2021-11-26","69.055758","18.540356","76.8","BARDUFOSS, NO","  -6.9","24"," -10.7","24","9999.9"," 0","999.9"," 0","  6.2","24","  0.9","24","  1.9","999.9","  -4.2"," ","  -9.8"," "," 0.00","I","999.9","000000"
"01023099999","2021-11-27","69.055758","18.540356","76.8","BARDUFOSS, NO","  -9.1","24"," -13.2","24","9999.9"," 0","999.9"," 0","  6.2","24","  0.7","24","  2.1","999.9","  -5.4"," "," -12.3"," "," 0.00","I","999.9","000000"
"01023099999","2021-11-28","69.055758","18.540356","76.8","BARDUFOSS, NO","  -2.8","24","  -6.8","24","9999.9"," 0","999.9"," 0","  6.2","24","  1.1","24","  4.5","999.9","   8.6"," "," -14.6"," ","99.99"," ","999.9","001000"
"01023099999","2021-11-29","69.055758","18.540356","76.8","BARDUFOSS, NO","   3.3","24","  -1.0","24","9999.9"," 0","999.9"," 0","  6.2","24","  2.0","24","  5.1"," 10.5","  10.4","*","  -3.1"," ","99.99"," ","999.9","001000"
"01023099999","2021-11-30","69.055758","18.540356","76.8","BARDUFOSS, NO","  -7.6","24"," -11.4","24","9999.9"," 0","999.9"," 0","  6.2","24","  0.8","24","  2.1","999.9","  -0.8"," "," -11.2","*"," 0.00","I","999.9","000000"
"01023099999","2021-12-01","69.055758","18.540356","76.8","BARDUFOSS, NO","  -0.9","24","  -4.2","24","9999.9"," 0","999.9"," 0","  4.4","24","  0.6","24","  2.9","999.9","  26.6","*"," -13.9"," ","99.99"," ","999.9","001000"
"01023099999","2021-12-02","69.055758","18.540356","76.8","BARDUFOSS, NO","  19.9","24","  17.3","24","9999.9"," 0","999.9"," 0","  5.6","24","  1.4","24","  4.5","999.9","  28.4"," ","   6.8","*","99.99"," ","999.9","001000"
"01023099999","2021-12-03","69.055758","18.540356","76.8","BARDUFOSS, NO","  -1.5","24","  -5.0","24","9999.9"," 0","999.9"," 0","  6.2","24","  0.9","24","  4.1","999.9","   7.5"," ","  -6.7"," "," 0.00","I","999.9","000000"
"01023099999","2021-12-04","69.055758","18.540356","76.8","BARDUFOSS, NO","  -1.9","24","  -6.2","24","9999.9"," 0","999.9"," 0","  6.2","24","  1.4","24","  6.0","999.9","  15.8","*"," -14.8","*","99.99"," ","999.9","001000"
"01023099999","2021-12-05","69.055758","18.540356","76.8","BARDUFOSS, NO"," -16.2","24"," -21.0","24","9999.9"," 0","999.9"," 0","  6.2","24","  0.4","24","  2.9","999.9"," -13.0","*"," -21.1"," "," 0.00","I","999.9","000000"
"01023099999","2021-12-06","69.055758","18.540356","76.8","BARDUFOSS, NO"," -18.7","24"," -23.5","24","9999.9"," 0","999.9"," 0","  6.2","24","  0.2","24","  1.9","999.9"," -11.2"," "," -22.4"," "," 0.00","I","999.9","000000"
"01023099999","2021-12-07","69.055758","18.540356","76.8","BARDUFOSS, NO"," -16.3","24"," -21.0","24","9999.9"," 0","999.9"," 0","  6.2","24","  0.8","24","  5.1","999.9","9999.9"," "," -23.4"," "," 0.00","I","999.9","000000"
"01023099999","2021-12-08","69.055758","18.540356","76.8","BARDUFOSS, NO","   6.5","24","  -0.9","24","9999.9"," 0","999.9"," 0","  6.2","24","  4.9","24"," 12.0"," 20.0","  16.7"," "," -11.2","*"," 0.00","I","999.9","000000"
"01023099999","2021-12-09","69.055758","18.540356","76.8","BARDUFOSS, NO"," -11.4","24"," -15.6","24","9999.9"," 0","999.9"," 0","  6.2","24","  1.0","24","  2.9","999.9","  -4.0","*"," -14.8"," "," 0.00","I","999.9","000000"
"01023099999","2021-12-10","69.055758","18.540356","76.8","BARDUFOSS, NO","   6.0","24","   3.1","24","9999.9"," 0","999.9"," 0","  6.2","24","  1.0","24","  2.9","999.9","  14.2"," "," -10.1"," "," 0.00","I","999.9","000000"
"01023099999","2021-12-11","69.055758","18.540356","76.8","BARDUFOSS, NO","   1.2","24","  -1.8","24","9999.9"," 0","999.9"," 0","  6.2","24","  0.6","24","  2.9","999.9","  14.0","*","  -5.1"," "," 0.00","I","999.9","000000"
"01023099999","2021-12-12","69.055758","18.540356","76.8","BARDUFOSS, NO","  22.5","24","  21.2","24","9999.9"," 0","999.9"," 0","  5.5","24","  0.7","24","  2.9","999.9","  26.6","*","  12.2","*","99.99"," ","999.9","001000"
"01023099999","2021-12-13","69.055758","18.540356","76.8","BARDUFOSS, NO","  20.3","24","  19.1","24","9999.9"," 0","999.9"," 0","  6.1","24","  0.4","24","  1.9","999.9","  26.6","*","   6.8","*","99.99"," ","999.9","001000"
"01023099999","2021-12-14","69.055758","18.540356","76.8","BARDUFOSS, NO","  15.7","24","  13.9","24","9999.9"," 0","999.9"," 0","  6.2","24","  1.1","24","  2.9","999.9","  21.2","*","  10.4","*","99.99"," ","  7.5","001000"
"01023099999","2021-12-15","69.055758","18.540356","76.8","BARDUFOSS, NO","  25.4","24","  21.9","24","9999.9"," 0","999.9"," 0","  6.2","24","  2.4","24","  7.0"," 14.0","  32.0","*","  17.6","*","99.99"," ","999.9","011000"
"01023099999","2021-12-16","69.055758","18.540356","76.8","BARDUFOSS, NO","  35.7","24","  31.9","24","9999.9"," 0","999.9"," 0","  6.2","24","  5.8","24"," 14.0"," 18.1","  39.2","*","  28.4","*","99.99"," ","999.9","010000"
"01023099999","2021-12-17","69.055758","18.540356","76.8","BARDUFOSS, NO","  38.5","24","  35.2","24","9999.9"," 0","999.9"," 0","  6.0","24","  6.4","24"," 15.0"," 26.0","  42.8","*","  35.6","*","99.99"," ","999.9","010000"
"01023099999","2021-12-18","69.055758","18.540356","76.8","BARDUFOSS, NO","  35.0","24","  32.5","24","9999.9"," 0","999.9"," 0","  5.4","24","  4.8","24"," 12.0","999.9","  41.0","*","  32.0","*","99.99"," ","999.9","011000"
"01023099999","2021-12-19","69.055758","18.540356","76.8","BARDUFOSS, NO","  30.9","24","  27.2","24","9999.9"," 0","999.9"," 0","  6.2","24","  4.5","24","  9.9","999.9","  37.4","*","  17.6","*","99.99"," ","999.9","011000"
"01023099999","2021-12-20","69.055758","18.540356","76.8","BARDUFOSS, NO","   7.8","24","   5.1","24","9999.9"," 0","999.9"," 0","  6.2","24","  0.4","24","  2.9","999.9","  17.6","*","  -0.4","*"," 0.00","I","999.9","000000"
"01023099999","2021-12-21","69.055758","18.540356","76.8","BARDUFOSS, NO","  -2.9","24","  -6.7","24","9999.9"," 0","999.9"," 0","  6.2","24","  0.4","24","  1.9","999.9","  -0.4","*","  -4.0","*"," 0.00","I","999.9","000000"
"01023099999","2021-12-22","69.055758","18.540356","76.8","BARDUFOSS, NO","   6.2","24","   3.1","24","9999.9"," 0","999.9"," 0","  4.9","24","  2.6","24"," 19.0"," 24.5","  32.5"," ","  -7.6","*","99.99"," ","999.9","001000"
"01023099999","2021-12-23","69.055758","18.540356","76.8","BARDUFOSS, NO","   9.3","24","   5.5","24","9999.9"," 0","999.9"," 0","  5.3","24","  4.8","24"," 13.0","999.9","  24.8","*","  -2.2","*","99.99"," ","999.9","001000"
"01023099999","2021-12-24","69.055758","18.540356","76.8","BARDUFOSS, NO","  13.1","24","  10.5","24","9999.9"," 0","999.9"," 0","  4.8","24","  1.2","24","  5.1","999.9","  24.8","*","   5.0","*","99.99"," ","999.9","001000"
"01023099999","2021-12-25","69.055758","18.540356","76.8","BARDUFOSS, NO","   9.4","24","   6.6","24","9999.9"," 0","999.9"," 0","  5.6","24","  0.9","24","  4.1","999.9","  24.8","*","  -9.4","*","99.99"," ","999.9","101000"
"01023099999","2021-12-26","69.055758","18.540356","76.8","BARDUFOSS, NO","  -2.5","24","  -6.3","24","9999.9"," 0","999.9"," 0","  6.2","24","  0.0","24","  1.9","999.9","   8.6","*"," -11.2","*","99.99"," ","999.9","001000"
"01023099999","2021-12-27","69.055758","18.540356","76.8","BARDUFOSS, NO","  12.2","24","   9.6","24","9999.9"," 0","999.9"," 0","  6.2","24","  0.2","24","  1.9","999.9","  17.6","*","  -0.4","*","99.99"," ","999.9","001000"
"01023099999","2021-12-28","69.055758","18.540356","76.8","BARDUFOSS, NO","  -3.3","24","  -7.1","24","9999.9"," 0","999.9"," 0","  6.1","24","  0.7","24","  1.9","999.9","   1.4","*","  -9.4","*","99.99"," ","999.9","001000"
"01023099999","2021-12-29","69.055758","18.540356","76.8","BARDUFOSS, NO","  -5.9","24","  -9.8","24","9999.9"," 0","999.9"," 0","  6.2","24","  0.2","24","  1.9","999.9","  10.4","*"," -13.0","*","99.99"," ","999.9","001000"
"01023099999","2021-12-30","69.055758","18.540356","76.8","BARDUFOSS, NO","  16.0","24","  13.8","24","9999.9"," 0","999.9"," 0","  5.6","24","  0.4","24","  5.1","999.9","  23.0","*","  10.4","*","99.99"," ","999.9","001000"
"01023099999","2021-12-31","69.055758","18.540356","76.8","BARDUFOSS, NO","   4.2","24","   0.9","24","9999.9"," 0","999.9"," 0","  6.2","24","  1.4","24","  6.0","999.9","  21.2","*","  -7.6","*","99.99"," ","999.9","001000"
"01023099999","2022-01-01","69.055758","18.540356","76.8","BARDUFOSS, NO","  11.1","24","   8.8","24","9999.9"," 0","999.9"," 0","  4.9","24","  1.0","24","  4.1","999.9","  24.8","*","  -2.2","*","99.99"," ","999.9","101000"
"01023099999","2022-01-02","69.055758","18.540356","76.8","BARDUFOSS, NO","  21.3","24","  13.5","24","9999.9"," 0","999.9"," 0","  6.0","24"," 13.8","24"," 25.1"," 36.9","  25.5"," ","   6.8","*","99.99"," ","999.9","001000"
"01023099999","2022-01-03","69.055758","18.540356","76.8","BARDUFOSS, NO","  20.7","24","  10.7","24","9999.9"," 0","999.9"," 0","  6.0","24","  9.0","24"," 15.0","999.9","  24.8","*","  17.6","*","99.99"," ","999.9","001000"
"01023099999","2022-01-04","69.055758","18.540356","76.8","BARDUFOSS, NO","  15.7","24","   9.3","24","9999.9"," 0","999.9"," 0","  4.5","24","  4.3","24","  8.9","999.9","  17.6","*","  14.0","*","99.99"," ","999.9","001000"
"01023099999","2022-01-05","69.055758","18.540356","76.8","BARDUFOSS, NO","  10.7","24","   7.2","24","9999.9"," 0","999.9"," 0","  5.8","24","  3.9","24"," 17.1","999.9","  24.8","*","  -5.8","*","99.99"," ","999.9","001000"
"01023099999","2022-01-06","69.055758","18.540356","76.8","BARDUFOSS, NO","  11.7","24","   7.5","24","9999.9"," 0","999.9"," 0","  6.2","24","  3.2","24"," 15.0"," 25.1","  26.6","*","  -7.6","*","99.99"," ","999.9","001000"
"01023099999","2022-01-07","69.055758","18.540356","76.8","BARDUFOSS, NO","  -2.4","24","  -6.2","24","9999.9"," 0","999.9"," 0","  6.2","24","  0.6","24","  2.9","999.9","   5.0","*","  -9.4","*","99.99"," ","999.9","001000"
"01023099999","2022-01-08","69.055758","18.540356","76.8","BARDUFOSS, NO","  10.7","24","   8.1","24","9999.9"," 0","999.9"," 0","  5.7","24","  1.1","24","  5.1","999.9","  15.8","*","  -2.2","*","99.99"," ","999.9","001000"
"01023099999","2022-01-09","69.055758","18.540356","76.8","BARDUFOSS, NO","  -9.8","24"," -13.8","24","9999.9"," 0","999.9"," 0","  5.6","24","  0.8","24","  1.9","999.9","   1.4","*"," -16.6"," ","99.99"," ","999.9","001000"
"01023099999","2022-01-10","69.055758","18.540356","76.8","BARDUFOSS, NO"," -15.0","24"," -19.5","24","9999.9"," 0","999.9"," 0","  6.2","24","  0.5","24","  1.9","999.9","   1.4","*"," -20.2","*"," 0.00","I","999.9","000000"
"01023099999","2022-01-11","69.055758","18.540356","76.8","BARDUFOSS, NO","  15.9","24","  11.4","24","9999.9"," 0","999.9"," 0","  6.2","24","  2.3","24","  8.9","999.9","  32.0","*","   3.2","*"," 0.00","I","999.9","000000"
"01023099999","2022-01-12","69.055758","18.540356","76.8","BARDUFOSS, NO","  36.8","24","  30.7","24","9999.9"," 0","999.9"," 0","  4.7","24","  8.2","24"," 15.0"," 28.9","  42.8","*","  32.0","*","99.99"," ","999.9","011000"
"01023099999","2022-01-13","69.055758","18.540356","76.8","BARDUFOSS, NO","  31.5","24","  28.9","24","9999.9"," 0","999.9"," 0","  4.6","24","  6.9","24"," 15.9"," 28.0","  34.5"," ","  28.4","*","99.99"," ","999.9","111000"
"01023099999","2022-01-14","69.055758","18.540356","76.8","BARDUFOSS, NO","  30.7","24","  29.6","24","9999.9"," 0","999.9"," 0","  4.9","24","  6.4","24"," 22.9"," 33.0","  33.8","*","  26.6","*","99.99"," ","999.9","011000"
"01023099999","2022-01-15","69.055758","18.540356","76.8","BARDUFOSS, NO","  28.1","24","  26.3","24","9999.9"," 0","999.9"," 0","  4.6","24","  6.9","24"," 17.1","999.9","  37.4","*","  24.8","*","99.99"," ","999.9","011000"
"01023099999","2022-01-16","69.055758","18.540356","76.8","BARDUFOSS, NO","  29.4","24","  28.0","24","9999.9"," 0","999.9"," 0","  3.3","24","  4.8","24"," 12.0","999.9","  37.4","*","  19.4","*","99.99"," ","999.9","011000"
"01023099999","2022-01-17","69.055758","18.540356","76.8","BARDUFOSS, NO","  23.7","24","  21.1","24","9999.9"," 0","999.9"," 0","  4.3","24","  8.2","24"," 18.1","999.9","  26.6","*","  15.8","*","99.99"," ","999.9","001000"
"01023099999","2022-01-18","69.055758","18.540356","76.8","BARDUFOSS, NO","  32.5","24","  28.9","24","9999.9"," 0","999.9"," 0","  5.7","24","  6.9","24"," 12.0"," 24.1","  41.0","*","  21.2","*","99.99"," ","999.9","011000"
"01023099999","2022-01-19","69.055758","18.540356","76.8","BARDUFOSS, NO","  30.8","24","  28.8","24","9999.9"," 0","999.9"," 0","  5.0","24","  4.8","24"," 11.1"," 16.3","  37.4","*","  21.2","*","99.99"," ","999.9","011000"
"01023099999","2022-01-20","69.055758","18.540356","76.8","BARDUFOSS, NO","  28.9","24","  27.0","24","9999.9"," 0","999.9"," 0","  3.2","24"," 11.0","24"," 22.0"," 27.0","  32.0","*","  19.4","*","99.99"," ","999.9","001000"
"01023099999","2022-01-21","69.055758","18.540356","76.8","BARDUFOSS, NO","   9.8","24","   7.1","24","9999.9"," 0","999.9"," 0","  6.0","24","  1.4","24","  5.1","999.9","  17.6","*","   3.2","*","99.99"," ","999.9","001000"
"01023099999","2022-01-22","69.055758","18.540356","76.8","BARDUFOSS, NO","  27.9","24","  24.4","24","9999.9"," 0","999.9"," 0","  5.8","24","  5.4","22"," 21.0"," 35.0","  41.0","*","  15.8","*","99.99"," ","999.9","011000"
"01023099999","2022-01-23","69.055758","18.540356","76.8","BARDUFOSS, NO","  39.6","24","  33.7","24","9999.9"," 0","999.9"," 0","  5.8","24"," 10.3","24"," 28.0"," 41.0","  44.6","*","  32.9"," ","99.99"," ","999.9","011000"
"01023099999","2022-01-24","69.055758","18.540356","76.8","BARDUFOSS, NO","  31.1","24","  25.8","24","9999.9"," 0","999.9"," 0","  4.0","24"," 13.0","24"," 22.9"," 38.1","  41.0","*","  26.2"," ","99.99"," ","999.9","011000"
"01023099999","2022-01-25","69.055758","18.540356","76.8","BARDUFOSS, NO","  26.5","24","  23.7","24","9999.9"," 0","999.9"," 0","  4.0","24","  6.3","24"," 18.1"," 22.9","  30.2","*","  23.0","*","99.99"," ","999.9","001000"
"01023099999","2022-01-26","69.055758","18.540356","76.8","BARDUFOSS, NO","  11.7","24","   9.3","24","9999.9"," 0","999.9"," 0","  6.2","24","  1.2","24","  5.1","999.9","  26.6","*","   1.4","*"," 0.00","I","999.9","000000"
"01023099999","2022-01-27","69.055758","18.540356","76.8","BARDUFOSS, NO","  10.3","24","   7.8","24","9999.9"," 0","999.9"," 0","  4.8","24","  0.6","24","  2.9","999.9","  17.6","*","   1.4","*","99.99"," ","999.9","001000"
"01023099999","2022-01-28","69.055758","18.540356","76.8","BARDUFOSS, NO","  16.2","24","  13.8","24","9999.9"," 0","999.9"," 0","  5.2","24","  2.2","24"," 13.0","999.9","  26.6","*","  -4.0","*","99.99"," ","999.9","001000"
"01023099999","2022-01-29","69.055758","18.540356","76.8","BARDUFOSS, NO","   3.6","24","  -0.9","24","9999.9"," 0","999.9"," 0","  6.2","24","  2.6","24"," 13.0"," 13.4","  21.2","*"," -13.0","*"," 0.00","I","999.9","000000"
"01023099999","2022-01-30","69.055758","18.540356","76.8","BARDUFOSS, NO","  -3.9","24","  -7.5","24","9999.9"," 0","999.9"," 0","  6.2","24","  1.0","24","  2.9","999.9","   5.0","*"," -14.8","*"," 0.00","I","999.9","000000"
"01023099999","2022-01-31","69.055758","18.540356","76.8","BARDUFOSS, NO","  -1.2","24","  -4.9","24","9999.9"," 0","999.9"," 0","  6.2","24","  0.5","24","  2.9","999.9","   8.6","*"," -13.0","*","99.99"," ","999.9","001000"
"01023099999","2022-02-01","69.055758","18.540356","76.8","BARDUFOSS, NO","  -7.5","24"," -11.3","24","9999.9"," 0","999.9"," 0","  6.2","24","  0.6","24","  2.9","999.9","   5.0","*"," -13.0","*"," 0.00","I","999.9","000000"
"01023099999","2022-02-02","69.055758","18.540356","76.8","BARDUFOSS, NO"," -10.3","24"," -14.4","24","9999.9"," 0","999.9"," 0","  6.2","24","  0.9","24","  2.9","999.9","  -2.2","*"," -14.8"," "," 0.00","I","999.9","100000"
"01023099999","2022-02-03","69.055758","18.540356","76.8","BARDUFOSS, NO","   9.7","24","   2.1","24","9999.9"," 0","999.9"," 0","  6.2","24","  5.9","24"," 21.0"," 28.9","  17.6","*","  -5.8","*"," 0.00","I","999.9","000000"
"01023099999","2022-02-04","69.055758","18.540356","76.8","BARDUFOSS, NO","  16.9","24","   6.9","24","9999.9"," 0","999.9"," 0","  5.5","24"," 17.4","24"," 28.9"," 42.0","  19.4","*","  14.0","*","99.99"," ","999.9","001000"
"01023099999","2022-02-05","69.055758","18.540356","76.8","BARDUFOSS, NO","  19.0","24","  10.5","24","9999.9"," 0","999.9"," 0","  6.2","24","  5.0","24"," 14.0"," 22.0","  33.8","*","  -0.4","*","99.99"," ","999.9","001000"
"01023099999","2022-02-06","69.055758","18.540356","76.8","BARDUFOSS, NO","  27.9","24","  16.5","24","9999.9"," 0","999.9"," 0","  6.2","24","  5.7","24"," 11.1"," 22.9","  35.6","*","  15.8","*"," 0.00","I","999.9","000000"
"01023099999","2022-02-07","69.055758","18.540356","76.8","BARDUFOSS, NO","  12.1","24","   9.7","24","9999.9"," 0","999.9"," 0","  5.6","24","  0.8","24","  2.9","999.9","  21.2","*","  -0.4","*","99.99"," ","999.9","001000"
"01023099999","2022-02-08","69.055758","18.540356","76.8","BARDUFOSS, NO","  16.3","24","   9.6","24","9999.9"," 0","999.9"," 0","  6.2","24","  4.1","24"," 11.1","999.9","  30.2","*","  -2.2","*"," 0.00","I","999.9","000000"
"01023099999","2022-02-09","69.055758","18.540356","76.8","BARDUFOSS, NO","  19.7","24","  13.2","24","9999.9"," 0","999.9"," 0","  6.2","24","  2.3","24","  7.0","999.9","  26.6","*","   8.6","*"," 0.00","I","999.9","000000"
"01023099999","2022-02-10","69.055758","18.540356","76.8","BARDUFOSS, NO","  10.3","24","   6.9","24","9999.9"," 0","999.9"," 0","  5.5","24","  3.0","24"," 15.9","999.9","  30.2","*","  -4.0","*","99.99"," ","999.9","001000"
"01023099999","2022-02-11","69.055758","18.540356","76.8","BARDUFOSS, NO","  24.2","24","  21.3","24","9999.9"," 0","999.9"," 0","  4.5","24","  4.6","24"," 12.0","999.9","  28.4","*","   5.0","*","99.99"," ","999.9","001000"
"01023099999","2022-02-12","69.055758","18.540356","76.8","BARDUFOSS, NO","  -5.9","24","  -9.6","24","9999.9"," 0","999.9"," 0","  6.2","24","  1.1","24","  2.9","999.9","   3.2","*"," -19.3"," ","99.99"," ","999.9","001000"
"01023099999","2022-02-13","69.055758","18.540356","76.8","BARDUFOSS, NO","   1.6","24","  -2.0","24","9999.9"," 0","999.9"," 0","  6.0","24","  1.6","24","  6.0","999.9","  14.0","*"," -16.6","*","99.99"," ","999.9","001000"
"01023099999","2022-02-14","69.055758","18.540356","76.8","BARDUFOSS, NO","  19.0","24","  17.1","24","9999.9"," 0","999.9"," 0","  5.2","24","  2.9","24","  7.0","999.9","  26.6","*","   1.4","*","99.99"," ","999.9","001000"
"01023099999","2022-02-15","69.055758","18.540356","76.8","BARDUFOSS, NO","   7.6","24","   5.1","24","9999.9"," 0","999.9"," 0","  6.2","24","  1.2","24","  5.1","999.9","  21.2","*"," -13.0","*","99.99"," ","999.9","001000"
"01023099999","2022-02-16","69.055758","18.540356","76.8","BARDUFOSS, NO","   4.7","24","  -1.0","24","9999.9"," 0","999.9"," 0","  6.2","24","  4.6","24"," 15.9"," 22.3","  23.5"," "," -14.8","*"," 0.00","I","999.9","000000"
"01023099999","2022-02-17","69.055758","18.540356","76.8","BARDUFOSS, NO","  24.1","24","  12.3","24","9999.9"," 0","999.9"," 0","  6.2","24"," 11.6","24"," 15.9"," 22.1","  25.5"," ","  21.2","*"," 0.00","I","999.9","000000"
"01023099999","2022-02-18","69.055758","18.540356","76.8","BARDUFOSS, NO","  22.5","24","  17.1","24","9999.9"," 0","999.9"," 0","  6.2","24","  3.6","24","  9.9"," 11.8","  26.6","*","  17.6","*","99.99"," ","999.9","001000"
"01023099999","2022-02-19","69.055758","18.540356","76.8","BARDUFOSS, NO","  14.4","24","  11.0","24","9999.9"," 0","999.9"," 0","  6.2","24","  1.9","24","  6.0","999.9","  21.2","*","   3.2","*","99.99"," ","999.9","001000"
"01023099999","2022-02-20","69.055758","18.540356","76.8","BARDUFOSS, NO","   6.3","24","   0.9","24","9999.9"," 0","999.9"," 0","  6.2","24","  2.7","24","  9.9","999.9","  21.2","*","  -2.2","*"," 0.00","I","999.9","000000"
"01023099999","2022-02-21","69.055758","18.540356","76.8","BARDUFOSS, NO","  -0.6","24","  -4.9","24","9999.9"," 0","999.9"," 0","  6.2","24","  1.5","24","  2.9","999.9","  14.0","*","  -9.4","*"," 0.00","I","999.9","000000"
"01023099999","2022-02-22","69.055758","18.540356","76.8","BARDUFOSS, NO","  -7.4","24"," -11.6","24","9999.9"," 0","999.9"," 0","  6.2","24","  0.5","24","  2.9","999.9","   5.0","*"," -18.4","*"," 0.00","I","999.9","000000"
"01023099999","2022-02-23","69.055758","18.540356","76.8","BARDUFOSS, NO","   1.9","24","  -4.9","24","9999.9"," 0","999.9"," 0","  6.2","24","  2.6","24","  8.9","999.9","  15.8","*"," -16.6","*","99.99"," ","999.9","001000"
"01023099999","2022-02-24","69.055758","18.540356","76.8","BARDUFOSS, NO","  19.4","24","  12.8","24","9999.9"," 0","999.9"," 0","  5.8","24","  2.7","24","  7.0","999.9","  29.7"," ","   6.8","*","99.99"," ","999.9","101000"
"01023099999","2022-02-25","69.055758","18.540356","76.8","BARDUFOSS, NO","  20.3","24","  16.7","24","9999.9"," 0","999.9"," 0","  4.8","24","  7.0","24"," 15.9"," 23.5","  28.9"," ","  -2.2","*","99.99"," ","999.9","101000"
"01023099999","2022-02-26","69.055758","18.540356","76.8","BARDUFOSS, NO","  16.2","24","  11.5","24","9999.9"," 0","999.9"," 0","  5.3","24","  3.0","24","  8.9","999.9","  39.2","*","  -5.8","*","99.99"," ","999.9","011000"
"01023099999","2022-02-27","69.055758","18.540356","76.8","BARDUFOSS, NO","  40.9","24","  33.7","24","9999.9"," 0","999.9"," 0","  6.2","24"," 11.8","24"," 25.1"," 41.0","  42.8","*","  37.4","*","99.99"," ","999.9","011000"
"01023099999","2022-02-28","69.055758","18.540356","76.8","BARDUFOSS, NO","  37.2","24","  25.6","24","9999.9"," 0","999.9"," 0","  6.2","24","  7.0","24"," 17.1"," 32.1","  41.0","*","  32.0","*","99.99"," ","999.9","011000"
"01023099999","2022-03-01","69.055758","18.540356","76.8","BARDUFOSS, NO","  37.5","24","  27.3","24","9999.9"," 0","999.9"," 0","  6.2","24","  5.2","24","  9.9"," 22.9","  41.0","*","  33.8","*","99.99"," ","999.9","010000"
"01023099999","2022-03-02","69.055758","18.540356","76.8","BARDUFOSS, NO","  34.3","24","  30.8","24","9999.9"," 0","999.9"," 0","  5.0","24"," 10.4","24"," 20.0"," 20.2","  39.2","*","  28.4","*","99.99"," ","999.9","011000"
"01023099999","2022-03-03","69.055758","18.540356","76.8","BARDUFOSS, NO","  28.9","24","  25.7","24","9999.9"," 0","999.9"," 0","  6.1","24","  7.0","24"," 15.9","999.9","  32.0","*","  23.0","*","99.99"," ","999.9","001000"
"01023099999","2022-03-04","69.055758","18.540356","76.8","BARDUFOSS, NO","  26.0","24","  20.4","24","9999.9"," 0","999.9"," 0","  5.9","24","  3.0","24","  7.0","999.9","  30.2","*","  23.0","*","99.99"," ","999.9","001000"
"01023099999","2022-03-05","69.055758","18.540356","76.8","BARDUFOSS, NO","  29.9","24","  27.1","24","9999.9"," 0","999.9"," 0","  5.5","24","  3.0","24","  8.0"," 17.1","  33.8","*","  24.8","*","99.99"," ","999.9","011000"
"01023099999","2022-03-06","69.055758","18.540356","76.8","BARDUFOSS, NO","  27.6","24","  23.5","24","9999.9"," 0","999.9"," 0","  6.2","24","  1.4","24","  6.0","999.9","  37.4","*","  14.0","*"," 0.00","I","999.9","000000"
"01023099999","2022-03-07","69.055758","18.540356","76.8","BARDUFOSS, NO","  25.0","24","  23.0","24","9999.9"," 0","999.9"," 0","  5.7","24","  2.4","24","  7.0"," 18.1","  32.0"," ","  14.0","*","99.99"," ","999.9","101000"
"01023099999","2022-03-08","69.055758","18.540356","76.8","BARDUFOSS, NO","  20.3","24","  17.9","24","9999.9"," 0","999.9"," 0","  6.2","24","  0.6","24","  2.9","999.9","  30.2","*","  14.0","*"," 0.00","I","999.9","000000"
"01023099999","2022-03-09","69.055758","18.540356","76.8","BARDUFOSS, NO","  23.0","24","  16.4","24","9999.9"," 0","999.9"," 0","  6.2","24","  2.1","24","  6.0","999.9","  32.0","*","  12.2","*"," 0.00","I","999.9","000000"
"01023099999","2022-03-10","69.055758","18.540356","76.8","BARDUFOSS, NO","  32.8","24","  24.9","24","9999.9"," 0","999.9"," 0","  6.2","24","  6.3","24"," 13.6"," 26.0","  42.8","*","  14.0","*","99.99"," ","999.9","010000"
"01023099999","2022-03-11","69.055758","18.540356","76.8","BARDUFOSS, NO","  38.7","24","  32.7","24","9999.9"," 0","999.9"," 0","  6.2","24","  5.4","24"," 13.0","999.9","  42.8","*","  33.8","*","99.99"," ","999.9","010000"
"01023099999","2022-03-12","69.055758","18.540356","76.8","BARDUFOSS, NO","  35.5","24","  31.8","24","9999.9"," 0","999.9"," 0","  6.2","24","  1.0","24","  4.1","999.9","  48.2","*","  23.0","*"," 0.00","I","999.9","000000"
"01023099999","2022-03-13","69.055758","18.540356","76.8","BARDUFOSS, NO","  28.7","24","  22.6","24","9999.9"," 0","999.9"," 0","  6.2","24","  1.2","24","  4.1","999.9","  46.4","*","  17.6","*"," 0.00","I","999.9","000000"
"01023099999","2022-03-14","69.055758","18.540356","76.8","BARDUFOSS, NO","  30.6","24","  22.4","24","9999.9"," 0","999.9"," 0","  6.2","24","  1.6","24","  7.0"," 20.0","  44.6","*","  17.6","*"," 0.00","I","999.9","000000"
"01023099999","2022-03-15","69.055758","18.540356","76.8","BARDUFOSS, NO","  35.8","23","  27.9","23","9999.9"," 0","999.9"," 0","  6.2","23","  1.9","23","  5.1"," 22.9","  50.0","*","  24.8","*","99.99"," ","999.9","010000"
"01023099999","2022-03-16","69.055758","18.540356","76.8","BARDUFOSS, NO","  32.8","24","  20.5","24","9999.9"," 0","999.9"," 0","  6.2","24","  3.6","24","  8.9","999.9","  42.8","*","  21.2","*"," 0.00","I","999.9","000000"
"01023099999","2022-03-17","69.055758","18.540356","76.8","BARDUFOSS, NO","  38.1","24","  28.3","24","9999.9"," 0","999.9"," 0","  6.2","24","  2.7","24","  7.0","999.9","  48.2","*","  32.0","*","99.99"," ","999.9","010000"
"01023099999","2022-03-18","69.055758","18.540356","76.8","BARDUFOSS, NO","  36.9","24","  29.2","24","9999.9"," 0","999.9"," 0","  6.1","24","  7.3","24"," 18.1"," 32.1","  46.4","*","  30.2","*","99.99"," ","999.9","011000"
"01023099999","2022-03-19","69.055758","18.540356","76.8","BARDUFOSS, NO","  37.2","24","  33.8","24","9999.9"," 0","999.9"," 0","  5.5","24","  7.6","24"," 18.1"," 35.9","  44.6","*","  32.0","*","99.99"," ","999.9","010000"
"01023099999","2022-03-20","69.055758","18.540356","76.8","BARDUFOSS, NO","  46.9","24","  29.4","24","9999.9"," 0","999.9"," 0","  6.2","24"," 10.0","24"," 20.0"," 33.0","  50.0","*","  42.8","*","99.99"," ","999.9","010000"
"01023099999","2022-03-21","69.055758","18.540356","76.8","BARDUFOSS, NO","  41.1","24","  24.7","24","9999.9"," 0","999.9"," 0","  6.1","24"," 10.3","24"," 18.1"," 31.1","  46.4","*","  33.8","*","99.99"," ","999.9","011000"
"01023099999","2022-03-22","69.055758","18.540356","76.8","BARDUFOSS, NO","  38.8","24","  30.3","24","9999.9"," 0","999.9"," 0","  6.2","24","  9.2","24"," 15.0"," 27.0","  42.8","*","  33.8","*","99.99"," ","999.9","010000"
"01023099999","2022-03-23","69.055758","18.540356","76.8","BARDUFOSS, NO","  37.7","24","  34.6","24","9999.9"," 0","999.9"," 0","  5.7","24","  8.4","24"," 13.0"," 22.9","  42.8","*","  32.0","*","99.99"," ","999.9","011000"
"01023099999","2022-03-24","69.055758","18.540356","76.8","BARDUFOSS, NO","  30.8","24","  23.8","24","9999.9"," 0","999.9"," 0","  6.2","24","  4.8","24"," 15.9","999.9","  36.0"," ","  23.0","*","99.99"," ","999.9","001000"
"01023099999","2022-03-25","69.055758","18.540356","76.8","BARDUFOSS, NO","  27.0","24","  20.3","24","9999.9"," 0","999.9"," 0","  5.5","24","  7.5","24"," 17.1","999.9","  33.8","*","  17.6","*","99.99"," ","999.9","001000"
"01023099999","2022-03-26","69.055758","18.540356","76.8","BARDUFOSS, NO","  23.6","24","  15.1","24","9999.9"," 0","999.9"," 0","  5.6","24","  5.8","24"," 17.1","999.9","  28.4","*","  10.4","*","99.99"," ","999.9","001000"
"01023099999","2022-03-27","69.055758","18.540356","76.8","BARDUFOSS, NO","  21.7","24","  12.6","24","9999.9"," 0","999.9"," 0","  5.9","24","  9.4","24"," 18.1","999.9","  28.4","*","  10.4","*","99.99"," ","999.9","001000"
"01023099999","2022-03-28","69.055758","18.540356","76.8","BARDUFOSS, NO","  23.2","24","   7.1","24","9999.9"," 0","999.9"," 0","  6.2","24","  7.2","24"," 15.9","999.9","  28.4","*","  17.6","*","99.99"," ","999.9","001000"
"01023099999","2022-03-29","69.055758","18.540356","76.8","BARDUFOSS, NO","  26.1","24","  21.1","24","9999.9"," 0","999.9"," 0","  6.0","24","  9.5","24"," 15.9"," 24.1","  30.2","*","  19.4","*","99.99"," ","999.9","001000"
"01023099999","2022-03-30","69.055758","18.540356","76.8","BARDUFOSS, NO","  27.2","24","  19.5","24","9999.9"," 0","999.9"," 0","  6.0","24","  8.7","24"," 13.0","999.9","  32.0","*","  19.4","*","99.99"," ","999.9","001000"
"01023099999","2022-03-31","69.055758","18.540356","76.8","BARDUFOSS, NO","  25.9","24","  16.5","24","9999.9"," 0","999.9"," 0","  6.2","24","  4.1","24","  8.9","999.9","  33.8","*","  17.6","*","99.99"," ","999.9","001000"
"01023099999","2022-04-01","69.055758","18.540356","76.8","BARDUFOSS, NO","  28.2","24","  19.6","24","9999.9"," 0","999.9"," 0","  6.2","24","  6.5","24"," 13.0","999.9","  32.0","*","  21.2","*","99.99"," ","999.9","001000"
"01023099999","2022-04-02","69.055758","18.540356","76.8","BARDUFOSS, NO","  28.1","24","  24.3","24","9999.9"," 0","999.9"," 0","  5.4","24","  4.3","24"," 14.0","999.9","  33.8","*","  19.4","*","99.99"," ","999.9","001000"
"01023099999","2022-04-03","69.055758","18.540356","76.8","BARDUFOSS, NO","  21.2","24","  10.9","24","9999.9"," 0","999.9"," 0","  6.2","24","  7.0","24"," 15.0","999.9","  30.2","*","   5.0","*"," 0.00","I","999.9","000000"
"01023099999","2022-04-04","69.055758","18.540356","76.8","BARDUFOSS, NO","  15.9","24","   3.0","24","9999.9"," 0","999.9"," 0","  6.2","24","  2.7","24","  8.0"," 13.6","  33.8","*","  -0.4","*"," 0.00","I","999.9","000000"
"01023099999","2022-04-05","69.055758","18.540356","76.8","BARDUFOSS, NO","  16.2","24","   9.0","24","9999.9"," 0","999.9"," 0","  5.2","24","  2.8","24"," 11.1","999.9","  28.4","*","  -5.8","*","99.99"," ","999.9","001000"
"01023099999","2022-04-06","69.055758","18.540356","76.8","BARDUFOSS, NO","  29.9","24","  24.0","24","9999.9"," 0","999.9"," 0","  5.8","24","  5.0","24","  8.9","999.9","  33.8","*","  24.8","*","99.99"," ","999.9","001000"
"01023099999","2022-04-07","69.055758","18.540356","76.8","BARDUFOSS, NO","  29.7","24","  19.0","24","9999.9"," 0","999.9"," 0","  6.2","24","  7.3","24"," 13.0","999.9","  35.6","*","  14.0","*"," 0.00","I","999.9","000000"
"01023099999","2022-04-08","69.055758","18.540356","76.8","BARDUFOSS, NO","  25.6","24","  16.3","24","9999.9"," 0","999.9"," 0","  5.5","24","  6.0","24"," 17.1","999.9","  35.6","*","   8.6","*","99.99"," ","999.9","001000"
"01023099999","2022-04-09","69.055758","18.540356","76.8","BARDUFOSS, NO","  35.2","24","  27.4","24","9999.9"," 0","999.9"," 0","  5.4","24","  7.3","24"," 15.9","999.9","  41.0","*","  30.2","*","99.99"," ","999.9","011000"
"01023099999","2022-04-10","69.055758","18.540356","76.8","BARDUFOSS, NO","  34.2","24","  24.8","24","9999.9"," 0","999.9"," 0","  5.5","24","  8.7","24"," 20.0"," 31.1","  37.9"," ","  26.6","*","99.99"," ","999.9","101000"
"01023099999","2022-04-11","69.055758","18.540356","76.8","BARDUFOSS, NO","  32.5","24","  25.9","24","9999.9"," 0","999.9"," 0","  5.8","24","  9.3","24"," 18.1"," 24.1","  39.2","*","  24.8","*","99.99"," ","999.9","011000"
"01023099999","2022-04-12","69.055758","18.540356","76.8","BARDUFOSS, NO","  34.0","24","  28.7","24","9999.9"," 0","999.9"," 0","  5.8","24","  5.3","24"," 13.0","999.9","  37.4","*","  30.2","*","99.99"," ","999.9","011000"
"01023099999","2022-04-13","69.055758","18.540356","76.8","BARDUFOSS, NO","  35.6","24","  25.0","24","9999.9"," 0","999.9"," 0","  6.2","24","  3.9","24","  8.0","999.9","  44.6","*","  26.6","*","99.99"," ","999.9","010000"
"01023099999","2022-04-14","69.055758","18.540356","76.8","BARDUFOSS, NO","  34.8","24","  26.7","24","9999.9"," 0","999.9"," 0","  6.2","24","  4.4","24","  9.9","999.9","  39.2","*","  28.4","*","99.99"," ","999.9","001000"
"01023099999","2022-04-15","69.055758","18.540356","76.8","BARDUFOSS, NO","  35.2","24","  26.0","24","9999.9"," 0","999.9"," 0","  6.1","24","  3.0","24","  7.0"," 17.1","  42.3"," ","  28.4","*","99.99"," ","999.9","011000"
"01023099999","2022-04-16","69.055758","18.540356","76.8","BARDUFOSS, NO","  38.4","24","  31.5","24","9999.9"," 0","999.9"," 0","  6.1","24","  4.5","24","  9.5"," 20.0","  44.6","*","  30.2","*","99.99"," ","999.9","011000"
"01023099999","2022-04-17","69.055758","18.540356","76.8","BARDUFOSS, NO","  41.2","24","  36.6","24","9999.9"," 0","999.9"," 0","  6.2","24","  5.0","24","  8.9","999.9","  46.4","*","  35.6","*","99.99"," ","999.9","010000"
"01023099999","2022-04-18","69.055758","18.540356","76.8","BARDUFOSS, NO","  42.2","24","  36.4","24","9999.9"," 0","999.9"," 0","  6.2","24","  4.3","24"," 11.1","999.9","  46.4","*","  35.6","*","99.99"," ","999.9","010000"
"01023099999","2022-04-19","69.055758","18.540356","76.8","BARDUFOSS, NO","  42.9","24","  34.5","24","9999.9"," 0","999.9"," 0","  6.2","24","  2.7","24","  7.0","999.9","  53.6","*","  30.2","*"," 0.00","I","999.9","000000"
"01023099999","2022-04-20","69.055758","18.540356","76.8","BARDUFOSS, NO","  43.9","24","  31.6","24","9999.9"," 0","999.9"," 0","  6.2","24","  3.1","24","  8.0","999.9","  57.2","*","  28.4","*"," 0.00","I","999.9","000000"
"01023099999","2022-04-21","69.055758","18.540356","76.8","BARDUFOSS, NO","  39.6","24","  33.6","24","9999.9"," 0","999.9"," 0","  6.2","24","  3.6","24"," 11.1","999.9","  44.6","*","  33.8","*","99.99"," ","999.9","010000"
"01023099999","2022-04-22","69.055758","18.540356","76.8","BARDUFOSS, NO","  38.5","24","  34.8","24","9999.9"," 0","999.9"," 0","  6.2","24","  6.1","24"," 12.0","999.9","  41.0","*","  33.8","*","99.99"," ","999.9","010000"
"01023099999","2022-04-23","69.055758","18.540356","76.8","BARDUFOSS, NO","  38.6","24","  31.3","24","9999.9"," 0","999.9"," 0","  6.2","24","  4.3","24","  8.0"," 20.0","  46.4","*","  32.0","*"," 0.00","I","999.9","000000"
"01023099999","2022-04-24","69.055758","18.540356","76.8","BARDUFOSS, NO","  38.1","24","  33.0","24","9999.9"," 0","999.9"," 0","  6.2","24","  2.6","24","  8.0","999.9","  42.8","*","  32.0","*","99.99"," ","999.9","010000"
"01023099999","2022-04-25","69.055758","18.540356","76.8","BARDUFOSS, NO","  33.6","24","  30.1","24","9999.9"," 0","999.9"," 0","  5.4","24","  8.1","24"," 15.9","999.9","  41.0","*","  24.8","*","99.99"," ","999.9","011000"
"01023099999","2022-04-26","69.055758","18.540356","76.8","BARDUFOSS, NO","  24.7","24","  19.2","24","9999.9"," 0","999.9"," 0","  4.9","24","  9.3","24"," 17.1","999.9","  28.4","*","  19.4","*","99.99"," ","999.9","001000"
"01023099999","2022-04-27","69.055758","18.540356","76.8","BARDUFOSS, NO","  26.1","24","  21.9","24","9999.9"," 0","999.9"," 0","  3.9","24","  6.2","24"," 14.0"," 22.9","  30.2","*","  15.8","*","99.99"," ","999.9","001000"
"01023099999","2022-04-28","69.055758","18.540356","76.8","BARDUFOSS, NO","  25.8","24","  22.1","24","9999.9"," 0","999.9"," 0","  3.8","24","  8.7","24"," 18.1"," 28.9","  30.2","*","  21.2","*","99.99"," ","999.9","001000"
"01023099999","2022-04-29","69.055758","18.540356","76.8","BARDUFOSS, NO","  29.8","24","  24.2","24","9999.9"," 0","999.9"," 0","  5.7","24","  5.4","24"," 15.0","999.9","  35.6","*","  19.4","*","99.99"," ","999.9","011000"
"01023099999","2022-04-30","69.055758","18.540356","76.8","BARDUFOSS, NO","  31.8","24","  23.4","24","9999.9"," 0","999.9"," 0","  6.2","24","  7.1","24"," 15.9","999.9","  35.6","*","  28.4","*","99.99"," ","999.9","011000"
"01023099999","2022-05-01","69.055758","18.540356","76.8","BARDUFOSS, NO","  33.6","24","  27.4","24","9999.9"," 0","999.9"," 0","  4.7","24","  4.0","24","  7.0","999.9","  39.2","*","  28.4","*","99.99"," ","999.9","011000"
"01023099999","2022-05-02","69.055758","18.540356","76.8","BARDUFOSS, NO","  32.5","24","  28.6","24","9999.9"," 0","999.9"," 0","  3.6","24","  6.8","24"," 15.0"," 25.1","  33.8","*","  26.6","*","99.99"," ","999.9","011000"
"01023099999","2022-05-03","69.055758","18.540356","76.8","BARDUFOSS, NO","  30.2","24","  23.4","24","9999.9"," 0","999.9"," 0","  5.8","24","  8.0","24"," 15.9","999.9","  35.6","*","  26.6","*","99.99"," ","999.9","001000"
"01023099999","2022-05-04","69.055758","18.540356","76.8","BARDUFOSS, NO","  30.1","24","  22.9","24","9999.9"," 0","999.9"," 0","  5.9","24","  5.8","24"," 15.0"," 22.0","  37.4","*","  17.6","*","99.99"," ","999.9","001000"
"01023099999","2022-05-05","69.055758","18.540356","76.8","BARDUFOSS, NO","  35.5","24","  24.8","24","9999.9"," 0","999.9"," 0","  6.2","24","  5.7","24"," 11.1"," 24.1","  44.6","*","  15.8","*","99.99"," ","999.9","011000"
"01023099999","2022-05-06","69.055758","18.540356","76.8","BARDUFOSS, NO","  44.3","24","  32.7","24","9999.9"," 0","999.9"," 0","  6.2","24","  6.1","24"," 11.1"," 20.0","  51.8","*","  39.2","*","99.99"," ","999.9","010000"
"01023099999","2022-05-07","69.055758","18.540356","76.8","BARDUFOSS, NO","  37.4","24","  29.3","24","9999.9"," 0","999.9"," 0","  5.7","24"," 11.1","24"," 20.0"," 35.0","  44.6","*","  30.2","*","99.99"," ","999.9","011000"
"01023099999","2022-05-08","69.055758","18.540356","76.8","BARDUFOSS, NO","  34.5","24","  28.1","24","9999.9"," 0","999.9"," 0","  5.9","24","  7.8","24"," 15.9"," 25.1","  37.4","*","  32.0","*","99.99"," ","999.9","011000"
"01023099999","2022-05-09","69.055758","18.540356","76.8","BARDUFOSS, NO","  37.8","24","  33.3","24","9999.9"," 0","999.9"," 0","  6.1","24","  3.6","24","  8.0","999.9","  44.6","*","  32.0","*","99.99"," ","999.9","011000"
"01023099999","2022-05-10","69.055758","18.540356","76.8","BARDUFOSS, NO","  41.5","24","  38.1","24","9999.9"," 0","999.9"," 0","  6.2","24","  3.7","24","  8.9","999.9","  46.4","*","  32.0","*","99.99"," ","999.9","010000"
"01023099999","2022-05-11","69.055758","18.540356","76.8","BARDUFOSS, NO","  38.9","24","  36.9","24","9999.9"," 0","999.9"," 0","  6.1","24","  1.8","24","  5.1","999.9","  44.6","*","  32.0","*","99.99"," ","999.9","110000"
"01023099999","2022-05-12","69.055758","18.540356","76.8","BARDUFOSS, NO","  38.3","24","  36.4","24","9999.9"," 0","999.9"," 0","  6.2","24","  3.9","24","  8.9","999.9","  41.0","*","  30.2","*","99.99"," ","999.9","110000"
"01023099999","2022-05-13","69.055758","18.540356","76.8","BARDUFOSS, NO","  38.6","24","  32.6","24","9999.9"," 0","999.9"," 0","  6.2","24","  2.2","24","  7.0","999.9","  44.6","*","  30.2","*","99.99"," ","999.9","010000"
"01023099999","2022-05-14","69.055758","18.540356","76.8","BARDUFOSS, NO","  42.4","24","  36.1","24","9999.9"," 0","999.9"," 0","  6.2","24","  2.9","24","  8.9","999.9","  51.8","*","  32.0","*","99.99"," ","999.9","110000"
"01023099999","2022-05-15","69.055758","18.540356","76.8","BARDUFOSS, NO","  40.3","24","  36.2","24","9999.9"," 0","999.9"," 0","  4.7","24","  6.5","24"," 15.0","999.9","  48.2","*","  33.8","*","99.99"," ","999.9","110000"
"01023099999","2022-05-16","69.055758","18.540356","76.8","BARDUFOSS, NO","  35.7","24","  30.6","24","9999.9"," 0","999.9"," 0","  5.5","24"," 10.6","24"," 17.1","999.9","  39.2","*","  33.8","*","99.99"," ","999.9","011000"
"01023099999","2022-05-17","69.055758","18.540356","76.8","BARDUFOSS, NO","  36.0","24","  31.5","24","9999.9"," 0","999.9"," 0","  5.5","24","  5.9","24"," 11.1","999.9","  41.0","*","  32.0","*","99.99"," ","999.9","011000"
"01023099999","2022-05-18","69.055758","18.540356","76.8","BARDUFOSS, NO","  40.0","24","  33.3","24","9999.9"," 0","999.9"," 0","  6.2","24","  5.5","24","  8.9","999.9","  44.6","*","  30.2","*","99.99"," ","999.9","010000"
"01023099999","2022-05-19","69.055758","18.540356","76.8","BARDUFOSS, NO","  43.2","24","  26.8","24","9999.9"," 0","999.9"," 0","  6.2","24","  3.7","24","  7.0","999.9","  51.8","*","  28.4","*"," 0.00","I","999.9","000000"
"01023099999","2022-05-20","69.055758","18.540356","76.8","BARDUFOSS, NO","  46.8","24","  32.0","24","9999.9"," 0","999.9"," 0","  6.2","24","  3.1","24","  7.0","999.9","  59.0","*","  28.4","*","99.99"," ","999.9","010000"
"01023099999","2022-05-21","69.055758","18.540356","76.8","BARDUFOSS, NO","  45.9","24","  42.1","24","9999.9"," 0","999.9"," 0","  6.2","24","  1.7","24","  5.1","999.9","  51.8","*","  41.0","*","99.99"," ","999.9","110000"
"01023099999","2022-05-22","69.055758","18.540356","76.8","BARDUFOSS, NO","  50.0","24","  41.4","24","9999.9"," 0","999.9"," 0","  5.6","24","  2.9","24","  8.0","999.9","  59.0","*","  39.2","*","99.99"," ","999.9","110000"
"01023099999","2022-05-23","69.055758","18.540356","76.8","BARDUFOSS, NO","  54.3","24","  38.9","24","9999.9"," 0","999.9"," 0","  6.2","24","  4.8","24","  9.9","999.9","  62.6","*","  41.0","*"," 0.00","I","999.9","000000"
"01023099999","2022-05-24","69.055758","18.540356","76.8","BARDUFOSS, NO","  57.6","24","  37.6","24","9999.9"," 0","999.9"," 0","  6.2","24","  5.3","24"," 13.0","999.9","  64.4","*","  42.8","*"," 0.00","I","999.9","000000"
"01023099999","2022-05-25","69.055758","18.540356","76.8","BARDUFOSS, NO","  60.4","24","  34.3","24","9999.9"," 0","999.9"," 0","  6.2","24","  8.0","24"," 15.0","999.9","  66.2","*","  53.6","*"," 0.00","I","999.9","000000"
"01023099999","2022-05-26","69.055758","18.540356","76.8","BARDUFOSS, NO","  61.0","24","  37.6","24","9999.9"," 0","999.9"," 0","  6.2","24","  6.6","24"," 12.0","999.9","  68.0","*","  42.8","*"," 0.00","I","999.9","000000"
"01023099999","2022-05-27","69.055758","18.540356","76.8","BARDUFOSS, NO","  50.8","24","  36.2","24","9999.9"," 0","999.9"," 0","  6.2","24","  4.5","24"," 11.1","999.9","  62.6","*","  39.2","*","99.99"," ","999.9","010000"
"01023099999","2022-05-28","69.055758","18.540356","76.8","BARDUFOSS, NO","  47.1","24","  36.9","24","9999.9"," 0","999.9"," 0","  6.2","24","  5.9","24"," 13.0","999.9","  55.4","*","  37.4","*","99.99"," ","999.9","010000"
"01023099999","2022-05-29","69.055758","18.540356","76.8","BARDUFOSS, NO","  52.6","24","  41.4","24","9999.9"," 0","999.9"," 0","  6.2","24","  4.8","24"," 13.0","999.9","  60.8","*","  41.0","*","99.99"," ","999.9","010000"
"01023099999","2022-05-30","69.055758","18.540356","76.8","BARDUFOSS, NO","  58.7","24","  35.0","24","9999.9"," 0","999.9"," 0","  6.2","24","  9.0","24"," 17.1","999.9","  66.2","*","  41.0","*"," 0.00","I","999.9","000000"
"01023099999","2022-05-31","69.055758","18.540356","76.8","BARDUFOSS, NO","  61.2","24","  40.7","24","9999.9"," 0","999.9"," 0","  6.2","24","  7.0","24"," 15.0","999.9","  68.0","*","  44.6","*"," 0.00","I","999.9","000000"
"01023099999","2022-06-01","69.055758","18.540356","76.8","BARDUFOSS, NO","  58.9","24","  41.6","24","9999.9"," 0","999.9"," 0","  6.2","24","  7.2","24"," 15.9","999.9","  66.2","*","  44.6","*"," 0.00","I","999.9","000000"
"01023099999","2022-06-02","69.055758","18.540356","76.8","BARDUFOSS, NO","  60.6","24","  40.5","24","9999.9"," 0","999.9"," 0","  6.2","24","  5.8","24"," 15.0","999.9","  68.0","*","  46.4","*"," 0.00","I","999.9","000000"
"01023099999","2022-06-03","69.055758","18.540356","76.8","BARDUFOSS, NO","  55.1","24","  47.4","24","9999.9"," 0","999.9"," 0","  6.2","24","  4.6","24"," 11.1","999.9","  62.6","*","  48.2","*","99.99"," ","999.9","010000"
"01023099999","2022-06-04","69.055758","18.540356","76.8","BARDUFOSS, NO","  49.8","24","  43.1","24","9999.9"," 0","999.9"," 0","  6.2","24","  4.5","24"," 12.0"," 24.1","  53.6","*","  46.4","*","99.99"," ","999.9","010000"
"01023099999","2022-06-05","69.055758","18.540356","76.8","BARDUFOSS, NO","  44.9","24","  34.5","24","9999.9"," 0","999.9"," 0","  6.2","24","  7.7","24"," 13.0"," 26.0","  50.0","*","  39.2","*","99.99"," ","999.9","010000"
"01023099999","2022-06-06","69.055758","18.540356","76.8","BARDUFOSS, NO","  48.9","24","  29.5","24","9999.9"," 0","999.9"," 0","  6.2","24","  6.7","24"," 13.0","999.9","  57.2","*","  39.2","*","99.99"," ","999.9","010000"
"01023099999","2022-06-07","69.055758","18.540356","76.8","BARDUFOSS, NO","  43.9","24","  32.8","24","9999.9"," 0","999.9"," 0","  6.2","24","  8.3","24"," 14.0"," 22.9","  48.2","*","  39.2","*","99.99"," ","999.9","010000"
"01023099999","2022-06-08","69.055758","18.540356","76.8","BARDUFOSS, NO","  44.7","24","  32.9","24","9999.9"," 0","999.9"," 0","  6.2","24","  7.6","24"," 15.9"," 22.9","  51.8","*","  33.8","*","99.99"," ","999.9","010000"
"01023099999","2022-06-09","69.055758","18.540356","76.8","BARDUFOSS, NO","  44.3","24","  34.2","24","9999.9"," 0","999.9"," 0","  6.2","24","  5.3","24"," 15.0","999.9","  50.0","*","  35.6","*","99.99"," ","999.9","010000"
"01023099999","2022-06-10","69.055758","18.540356","76.8","BARDUFOSS, NO","  47.6","24","  34.2","24","9999.9"," 0","999.9"," 0","  6.2","24","  5.0","24","  8.9","999.9","  55.4","*","  35.6","*","99.99"," ","999.9","010000"
"01023099999","2022-06-11","69.055758","18.540356","76.8","BARDUFOSS, NO","  52.4","24","  42.4","24","9999.9"," 0","999.9"," 0","  6.2","24","  3.5","24"," 14.0","999.9","  66.2","*","  33.8","*","99.99"," ","999.9","010000"
"01023099999","2022-06-12","69.055758","18.540356","76.8","BARDUFOSS, NO","  49.7","24","  43.6","24","9999.9"," 0","999.9"," 0","  6.2","24","  3.8","24","  6.0","999.9","  53.6","*","  44.6","*"," 0.00","I","999.9","000000"
"01023099999","2022-06-13","69.055758","18.540356","76.8","BARDUFOSS, NO","  52.0","24","  45.8","24","9999.9"," 0","999.9"," 0","  6.2","24","  2.9","24","  7.0","999.9","  59.0","*","  42.8","*","99.99"," ","999.9","010000"
"01023099999","2022-06-14","69.055758","18.540356","76.8","BARDUFOSS, NO","  52.9","24","  46.1","24","9999.9"," 0","999.9"," 0","  6.2","24","  5.1","24"," 11.1","999.9","  60.8","*","  46.4","*","99.99"," ","999.9","010000"
"01023099999","2022-06-15","69.055758","18.540356","76.8","BARDUFOSS, NO","  51.4","24","  42.2","24","9999.9"," 0","999.9"," 0","  6.2","24","  5.1","24","  9.9","999.9","  57.2","*","  46.4","*","99.99"," ","999.9","010000"
"01023099999","2022-06-16","69.055758","18.540356","76.8","BARDUFOSS, NO","  51.5","24","  40.9","24","9999.9"," 0","999.9"," 0","  6.2","24","  4.0","24","  7.0","999.9","  57.2","*","  46.4","*"," 0.00","I","999.9","000000"
"01023099999","2022-06-17","69.055758","18.540356","76.8","BARDUFOSS, NO","  52.3","24","  40.6","24","9999.9"," 0","999.9"," 0","  6.2","24","  2.5","24","  7.0","999.9","  57.2","*","  42.8","*"," 0.00","I","999.9","000000"
"01023099999","2022-06-18","69.055758","18.540356","76.8","BARDUFOSS, NO","  56.0","24","  43.2","24","9999.9"," 0","999.9"," 0","  6.2","24","  8.6","24"," 17.1"," 22.0","  62.6","*","  42.8","*"," 0.00","I","999.9","000000"
"01023099999","2022-06-19","69.055758","18.540356","76.8","BARDUFOSS, NO","  53.2","24","  44.9","24","9999.9"," 0","999.9"," 0","  6.2","24","  6.5","24"," 11.1","999.9","  59.0","*","  48.2","*","99.99"," ","999.9","010000"
"01023099999","2022-06-20","69.055758","18.540356","76.8","BARDUFOSS, NO","  52.8","24","  43.6","24","9999.9"," 0","999.9"," 0","  6.2","24","  4.0","24","  8.0","999.9","  59.0","*","  48.2","*"," 0.00","I","999.9","000000"
"01023099999","2022-06-21","69.055758","18.540356","76.8","BARDUFOSS, NO","  48.7","24","  45.6","24","9999.9"," 0","999.9"," 0","  6.1","24","  4.0","24"," 12.0","999.9","  55.4","*","  42.8","*","99.99"," ","999.9","010000"
"01023099999","2022-06-22","69.055758","18.540356","76.8","BARDUFOSS, NO","  48.3","24","  39.1","24","9999.9"," 0","999.9"," 0","  6.2","24","  4.2","24"," 11.1","999.9","  55.4","*","  42.8","*","99.99"," ","999.9","010000"
"01023099999","2022-06-23","69.055758","18.540356","76.8","BARDUFOSS, NO","  54.4","24","  39.5","24","9999.9"," 0","999.9"," 0","  6.2","24","  7.1","24"," 12.0"," 22.9","  60.8","*","  46.4","*","99.99"," ","999.9","010000"
"01023099999","2022-06-24","69.055758","18.540356","76.8","BARDUFOSS, NO","  54.7","24","  41.4","24","9999.9"," 0","999.9"," 0","  6.2","24","  7.2","24"," 12.0","999.9","  60.8","*","  48.2","*","99.99"," ","999.9","010000"
"01023099999","2022-06-25","69.055758","18.540356","76.8","BARDUFOSS, NO","  62.2","24","  49.9","24","9999.9"," 0","999.9"," 0","  6.2","24","  5.8","24","  8.9","999.9","  71.6","*","  51.8","*","99.99"," ","999.9","010000"
"01023099999","2022-06-26","69.055758","18.540356","76.8","BARDUFOSS, NO","  68.9","24","  52.5","24","9999.9"," 0","999.9"," 0","  6.2","24","  3.3","24","  8.0","999.9","  78.8","*","  51.8","*"," 0.00","I","999.9","000000"
"01023099999","2022-06-27","69.055758","18.540356","76.8","BARDUFOSS, NO","  75.0","24","  57.1","24","9999.9"," 0","999.9"," 0","  6.2","24","  2.7","24","  8.9","999.9","  86.0","*","  55.4","*"," 0.00","I","999.9","000000"
"01023099999","2022-06-28","69.055758","18.540356","76.8","BARDUFOSS, NO","  77.8","24","  57.1","24","9999.9"," 0","999.9"," 0","  6.2","24","  3.4","24","  9.9","999.9","  87.8","*","  60.8","*"," 0.00","I","999.9","000000"
"01023099999","2022-06-29","69.055758","18.540356","76.8","BARDUFOSS, NO","  70.0","24","  57.1","24","9999.9"," 0","999.9"," 0","  6.2","24","  5.3","24"," 17.1","999.9","  84.2","*","  57.2","*","99.99"," ","999.9","010000"
"01023099999","2022-06-30","69.055758","18.540356","76.8","BARDUFOSS, NO","  60.6","24","  50.5","24","9999.9"," 0","999.9"," 0","  6.2","24","  5.2","24","  8.9","999.9","  68.0","*","  53.6","*","99.99"," ","999.9","010000"
"01023099999","2022-07-01","69.055758","18.540356","76.8","BARDUFOSS, NO","  72.4","24","  58.3","24","9999.9"," 0","999.9"," 0","  6.2","24","  2.5","24","  8.0","999.9","  84.2","*","  55.4","*"," 0.00","I","999.9","000000"
"01023099999","2022-07-02","69.055758","18.540356","76.8","BARDUFOSS, NO","  76.8","24","  58.3","24","9999.9"," 0","999.9"," 0","  6.2","24","  3.4","24","  8.0"," 18.1","  87.8","*","  60.8","*"," 0.00","I","999.9","000000"
"01023099999","2022-07-03","69.055758","18.540356","76.8","BARDUFOSS, NO","  60.4","24","  55.7","24","9999.9"," 0","999.9"," 0","  6.0","24","  3.9","24"," 17.1","999.9","  69.8","*","  51.8","*","99.99"," ","999.9","010000"
"01023099999","2022-07-04","69.055758","18.540356","76.8","BARDUFOSS, NO","  63.9","24","  55.0","24","9999.9"," 0","999.9"," 0","  6.2","24","  3.4","24","  9.9"," 10.1","  71.6","*","  53.6","*","99.99"," ","999.9","010000"
"01023099999","2022-07-05","69.055758","18.540356","76.8","BARDUFOSS, NO","  62.7","24","  52.5","24","9999.9"," 0","999.9"," 0","  6.1","24","  4.0","24"," 15.0"," 22.3","  75.2","*","  50.0","*","99.99"," ","999.9","010000"
"01023099999","2022-07-06","69.055758","18.540356","76.8","BARDUFOSS, NO","  53.2","24","  46.6","24","9999.9"," 0","999.9"," 0","  6.2","24","  4.8","24","  9.9"," 15.9","  59.4"," ","  50.0","*","99.99"," ","999.9","010000"
"01023099999","2022-07-07","69.055758","18.540356","76.8","BARDUFOSS, NO","  52.5","24","  44.5","24","9999.9"," 0","999.9"," 0","  6.2","24","  4.4","24","  8.7"," 13.2","  59.4"," ","  46.4","*","99.99"," ","999.9","010000"
"01023099999","2022-07-08","69.055758","18.540356","76.8","BARDUFOSS, NO","  50.4","24","  46.0","24","9999.9"," 0","999.9"," 0","  6.2","24","  2.9","24","  6.0","999.9","  55.4","*","  48.2","*","99.99"," ","999.9","010000"
"01023099999","2022-07-09","69.055758","18.540356","76.8","BARDUFOSS, NO","  55.7","24","  49.2","24","9999.9"," 0","999.9"," 0","  6.2","24","  2.6","24","  8.0","999.9","  60.8","*","  48.2","*","99.99"," ","999.9","010000"
"01023099999","2022-07-10","69.055758","18.540356","76.8","BARDUFOSS, NO","  57.6","24","  50.8","24","9999.9"," 0","999.9"," 0","  6.2","24","  3.6","24"," 12.0","999.9","  66.2","*","  50.0","*","99.99"," ","999.9","110000"
"01023099999","2022-07-11","69.055758","18.540356","76.8","BARDUFOSS, NO","  59.1","24","  50.5","24","9999.9"," 0","999.9"," 0","  6.2","24","  3.2","24","  9.9","999.9","  68.0","*","  48.2","*"," 0.00","I","999.9","000000"
"01023099999","2022-07-12","69.055758","18.540356","76.8","BARDUFOSS, NO","  66.8","24","  50.5","24","9999.9"," 0","999.9"," 0","  6.2","24","  2.7","24","  6.0","999.9","  80.6","*","  48.2","*"," 0.00","I","999.9","000000"
"01023099999","2022-07-13","69.055758","18.540356","76.8","BARDUFOSS, NO","  58.6","24","  53.8","24","9999.9"," 0","999.9"," 0","  6.2","24","  4.8","24","  9.9","999.9","  64.4","*","  51.8","*","99.99"," ","999.9","010000"
"01023099999","2022-07-14","69.055758","18.540356","76.8","BARDUFOSS, NO","  56.1","24","  53.2","24","9999.9"," 0","999.9"," 0","  6.1","24","  5.3","24"," 11.1"," 15.5","  60.8","*","  51.8","*","99.99"," ","999.9","010000"
"01023099999","2022-07-15","69.055758","18.540356","76.8","BARDUFOSS, NO","  51.0","24","  48.8","24","9999.9"," 0","999.9"," 0","  6.1","24","  4.8","24"," 11.1"," 14.0","  53.6","*","  48.2","*","99.99"," ","999.9","010000"
"01023099999","2022-07-16","69.055758","18.540356","76.8","BARDUFOSS, NO","  51.3","24","  47.3","24","9999.9"," 0","999.9"," 0","  6.2","24","  4.5","24"," 12.0","999.9","  55.4","*","  48.2","*","99.99"," ","999.9","010000"
"01023099999","2022-07-17","69.055758","18.540356","76.8","BARDUFOSS, NO","  49.2","24","  47.0","24","9999.9"," 0","999.9"," 0","  6.2","24","  3.4","24","  8.9","999.9","  51.8","*","  46.4","*","99.99"," ","999.9","110000"
"01023099999","2022-07-18","69.055758","18.540356","76.8","BARDUFOSS, NO","  52.4","24","  48.1","24","9999.9"," 0","999.9"," 0","  6.2","24","  1.9","24","  7.0","999.9","  59.0","*","  46.4","*","99.99"," ","999.9","110000"
"01023099999","2022-07-19","69.055758","18.540356","76.8","BARDUFOSS, NO","  55.0","24","  50.5","24","9999.9"," 0","999.9"," 0","  6.2","24","  2.4","24","  6.0","999.9","  60.8","*","  50.0","*","99.99"," ","999.9","110000"
"01023099999","2022-07-20","69.055758","18.540356","76.8","BARDUFOSS, NO","  60.7","24","  51.0","24","9999.9"," 0","999.9"," 0","  6.2","24","  3.9","24"," 13.0","999.9","  69.8","*","  48.2","*","99.99"," ","999.9","010000"
"01023099999","2022-07-21","69.055758","18.540356","76.8","BARDUFOSS, NO","  57.3","24","  53.6","24","9999.9"," 0","999.9"," 0","  6.2","24","  3.2","24","  9.9","999.9","  64.4","*","  50.0","*","99.99"," ","999.9","010000"
"01023099999","2022-07-22","69.055758","18.540356","76.8","BARDUFOSS, NO","  54.3","24","  47.8","24","9999.9"," 0","999.9"," 0","  6.2","24","  5.3","24","  9.9"," 17.5","  57.9"," ","  50.0","*","99.99"," ","999.9","010000"
"01023099999","2022-07-23","69.055758","18.540356","76.8","BARDUFOSS, NO","  52.5","24","  46.4","24","9999.9"," 0","999.9"," 0","  6.2","24","  8.1","24"," 15.0","999.9","  55.4","*","  48.2","*","99.99"," ","999.9","010000"
"01023099999","2022-07-24","69.055758","18.540356","76.8","BARDUFOSS, NO","  53.5","24","  45.3","24","9999.9"," 0","999.9"," 0","  6.2","24","  3.6","24","  7.0","999.9","  60.8","*","  44.6","*","99.99"," ","999.9","010000"
"01023099999","2022-07-25","69.055758","18.540356","76.8","BARDUFOSS, NO","  56.1","24","  48.3","24","9999.9"," 0","999.9"," 0","  6.2","24","  2.5","24","  7.0","999.9","  64.4","*","  41.0","*","99.99"," ","999.9","010000"
"01023099999","2022-07-26","69.055758","18.540356","76.8","BARDUFOSS, NO","  58.0","24","  52.7","24","9999.9"," 0","999.9"," 0","  6.2","24","  4.9","24"," 13.0","999.9","  68.0","*","  46.4","*","99.99"," ","999.9","010000"
"01023099999","2022-07-27","69.055758","18.540356","76.8","BARDUFOSS, NO","  51.9","24","  50.0","24","9999.9"," 0","999.9"," 0","  5.6","24","  7.2","24"," 14.0","999.9","  53.6","*","  48.2","*","99.99"," ","999.9","010000"
"01023099999","2022-07-28","69.055758","18.540356","76.8","BARDUFOSS, NO","  50.9","24","  46.9","24","9999.9"," 0","999.9"," 0","  6.2","24","  6.0","24"," 12.0","999.9","  55.4","*","  46.4","*","99.99"," ","999.9","010000"
"01023099999","2022-07-29","69.055758","18.540356","76.8","BARDUFOSS, NO","  55.4","24","  45.4","24","9999.9"," 0","999.9"," 0","  6.0","24","  3.1","24","  8.0","999.9","  66.2","*","  41.0","*"," 0.00","I","999.9","100000"
"01023099999","2022-07-30","69.055758","18.540356","76.8","BARDUFOSS, NO","  59.5","24","  44.2","24","9999.9"," 0","999.9"," 0","  6.2","24","  3.0","24","  8.9","999.9","  71.6","*","  39.2","*"," 0.00","I","999.9","100000"
"01023099999","2022-07-31","69.055758","18.540356","76.8","BARDUFOSS, NO","  58.6","24","  48.3","24","9999.9"," 0","999.9"," 0","  6.2","24","  1.7","24","  5.1","999.9","  71.6","*","  41.0","*"," 0.00","I","999.9","000000"
"01023099999","2022-08-01","69.055758","18.540356","76.8","BARDUFOSS, NO","  63.2","24","  51.9","24","9999.9"," 0","999.9"," 0","  6.2","24","  2.5","24","  9.9","999.9","  77.0","*","  48.2","*"," 0.00","I","999.9","000000"
"01023099999","2022-08-02","69.055758","18.540356","76.8","BARDUFOSS, NO","  55.6","24","  51.2","24","9999.9"," 0","999.9"," 0","  6.2","24","  6.1","24"," 11.1","999.9","  59.0","*","  51.8","*","99.99"," ","999.9","010000"
"01023099999","2022-08-03","69.055758","18.540356","76.8","BARDUFOSS, NO","  59.8","24","  50.5","24","9999.9"," 0","999.9"," 0","  6.2","24","  3.2","24","  8.0"," 17.1","  71.6","*","  51.8","*","99.99"," ","999.9","010000"
"01023099999","2022-08-04","69.055758","18.540356","76.8","BARDUFOSS, NO","  57.8","24","  52.8","24","9999.9"," 0","999.9"," 0","  6.2","24","  3.4","24","  8.9","999.9","  66.2","*","  44.6","*","99.99"," ","999.9","110000"
"01023099999","2022-08-05","69.055758","18.540356","76.8","BARDUFOSS, NO","  52.2","24","  44.7","24","9999.9"," 0","999.9"," 0","  6.0","24","  3.7","24"," 14.0"," 26.0","  60.8","*","  39.2","*","99.99"," ","999.9","010000"
"01023099999","2022-08-06","69.055758","18.540356","76.8","BARDUFOSS, NO","  54.0","24","  42.9","24","9999.9"," 0","999.9"," 0","  6.2","24","  2.9","24","  9.9","999.9","  68.0","*","  35.6","*","99.99"," ","999.9","110000"
"01023099999","2022-08-07","69.055758","18.540356","76.8","BARDUFOSS, NO","  51.3","24","  48.6","24","9999.9"," 0","999.9"," 0","  6.2","24","  4.3","24","  9.9","999.9","  55.4","*","  48.2","*","99.99"," ","999.9","010000"
"01023099999","2022-08-08","69.055758","18.540356","76.8","BARDUFOSS, NO","  51.3","24","  46.5","24","9999.9"," 0","999.9"," 0","  6.2","24","  2.8","24","  7.0","999.9","  57.2","*","  44.6","*","99.99"," ","999.9","010000"
"01023099999","2022-08-09","69.055758","18.540356","76.8","BARDUFOSS, NO","  54.2","24","  47.0","24","9999.9"," 0","999.9"," 0","  6.2","24","  3.6","24","  9.9","999.9","  64.4","*","  46.4"," ","99.99"," ","999.9","010000"
"01023099999","2022-08-10","69.055758","18.540356","76.8","BARDUFOSS, NO","  54.2","22","  50.6","22","9999.9"," 0","999.9"," 0","  6.2","22","  2.7","22"," 10.1"," 20.6","  61.7"," ","  46.4","*","99.99"," ","999.9","010000"
"01023099999","2022-08-11","69.055758","18.540356","76.8","BARDUFOSS, NO","  53.9","24","  45.9","24","9999.9"," 0","999.9"," 0","  6.2","24","  9.0","24"," 15.0"," 22.9","  59.0","*","  50.0"," ","99.99"," ","999.9","010000"
"01023099999","2022-08-12","69.055758","18.540356","76.8","BARDUFOSS, NO","  49.7","24","  42.9","24","9999.9"," 0","999.9"," 0","  6.2","24","  7.4","24"," 14.0"," 22.9","  53.6","*","  46.4","*","99.99"," ","999.9","010000"
"01023099999","2022-08-13","69.055758","18.540356","76.8","BARDUFOSS, NO","  52.4","24","  44.2","24","9999.9"," 0","999.9"," 0","  6.2","24","  4.7","24","  9.9"," 22.0","  57.2","*","  48.2","*","99.99"," ","999.9","010000"
"01023099999","2022-08-14","69.055758","18.540356","76.8","BARDUFOSS, NO","  51.1","24","  42.0","24","9999.9"," 0","999.9"," 0","  6.2","24","  4.0","24","  9.9","999.9","  59.0","*","  37.4","*","99.99"," ","999.9","010000"
"01023099999","2022-08-15","69.055758","18.540356","76.8","BARDUFOSS, NO","  57.9","24","  49.6","24","9999.9"," 0","999.9"," 0","  6.2","24","  1.5","24","  7.0","999.9","  73.4","*","  37.4","*"," 0.00","I","999.9","000000"
"01023099999","2022-08-16","69.055758","18.540356","76.8","BARDUFOSS, NO","  63.6","24","  59.0","24","9999.9"," 0","999.9"," 0","  6.2","24","  2.4","24","  7.2"," 11.1","  75.2","*","  51.8","*","99.99"," ","999.9","110000"
"01023099999","2022-08-17","69.055758","18.540356","76.8","BARDUFOSS, NO","  54.7","24","  51.6","24","9999.9"," 0","999.9"," 0","  6.2","24","  5.3","24"," 15.9"," 18.3","  71.6","*","  46.4","*","99.99"," ","999.9","110000"
"01023099999","2022-08-18","69.055758","18.540356","76.8","BARDUFOSS, NO","  52.9","24","  43.6","24","9999.9"," 0","999.9"," 0","  6.2","24","  2.5","24","  7.0","999.9","  62.6","*","  44.6","*","99.99"," ","999.9","010000"
"01023099999","2022-08-19","69.055758","18.540356","76.8","BARDUFOSS, NO","  57.4","24","  51.9","24","9999.9"," 0","999.9"," 0","  6.2","24","  2.9","24","  9.9"," 11.5","  66.2","*","  42.6"," ","99.99"," ","999.9","010000"
"01023099999","2022-08-20","69.055758","18.540356","76.8","BARDUFOSS, NO","  61.6","24","  58.9","24","9999.9"," 0","999.9"," 0","  5.4","24","  1.5","24","  4.1","999.9","  70.2"," ","  48.9"," ","99.99"," ","999.9","110000"
"01023099999","2022-08-21","69.055758","18.540356","76.8","BARDUFOSS, NO","  64.2","24","  61.8","24","9999.9"," 0","999.9"," 0","  5.4","24","  1.7","24","  5.1","999.9","  69.8","*","  59.0","*","99.99"," ","999.9","110000"
"01023099999","2022-08-22","69.055758","18.540356","76.8","BARDUFOSS, NO","  58.7","24","  50.4","24","9999.9"," 0","999.9"," 0","  6.2","24","  5.9","24"," 18.1"," 37.5","  73.4","*","  50.0","*","99.99"," ","999.9","010000"
"01023099999","2022-08-23","69.055758","18.540356","76.8","BARDUFOSS, NO","  52.8","24","  44.1","24","9999.9"," 0","999.9"," 0","  6.2","24"," 10.0","24"," 21.0"," 35.0","  57.2","*","  50.0","*","99.99"," ","999.9","010000"
"01023099999","2022-08-24","69.055758","18.540356","76.8","BARDUFOSS, NO","  55.0","24","  43.6","24","9999.9"," 0","999.9"," 0","  6.2","24","  2.6","24","  7.0"," 10.1","  68.0","*","  41.0","*"," 0.00","I","999.9","000000"
"01023099999","2022-08-25","69.055758","18.540356","76.8","BARDUFOSS, NO","  57.4","24","  49.6","24","9999.9"," 0","999.9"," 0","  6.2","24","  1.9","24","  7.0","999.9","  77.0","*","  37.4","*"," 0.00","I","999.9","000000"
"01023099999","2022-08-26","69.055758","18.540356","76.8","BARDUFOSS, NO","  63.4","24","  54.1","24","9999.9"," 0","999.9"," 0","  6.2","24","  2.5","24","  8.0","999.9","  77.0","*","  48.2","*","99.99"," ","999.9","010000"
"01023099999","2022-08-27","69.055758","18.540356","76.8","BARDUFOSS, NO","  54.7","24","  50.1","24","9999.9"," 0","999.9"," 0","  6.2","24","  3.9","24","  9.9","999.9","  60.8","*","  50.0","*","99.99"," ","999.9","010000"
"01023099999","2022-08-28","69.055758","18.540356","76.8","BARDUFOSS, NO","  51.0","24","  45.0","24","9999.9"," 0","999.9"," 0","  6.2","24","  5.9","24"," 11.1"," 18.1","  53.6","*","  48.2","*","99.99"," ","999.9","010000"
"01023099999","2022-08-29","69.055758","18.540356","76.8","BARDUFOSS, NO","  48.4","24","  45.6","24","9999.9"," 0","999.9"," 0","  6.1","24","  4.7","24","  9.9"," 13.0","  51.8","*","  41.0"," ","99.99"," ","999.9","010000"
"01023099999","2022-08-30","69.055758","18.540356","76.8","BARDUFOSS, NO","  45.4","24","  42.8","24","9999.9"," 0","999.9"," 0","  6.2","24","  1.5","24","  7.0","999.9","  50.0","*","  38.3"," ","99.99"," ","999.9","110000"
"01023099999","2022-08-31","69.055758","18.540356","76.8","BARDUFOSS, NO","  46.9","24","  42.3","24","9999.9"," 0","999.9"," 0","  6.2","24","  3.7","24","  8.0","999.9","  53.6","*","  42.8","*","99.99"," ","999.9","110000"
"01023099999","2022-09-01","69.055758","18.540356","76.8","BARDUFOSS, NO","  45.4","24","  37.6","24","9999.9"," 0","999.9"," 0","  6.2","24","  2.2","24","  7.0","999.9","  53.6","*","  30.2","*"," 0.00","I","999.9","100000"
"01023099999","2022-09-02","69.055758","18.540356","76.8","BARDUFOSS, NO","  42.8","24","  34.0","24","9999.9"," 0","999.9"," 0","  6.2","24","  2.7","24","  7.0","999.9","  53.6","*","  28.4","*"," 0.00","I","999.9","100000"
"01023099999","2022-09-03","69.055758","18.540356","76.8","BARDUFOSS, NO","  43.1","24","  36.7","24","9999.9"," 0","999.9"," 0","  6.2","24","  2.5","24","  7.0","999.9","  53.6","*","  32.0","*"," 0.00","I","999.9","100000"
"01023099999","2022-09-04","69.055758","18.540356","76.8","BARDUFOSS, NO","  41.4","24","  36.6","24","9999.9"," 0","999.9"," 0","  6.0","24","  0.9","24","  5.1","999.9","  57.2","*","  28.4","*"," 0.00","I","999.9","100000"
"01023099999","2022-09-05","69.055758","18.540356","76.8","BARDUFOSS, NO","  42.9","24","  39.0","24","9999.9"," 0","999.9"," 0","  5.5","24","  3.2","24","  8.0","999.9","  50.0","*","  32.0","*","99.99"," ","999.9","110000"
"01023099999","2022-09-06","69.055758","18.540356","76.8","BARDUFOSS, NO","  47.2","24","  43.9","24","9999.9"," 0","999.9"," 0","  6.1","24","  6.0","24"," 11.1","999.9","  51.8","*","  42.8","*","99.99"," ","999.9","010000"
"01023099999","2022-09-07","69.055758","18.540356","76.8","BARDUFOSS, NO","  46.2","24","  42.0","24","9999.9"," 0","999.9"," 0","  6.2","24","  1.9","24","  7.0","999.9","  51.8","*","  35.6","*","99.99"," ","999.9","110000"
"01023099999","2022-09-08","69.055758","18.540356","76.8","BARDUFOSS, NO","  44.5","24","  39.4","24","9999.9"," 0","999.9"," 0","  5.1","24","  1.7","24","  6.0","999.9","  59.0","*","  33.8","*"," 0.00","I","999.9","100000"
"01023099999","2022-09-09","69.055758","18.540356","76.8","BARDUFOSS, NO","  44.5","24","  41.9","24","9999.9"," 0","999.9"," 0","  6.2","24","  1.7","24","  4.1","999.9","  50.0","*","  33.8","*"," 0.00","I","999.9","100000"
"01023099999","2022-09-10","69.055758","18.540356","76.8","BARDUFOSS, NO","  48.2","24","  44.4","24","9999.9"," 0","999.9"," 0","  6.2","24","  2.8","24","  5.1","999.9","  50.0","*","  44.6","*","99.99"," ","999.9","010000"
"01023099999","2022-09-11","69.055758","18.540356","76.8","BARDUFOSS, NO","  48.1","24","  44.3","24","9999.9"," 0","999.9"," 0","  6.1","24","  3.9","24","  8.9","999.9","  53.6","*","  44.6","*","99.99"," ","999.9","110000"
"01023099999","2022-09-12","69.055758","18.540356","76.8","BARDUFOSS, NO","  44.1","24","  40.0","24","9999.9"," 0","999.9"," 0","  6.2","24","  2.5","24","  7.0","999.9","  53.6","*","  33.8","*","99.99"," ","999.9","010000"
"01023099999","2022-09-13","69.055758","18.540356","76.8","BARDUFOSS, NO","  45.5","24","  39.4","24","9999.9"," 0","999.9"," 0","  6.2","24","  4.0","24","  8.0","999.9","  55.4","*","  35.6","*"," 0.00","I","999.9","100000"
"01023099999","2022-09-14","69.055758","18.540356","76.8","BARDUFOSS, NO","  45.1","24","  38.3","24","9999.9"," 0","999.9"," 0","  6.2","24","  8.4","24"," 14.0"," 16.1","  46.4","*","  42.8","*","99.99"," ","999.9","010000"
"01023099999","2022-09-15","69.055758","18.540356","76.8","BARDUFOSS, NO","  46.5","24","  39.7","24","9999.9"," 0","999.9"," 0","  6.2","24","  7.0","24"," 15.0","999.9","  50.0","*","  42.8","*","99.99"," ","999.9","010000"
"01023099999","2022-09-16","69.055758","18.540356","76.8","BARDUFOSS, NO","  48.4","24","  43.0","24","9999.9"," 0","999.9"," 0","  6.2","24","  3.4","24","  8.0","999.9","  53.6","*","  42.8","*","99.99"," ","999.9","010000"
"01023099999","2022-09-17","69.055758","18.540356","76.8","BARDUFOSS, NO","  46.8","24","  41.8","24","9999.9"," 0","999.9"," 0","  7.5","24","  2.7","24","  7.0","999.9","  53.6","*","  42.8"," ","99.99"," ","999.9","010000"
"01023099999","2022-09-18","69.055758","18.540356","76.8","BARDUFOSS, NO","  46.9","24","  42.7","24","9999.9"," 0","999.9"," 0","  6.2","24","  2.8","24","  8.0","999.9","  51.8","*","  42.8","*","99.99"," ","999.9","010000"
"01023099999","2022-09-19","69.055758","18.540356","76.8","BARDUFOSS, NO","  43.0","24","  36.9","24","9999.9"," 0","999.9"," 0","  6.2","24","  3.8","24","  8.9","999.9","  48.2","*","  30.2","*"," 0.00","I","999.9","000000"
"01023099999","2022-09-20","69.055758","18.540356","76.8","BARDUFOSS, NO","  37.8","24","  31.5","24","9999.9"," 0","999.9"," 0","  6.0","24","  2.1","24","  8.0","999.9","  48.2","*","  26.6","*","99.99"," ","999.9","110000"
"01023099999","2022-09-21","69.055758","18.540356","76.8","BARDUFOSS, NO","  42.5","24","  39.7","24","9999.9"," 0","999.9"," 0","  6.2","24","  4.6","24","  7.0","999.9","  50.0","*","  35.6","*","99.99"," ","999.9","010000"
"01023099999","2022-09-22","69.055758","18.540356","76.8","BARDUFOSS, NO","  50.2","24","  47.6","24","9999.9"," 0","999.9"," 0","  6.2","24","  1.8","24","  5.1","999.9","  60.8","*","  44.6","*","99.99"," ","999.9","010000"
"01023099999","2022-09-23","69.055758","18.540356","76.8","BARDUFOSS, NO","  48.1","24","  45.2","24","9999.9"," 0","999.9"," 0","  6.2","24","  2.7","24","  6.0","999.9","  53.6","*","  44.1"," ","99.99"," ","999.9","010000"
"01023099999","2022-09-24","69.055758","18.540356","76.8","BARDUFOSS, NO","  47.5","24","  46.4","24","9999.9"," 0","999.9"," 0","  6.2","24","  0.6","24","  2.9","999.9","  53.6","*","  42.8","*","99.99"," ","999.9","110000"
"01023099999","2022-09-25","69.055758","18.540356","76.8","BARDUFOSS, NO","  51.5","24","  41.8","24","9999.9"," 0","999.9"," 0","  5.8","24","  5.6","24"," 15.9"," 26.0","  59.0","*","  44.6","*"," 0.00","I","999.9","100000"
"01023099999","2022-09-26","69.055758","18.540356","76.8","BARDUFOSS, NO","  48.9","24","  36.3","24","9999.9"," 0","999.9"," 0","  6.2","24"," 10.1","24"," 17.1"," 27.0","  53.6","*","  44.6","*"," 0.00","I","999.9","000000"
"01023099999","2022-09-27","69.055758","18.540356","76.8","BARDUFOSS, NO","  44.2","24","  34.6","24","9999.9"," 0","999.9"," 0","  6.2","24","  3.9","24"," 12.0","999.9","  57.2","*","  28.4","*"," 0.00","I","999.9","000000"
"01023099999","2022-09-28","69.055758","18.540356","76.8","BARDUFOSS, NO","  38.1","24","  32.5","24","9999.9"," 0","999.9"," 0","  6.2","24","  0.8","24","  2.9","999.9","  55.4","*","  26.6","*"," 0.00","I","999.9","100000"
"01023099999","2022-09-29","69.055758","18.540356","76.8","BARDUFOSS, NO","  43.9","24","  35.5","24","9999.9"," 0","999.9"," 0","  6.2","24","  4.0","24","  8.0","999.9","  55.4","*","  32.0","*"," 0.00","I","999.9","000000"
"01023099999","2022-09-30","69.055758","18.540356","76.8","BARDUFOSS, NO","  37.1","24","  29.5","24","9999.9"," 0","999.9"," 0","  6.2","24","  2.6","24","  7.0","999.9","  50.0","*","  23.0","*"," 0.00","I","999.9","000000"
"01023099999","2022-10-01","69.055758","18.540356","76.8","BARDUFOSS, NO","  30.7","24","  24.6","24","9999.9"," 0","999.9"," 0","  6.2","24","  1.7","24","  7.0","999.9","  44.6","*","  21.2","*"," 0.00","I","999.9","000000"
"01023099999","2022-10-02","69.055758","18.540356","76.8","BARDUFOSS, NO","  32.1","24","  27.9","24","9999.9"," 0","999.9"," 0","  6.2","24","  0.1","24","  1.9","999.9","  46.4","*","  21.2","*"," 0.00","I","999.9","000000"
"01023099999","2022-10-03","69.055758","18.540356","76.8","BARDUFOSS, NO","  36.4","24","  35.8","24","9999.9"," 0","999.9"," 0","  5.8","24","  0.3","24","  2.9","999.9","  44.6","*","  30.2","*","99.99"," ","999.9","110000"
"01023099999","2022-10-04","69.055758","18.540356","76.8","BARDUFOSS, NO","  40.9","24","  34.6","24","9999.9"," 0","999.9"," 0","  5.9","24","  2.8","24","  8.9","999.9","  53.6","*","  28.4","*"," 0.00","I","999.9","100000"
"01023099999","2022-10-05","69.055758","18.540356","76.8","BARDUFOSS, NO","  41.9","24","  38.1","24","9999.9"," 0","999.9"," 0","  6.2","24","  3.8","24"," 11.1","999.9","  48.2","*","  33.8","*","99.99"," ","999.9","110000"
"01023099999","2022-10-06","69.055758","18.540356","76.8","BARDUFOSS, NO","  45.1","24","  38.5","24","9999.9"," 0","999.9"," 0","  6.2","24","  7.6","24"," 18.1"," 28.9","  48.2","*","  39.2","*","99.99"," ","999.9","010000"
"01023099999","2022-10-07","69.055758","18.540356","76.8","BARDUFOSS, NO","  44.6","24","  37.2","24","9999.9"," 0","999.9"," 0","  6.2","24","  4.9","24","  9.9","999.9","  50.0","*","  35.6","*","99.99"," ","999.9","010000"
"01023099999","2022-10-08","69.055758","18.540356","76.8","BARDUFOSS, NO","  42.6","24","  38.0","24","9999.9"," 0","999.9"," 0","  6.2","24","  4.5","24","  9.9","999.9","  46.4","*","  39.2","*","99.99"," ","999.9","010000"
"01023099999","2022-10-09","69.055758","18.540356","76.8","BARDUFOSS, NO","  42.0","24","  34.9","24","9999.9"," 0","999.9"," 0","  6.2","24","  6.9","24"," 13.0"," 20.0","  44.6","*","  33.8","*","99.99"," ","999.9","010000"
"01023099999","2022-10-10","69.055758","18.540356","76.8","BARDUFOSS, NO","  41.5","24","  39.4","24","9999.9"," 0","999.9"," 0","  6.2","24","  0.7","24","  2.9","999.9","  50.0","*","  37.4","*","99.99"," ","999.9","010000"
"01023099999","2022-10-11","69.055758","18.540356","76.8","BARDUFOSS, NO","  43.5","24","  36.1","24","9999.9"," 0","999.9"," 0","  6.2","24","  4.2","24"," 11.1"," 18.1","  55.4","*","  32.0","*","99.99"," ","999.9","110000"
"01023099999","2022-10-12","69.055758","18.540356","76.8","BARDUFOSS, NO","  40.3","24","  34.2","24","9999.9"," 0","999.9"," 0","  6.2","24","  6.8","24"," 11.1"," 22.0","  44.6","*","  33.8","*","99.99"," ","999.9","010000"
"01023099999","2022-10-13","69.055758","18.540356","76.8","BARDUFOSS, NO","  40.5","23","  38.1","23","9999.9"," 0","999.9"," 0","  6.2","23","  1.8","23","  8.0","999.9","  48.2","*","  35.6","*","99.99"," ","999.9","010000"
"01023099999","2022-10-14","69.055758","18.540356","76.8","BARDUFOSS, NO","  33.6","23","  31.1","23","9999.9"," 0","999.9"," 0","  6.2","23","  1.4","23","  4.1","999.9","  48.2","*","  24.8","*"," 0.00","I","999.9","100000"
"01023099999","2022-10-15","69.055758","18.540356","76.8","BARDUFOSS, NO","  31.5","24","  30.1","24","9999.9"," 0","999.9"," 0","  6.2","24","  1.3","24","  6.0","999.9","  41.0","*","  23.0","*","99.99"," ","999.9","010000"
"01023099999","2022-10-16","69.055758","18.540356","76.8","BARDUFOSS, NO","  37.4","23","  35.4","23","9999.9"," 0","999.9"," 0","  6.1","23","  1.9","23","  5.1","999.9","  48.2","*","  26.6","*","99.99"," ","999.9","110000"
"01023099999","2022-10-17","69.055758","18.540356","76.8","BARDUFOSS, NO","  38.2","18","  36.0","18","9999.9"," 0","999.9"," 0","  6.2","18","  5.7","18"," 12.0","999.9","  42.8","*","  32.0","*","99.99"," ","999.9","010000"
"01023099999","2022-10-18","69.055758","18.540356","76.8","BARDUFOSS, NO","  35.2","24","  33.5","24","9999.9"," 0","999.9"," 0","  6.2","24","  3.1","24","  7.0","999.9","  37.4","*","  32.0","*","99.99"," ","999.9","110000"
"01023099999","2022-10-19","69.055758","18.540356","76.8","BARDUFOSS, NO","  41.2","24","  36.6","24","9999.9"," 0","999.9"," 0","  6.2","24","  7.4","24"," 12.0"," 19.8","  44.6","*","  37.4","*","99.99"," ","999.9","010000"
"01023099999","2022-10-20","69.055758","18.540356","76.8","BARDUFOSS, NO","  37.3","22","  34.4","22","9999.9"," 0","999.9"," 0","  6.2","22","  2.7","22","  6.0","999.9","  43.3"," ","  33.8","*","99.99"," ","999.9","010000"
"01023099999","2022-10-21","69.055758","18.540356","76.8","BARDUFOSS, NO","  37.3","23","  34.5","23","9999.9"," 0","999.9"," 0","  6.2","23","  2.3","23","  7.0","999.9","  42.8","*","  33.8","*","99.99"," ","999.9","110000"
"01023099999","2022-10-22","69.055758","18.540356","76.8","BARDUFOSS, NO","  38.1","24","  33.5","24","9999.9"," 0","999.9"," 0","  5.8","24","  8.3","24"," 21.0"," 33.0","  42.8","*","  33.8","*","99.99"," ","999.9","011000"
"01023099999","2022-10-23","69.055758","18.540356","76.8","BARDUFOSS, NO","  34.0","24","  30.2","24","9999.9"," 0","999.9"," 0","  5.1","24"," 12.8","24"," 22.9"," 35.0","  35.6","*","  32.0","*","99.99"," ","999.9","011000"
"01023099999","2022-10-24","69.055758","18.540356","76.8","BARDUFOSS, NO","  26.0","24","  24.4","24","9999.9"," 0","999.9"," 0","  6.2","24","  1.3","24","  4.1","999.9","  33.8","*","  14.0","*"," 0.00","I","999.9","100000"
"01023099999","2022-10-25","69.055758","18.540356","76.8","BARDUFOSS, NO","  17.1","24","  15.2","24","9999.9"," 0","999.9"," 0","  6.2","24","  1.2","24","  2.9","  9.9","  21.2","*","  12.2","*"," 0.00","I","999.9","000000"
"01023099999","2022-10-26","69.055758","18.540356","76.8","BARDUFOSS, NO","  21.4","24","  19.7","24","9999.9"," 0","999.9"," 0","  6.2","24","  0.4","24","  1.9","999.9","  26.6","*","  14.0","*","99.99"," ","999.9","001000"
"01023099999","2022-10-27","69.055758","18.540356","76.8","BARDUFOSS, NO","  23.4","24","  22.5","24","9999.9"," 0","999.9"," 0","  6.2","24","  0.8","24","  2.9","999.9","  26.6","*","  17.6","*","99.99"," ","999.9","010000"
"01023099999","2022-10-28","69.055758","18.540356","76.8","BARDUFOSS, NO","  32.1","24","  31.0","24","9999.9"," 0","999.9"," 0","  6.2","24","  0.8","24","  4.1","999.9","  33.8","*","  28.4","*","99.99"," ","999.9","110000"
"01023099999","2022-10-29","69.055758","18.540356","76.8","BARDUFOSS, NO","  32.9","24","  31.6","24","9999.9"," 0","999.9"," 0","  4.8","24","  7.1","24"," 15.0"," 26.0","  35.6","*","  30.2","*","99.99"," ","999.9","111000"
"01023099999","2022-10-30","69.055758","18.540356","76.8","BARDUFOSS, NO","  33.9","24","  31.8","24","9999.9"," 0","999.9"," 0","  5.8","24","  2.9","24","  8.0"," 10.1","  41.0","*","  30.2","*","99.99"," ","999.9","111000"
"01023099999","2022-10-31","69.055758","18.540356","76.8","BARDUFOSS, NO","  33.7","24","  32.0","24","9999.9"," 0","999.9"," 0","  5.8","24","  1.2","24","  5.1","999.9","  41.0","*","  30.2","*","99.99"," ","999.9","110000"
"01023099999","2022-11-01","69.055758","18.540356","76.8","BARDUFOSS, NO","  34.3","24","  34.1","24","9999.9"," 0","999.9"," 0","  6.2","24","  0.9","24","  2.9","999.9","  35.6","*","  30.2","*","99.99"," ","999.9","110000"
"01023099999","2022-11-02","69.055758","18.540356","76.8","BARDUFOSS, NO","  30.7","24","  30.4","24","9999.9"," 0","999.9"," 0","  6.2","24","  1.1","24","  2.9","999.9","  37.4","*","  26.6","*"," 0.00","I","999.9","100000"
"01023099999","2022-11-03","69.055758","18.540356","76.8","BARDUFOSS, NO","  28.9","24","  28.3","24","9999.9"," 0","999.9"," 0","  6.2","24","  1.3","24","  5.1"," 11.5","  36.1"," ","  23.0","*","99.99"," ","999.9","110000"
"01023099999","2022-11-04","69.055758","18.540356","76.8","BARDUFOSS, NO","  27.9","24","  27.4","24","9999.9"," 0","999.9"," 0","  6.2","24","  0.6","24","  2.9","999.9","  30.2","*","  24.8","*"," 0.00","I","999.9","100000"
"01023099999","2022-11-05","69.055758","18.540356","76.8","BARDUFOSS, NO","  31.6","24","  31.2","24","9999.9"," 0","999.9"," 0","  6.2","24","  0.3","24","  2.9","999.9","  33.8","*","  28.4","*","99.99"," ","999.9","010000"
"01023099999","2022-11-06","69.055758","18.540356","76.8","BARDUFOSS, NO","  33.5","24","  31.9","24","9999.9"," 0","999.9"," 0","  5.7","24","  2.1","24","  8.0","999.9","  35.6","*","  26.6","*","99.99"," ","999.9","110000"
"01023099999","2022-11-07","69.055758","18.540356","76.8","BARDUFOSS, NO","  32.9","24","  30.9","24","9999.9"," 0","999.9"," 0","  5.9","24","  3.7","24","  9.9","999.9","  37.4","*","  26.6","*","99.99"," ","999.9","011000"
"01023099999","2022-11-08","69.055758","18.540356","76.8","BARDUFOSS, NO","  26.0","24","  25.2","24","9999.9"," 0","999.9"," 0","  3.5","24","  1.4","24","  6.0","999.9","  35.6","*","  17.6","*"," 0.00","I","999.9","100000"
"01023099999","2022-11-09","69.055758","18.540356","76.8","BARDUFOSS, NO","  27.5","24","  21.1","24","9999.9"," 0","999.9"," 0","  6.2","24","  4.6","24"," 12.0"," 19.0","  33.8","*","  17.6","*"," 0.00","I","999.9","000000"
"01023099999","2022-11-10","69.055758","18.540356","76.8","BARDUFOSS, NO","  20.1","24","  16.0","24","9999.9"," 0","999.9"," 0","  7.9","24","  1.8","24","  7.0","999.9","  33.8","*","  10.4","*"," 0.00","I","999.9","000000"
"01023099999","2022-11-11","69.055758","18.540356","76.8","BARDUFOSS, NO","  28.1","24","  27.0","24","9999.9"," 0","999.9"," 0","  6.1","24","  1.1","24","  4.1","999.9","  32.0","*","  17.6","*","99.99"," ","999.9","011000"
"01023099999","2022-11-12","69.055758","18.540356","76.8","BARDUFOSS, NO","  35.1","24","  33.4","24","9999.9"," 0","999.9"," 0","  5.9","24","  3.4","24","  8.9","999.9","  39.2","*","  32.0","*","99.99"," ","999.9","010000"
"01023099999","2022-11-13","69.055758","18.540356","76.8","BARDUFOSS, NO","  33.7","24","  33.3","24","9999.9"," 0","999.9"," 0","  5.8","24","  1.2","24","  5.1","999.9","  35.6","*","  32.0","*","99.99"," ","999.9","110000"
"01023099999","2022-11-14","69.055758","18.540356","76.8","BARDUFOSS, NO","  33.0","24","  32.5","24","9999.9"," 0","999.9"," 0","  5.8","24","  2.3","24","  5.1","999.9","  37.4","*","  30.2","*","99.99"," ","999.9","110000"
"01023099999","2022-11-15","69.055758","18.540356","76.8","BARDUFOSS, NO","  18.9","24","  17.5","24","9999.9"," 0","999.9"," 0","  5.6","24","  0.3","24","  1.9","999.9","  28.4","*","  10.4","*"," 0.00","I","999.9","100000"
"01023099999","2022-11-16","69.055758","18.540356","76.8","BARDUFOSS, NO","  10.2","24","   7.6","24","9999.9"," 0","999.9"," 0","  6.2","24","  0.1","24","  1.9","999.9","  12.2","*","   6.8","*"," 0.00","I","999.9","000000"
"01023099999","2022-11-17","69.055758","18.540356","76.8","BARDUFOSS, NO","   9.0","24","   6.7","24","9999.9"," 0","999.9"," 0","  6.2","24","  0.3","24","  1.9","999.9","  10.4","*","   6.8","*"," 0.00","I","999.9","000000"
"01023099999","2022-11-18","69.055758","18.540356","76.8","BARDUFOSS, NO","   9.3","24","   6.6","24","9999.9"," 0","999.9"," 0","  6.2","24","  0.0","24","  1.0","999.9","  10.4","*","   6.8","*"," 0.00","I","999.9","000000"
"01023099999","2022-11-19","69.055758","18.540356","76.8","BARDUFOSS, NO","   6.4","24","   3.6","24","9999.9"," 0","999.9"," 0","  6.2","24","  0.0","24","  1.0","999.9","   8.6","*","   5.0","*"," 0.00","I","999.9","000000"
"01023099999","2022-11-20","69.055758","18.540356","76.8","BARDUFOSS, NO","   4.7","24","   1.9","24","9999.9"," 0","999.9"," 0","  6.2","24","  0.1","24","  1.0","999.9","   6.8","*","   3.2","*"," 0.00","I","999.9","000000"
"01023099999","2022-11-21","69.055758","18.540356","76.8","BARDUFOSS, NO","   4.8","24","   1.7","24","9999.9"," 0","999.9"," 0","  6.2","24","  0.1","24","  1.9","999.9","   6.8","*","   3.2","*"," 0.00","I","999.9","000000"
"01023099999","2022-11-22","69.055758","18.540356","76.8","BARDUFOSS, NO","   5.4","24","   2.5","24","9999.9"," 0","999.9"," 0","  6.2","24","  0.1","24","  1.0","999.9","   8.6","*","   3.2","*"," 0.00","I","999.9","000000"
"01023099999","2022-11-23","69.055758","18.540356","76.8","BARDUFOSS, NO","   7.9","24","   5.1","24","9999.9"," 0","999.9"," 0","  6.2","24","  0.2","24","  1.9","999.9","  15.8","*","   5.0","*"," 0.00","I","999.9","000000"
"01023099999","2022-11-24","69.055758","18.540356","76.8","BARDUFOSS, NO","   9.8","24","   7.2","24","9999.9"," 0","999.9"," 0","  6.2","24","  1.0","24","  8.9","999.9","  19.4","*","   6.8","*"," 0.00","I","999.9","000000"
"01023099999","2022-11-25","69.055758","18.540356","76.8","BARDUFOSS, NO","   5.8","24","   2.5","24","9999.9"," 0","999.9"," 0","  6.2","24","  0.8","24","  1.9","999.9","   6.8","*","   3.2","*"," 0.00","I","999.9","000000"
"01023099999","2022-11-26","69.055758","18.540356","76.8","BARDUFOSS, NO","   8.6","24","   5.7","24","9999.9"," 0","999.9"," 0","  6.2","24","  1.1","24","  2.9","999.9","  15.8","*","   5.0","*"," 0.00","I","999.9","000000"
"01023099999","2022-11-27","69.055758","18.540356","76.8","BARDUFOSS, NO","  21.5","24","  20.1","24","9999.9"," 0","999.9"," 0","  6.2","24","  0.7","24","  2.9","999.9","  26.6","*","  12.2","*","99.99"," ","999.9","001000"
"01023099999","2022-11-28","69.055758","18.540356","76.8","BARDUFOSS, NO","  16.2","24","  14.4","24","9999.9"," 0","999.9"," 0","  6.2","24","  1.1","24","  1.9","999.9","  23.0","*","  12.2","*"," 0.00","I","999.9","000000"
"01023099999","2022-11-29","69.055758","18.540356","76.8","BARDUFOSS, NO","  17.4","24","  15.6","24","9999.9"," 0","999.9"," 0","  6.2","24","  0.3","24","  1.9","999.9","  26.6","*","  10.4","*"," 0.00","I","999.9","000000"
"01023099999","2022-11-30","69.055758","18.540356","76.8","BARDUFOSS, NO","  24.0","24","  22.7","24","9999.9"," 0","999.9"," 0","  6.1","24","  0.6","24","  2.9","999.9","  28.4","*","  19.4","*","99.99"," ","999.9","001000"
"01023099999","2022-12-01","69.055758","18.540356","76.8","BARDUFOSS, NO","  28.3","24","  27.7","24","9999.9"," 0","999.9"," 0","  2.3","24","  0.2","24","  1.9","999.9","  30.2","*","  26.6","*","99.99"," ","999.9","111000"
"01023099999","2022-12-02","69.055758","18.540356","76.8","BARDUFOSS, NO","  17.8","24","  16.3","24","9999.9"," 0","999.9"," 0","  4.3","24","  0.4","24","  1.9","999.9","  28.4","*","   5.0","*"," 0.00","I","999.9","100000"
"01023099999","2022-12-03","69.055758","18.540356","76.8","BARDUFOSS, NO","   2.7","24","  -0.3","24","9999.9"," 0","999.9"," 0","  6.2","24","  0.1","24","  1.9","999.9","   6.8","*","  -0.4","*"," 0.00","I","999.9","000000"
"01023099999","2022-12-04","69.055758","18.540356","76.8","BARDUFOSS, NO","   3.9","24","   0.7","24","9999.9"," 0","999.9"," 0","  5.7","24","  0.2","24","  2.9","999.9","  21.2","*","  -2.2","*","99.99"," ","999.9","001000"
"01023099999","2022-12-05","69.055758","18.540356","76.8","BARDUFOSS, NO","  24.4","24","  23.6","24","9999.9"," 0","999.9"," 0","  5.0","24","  1.4","24"," 11.1","999.9","  33.8","*","  19.4","*","99.99"," ","999.9","011000"
"01023099999","2022-12-06","69.055758","18.540356","76.8","BARDUFOSS, NO","  27.0","24","  24.3","24","9999.9"," 0","999.9"," 0","  4.7","24","  6.5","24"," 14.0","999.9","  33.8","*","   6.8","*","99.99"," ","999.9","011000"
"01023099999","2022-12-07","69.055758","18.540356","76.8","BARDUFOSS, NO","   3.8","24","   1.1","24","9999.9"," 0","999.9"," 0","  6.2","24","  0.4","24","  1.9","999.9","  10.4","*","  -0.4","*"," 0.00","I","999.9","000000"
"01023099999","2022-12-08","69.055758","18.540356","76.8","BARDUFOSS, NO","  17.8","24","  13.9","24","9999.9"," 0","999.9"," 0","  6.2","24","  3.4","24"," 11.3"," 16.1","  30.2","*","   6.8","*","99.99"," ","999.9","001000"
"01023099999","2022-12-09","69.055758","18.540356","76.8","BARDUFOSS, NO","  21.5","24","  16.4","24","9999.9"," 0","999.9"," 0","  6.2","24","  4.3","24"," 13.0","999.9","  30.2","*","  10.4","*","99.99"," ","999.9","001000"
"01023099999","2022-12-10","69.055758","18.540356","76.8","BARDUFOSS, NO","  -3.8","24","  -7.7","24","9999.9"," 0","999.9"," 0","  6.2","24","  1.4","24","  4.1","999.9","  10.4","*","  -9.4","*"," 0.00","I","999.9","000000"
"01023099999","2022-12-11","69.055758","18.540356","76.8","BARDUFOSS, NO","  -5.2","24","  -8.7","24","9999.9"," 0","999.9"," 0","  6.2","24","  1.3","24","  2.9","999.9","  -2.2","*","  -9.4","*"," 0.00","I","999.9","000000"
"01023099999","2022-12-12","69.055758","18.540356","76.8","BARDUFOSS, NO"," -13.8","24"," -18.5","24","9999.9"," 0","999.9"," 0","  6.2","24","  0.4","24","  1.9","999.9","  -9.4","*"," -18.4","*"," 0.00","I","999.9","000000"
"01023099999","2022-12-13","69.055758","18.540356","76.8","BARDUFOSS, NO"," -13.0","24"," -17.3","24","9999.9"," 0","999.9"," 0","  6.2","24","  0.2","24","  1.9","999.9","   1.4","*"," -17.1"," "," 0.00","I","999.9","000000"
"01023099999","2022-12-14","69.055758","18.540356","76.8","BARDUFOSS, NO","   9.0","24","   6.2","24","9999.9"," 0","999.9"," 0","  5.7","24","  0.7","24","  2.9","999.9","  24.8","*","   1.4","*","99.99"," ","999.9","001000"
"01023099999","2022-12-15","69.055758","18.540356","76.8","BARDUFOSS, NO","  27.4","23","  25.3","23","9999.9"," 0","999.9"," 0","  4.1","23","  5.8","23"," 15.0","999.9","  30.2","*","  23.0","*","99.99"," ","999.9","001000"
"01023099999","2022-12-16","69.055758","18.540356","76.8","BARDUFOSS, NO","  25.0","22","  21.0","22","9999.9"," 0","999.9"," 0","  4.2","22","  7.8","22"," 15.0"," 24.1","  28.4","*","  14.0","*","99.99"," ","999.9","001000"
"01023099999","2022-12-17","69.055758","18.540356","76.8","BARDUFOSS, NO","   4.4","24","   1.5","24","9999.9"," 0","999.9"," 0","  6.2","24","  1.2","24","  4.1","999.9","  17.6","*","  -9.4","*","99.99"," ","999.9","001000"
"01023099999","2022-12-18","69.055758","18.540356","76.8","BARDUFOSS, NO","   1.8","24","  -1.5","24","9999.9"," 0","999.9"," 0","  6.2","24","  1.5","24","  7.0","999.9","  17.6","*"," -11.2","*","99.99"," ","999.9","001000"
"01023099999","2022-12-19","69.055758","18.540356","76.8","BARDUFOSS, NO","  11.0","24","   8.1","24","9999.9"," 0","999.9"," 0","  6.2","24","  0.6","24","  1.9","999.9","  14.4"," ","   1.4","*","99.99"," ","999.9","001000"
"01023099999","2022-12-20","69.055758","18.540356","76.8","BARDUFOSS, NO","  10.2","24","   5.1","24","9999.9"," 0","999.9"," 0","  6.2","24","  4.5","24"," 15.0"," 24.1","  24.8","*","  -5.8","*"," 0.00","I","999.9","000000"
"01023099999","2022-12-21","69.055758","18.540356","76.8","BARDUFOSS, NO","  18.6","24","  15.1","24","9999.9"," 0","999.9"," 0","  5.6","24","  2.3","24","  9.9","999.9","  21.2","*","  17.6","*","99.99"," ","999.9","001000"
"01023099999","2022-12-22","69.055758","18.540356","76.8","BARDUFOSS, NO","  16.9","24","  14.4","24","9999.9"," 0","999.9"," 0","  5.7","24","  2.2","24","  8.9","999.9","  23.0","*","   8.6","*","99.99"," ","999.9","001000"
"01023099999","2022-12-23","69.055758","18.540356","76.8","BARDUFOSS, NO","  19.2","24","  16.9","24","9999.9"," 0","999.9"," 0","  4.4","24","  2.1","24"," 19.0","999.9","  30.2","*","  15.8","*","99.99"," ","999.9","001000"
"01023099999","2022-12-24","69.055758","18.540356","76.8","BARDUFOSS, NO","  29.0","24","  21.9","24","9999.9"," 0","999.9"," 0","  5.9","24","  8.6","24"," 19.0"," 22.9","  30.2","*","  26.6","*","99.99"," ","999.9","001000"
"01023099999","2022-12-25","69.055758","18.540356","76.8","BARDUFOSS, NO","  22.1","24","  18.7","24","9999.9"," 0","999.9"," 0","  5.6","24","  3.2","24","  8.0","999.9","  30.2","*","   3.2","*","99.99"," ","999.9","001000"
"01023099999","2022-12-26","69.055758","18.540356","76.8","BARDUFOSS, NO","   8.2","24","   5.5","24","9999.9"," 0","999.9"," 0","  6.2","24","  1.2","24","  4.1","999.9","  17.6","*","   1.4","*"," 0.00","I","999.9","000000"
"01023099999","2022-12-27","69.055758","18.540356","76.8","BARDUFOSS, NO","  26.1","24","  17.4","24","9999.9"," 0","999.9"," 0","  6.2","24","  7.1","24"," 19.0","999.9","  37.4","*","   8.6","*"," 0.00","I","999.9","000000"
"01023099999","2022-12-28","69.055758","18.540356","76.8","BARDUFOSS, NO","  14.6","24","  11.4","24","9999.9"," 0","999.9"," 0","  5.8","24","  1.9","24","  8.9","999.9","  23.0","*","   3.2","*","99.99"," ","999.9","101000"
"01023099999","2022-12-29","69.055758","18.540356","76.8","BARDUFOSS, NO","  12.9","24","   5.3","24","9999.9"," 0","999.9"," 0","  6.2","24","  6.2","24"," 21.0"," 38.1","  32.0","*","  -4.0","*"," 0.00","I","999.9","000000"
"01023099999","2022-12-30","69.055758","18.540356","76.8","BARDUFOSS, NO","  29.4","24","  17.7","24","9999.9"," 0","999.9"," 0","  6.2","24"," 10.3","24"," 20.0"," 31.1","  33.8","*","  15.8","*"," 0.00","I","999.9","000000"
"01023099999","2022-12-31","69.055758","18.540356","76.8","BARDUFOSS, NO","  32.9","24","  23.1","24","9999.9"," 0","999.9"," 0","  5.7","24","  8.6","24"," 18.1"," 26.0","  39.2","*","  17.6","*","99.99"," ","999.9","011000"
"01023099999","2023-01-01","69.055758","18.540356","76.8","BARDUFOSS, NO","  30.7","24","  27.1","24","9999.9"," 0","999.9"," 0","  5.3","24","  5.1","24"," 11.1","999.9","  35.6","*","  23.0","*","99.99"," ","999.9","001000"
"01023099999","2023-01-02","69.055758","18.540356","76.8","BARDUFOSS, NO","  29.3","24","  27.5","24","9999.9"," 0","999.9"," 0","  5.5","24","  2.9","24","  8.0","999.9","  35.6","*","  23.0","*","99.99"," ","999.9","011000"
"01023099999","2023-01-03","69.055758","18.540356","76.8","BARDUFOSS, NO","  22.4","24","  20.7","24","9999.9"," 0","999.9"," 0","  4.5","24","  2.6","24","  7.0","999.9","  32.0","*","   8.6","*","99.99"," ","999.9","001000"
"01023099999","2023-01-04","69.055758","18.540356","76.8","BARDUFOSS, NO","   4.6","24","   1.7","24","9999.9"," 0","999.9"," 0","  6.2","24","  0.9","24","  2.9","999.9","  17.6","*","  -5.8","*"," 0.00","I","999.9","000000"
"01023099999","2023-01-05","69.055758","18.540356","76.8","BARDUFOSS, NO","  -5.7","24","  -9.1","24","9999.9"," 0","999.9"," 0","  6.2","24","  1.5","24","  2.9","999.9","  -0.4","*"," -11.2","*"," 0.00","I","999.9","100000"
"01023099999","2023-01-06","69.055758","18.540356","76.8","BARDUFOSS, NO"," -16.3","24"," -21.1","24","9999.9"," 0","999.9"," 0","  6.2","24","  1.1","24","  1.9","999.9","  -9.4","*"," -22.0","*"," 0.00","I","999.9","000000"
"01023099999","2023-01-07","69.055758","18.540356","76.8","BARDUFOSS, NO","   4.9","24","  -3.5","24","9999.9"," 0","999.9"," 0","  6.2","24","  6.8","24"," 15.9"," 27.0","  19.4","*"," -18.4","*"," 0.00","I","999.9","000000"
"01023099999","2023-01-08","69.055758","18.540356","76.8","BARDUFOSS, NO","  22.0","24","   9.7","24","9999.9"," 0","999.9"," 0","  6.2","24"," 10.2","24"," 17.1"," 25.1","  26.6","*","  19.4","*","99.99"," ","999.9","001000"
"01023099999","2023-01-09","69.055758","18.540356","76.8","BARDUFOSS, NO","  21.1","24","  12.6","24","9999.9"," 0","999.9"," 0","  6.2","24","  5.8","24"," 14.0"," 18.3","  26.6","*","   3.2","*"," 0.00","I","999.9","000000"
"01023099999","2023-01-10","69.055758","18.540356","76.8","BARDUFOSS, NO","   3.5","24","   0.1","24","9999.9"," 0","999.9"," 0","  6.2","24","  0.9","24","  2.9","999.9","  10.4","*","  -0.4","*"," 0.00","I","999.9","000000"
"01023099999","2023-01-11","69.055758","18.540356","76.8","BARDUFOSS, NO","  11.6","24","   7.6","24","9999.9"," 0","999.9"," 0","  6.2","24","  2.3","24"," 11.1"," 17.5","  29.1"," ","  -0.4","*","99.99"," ","999.9","001000"
"01023099999","2023-01-12","69.055758","18.540356","76.8","BARDUFOSS, NO","  25.3","24","  24.1","24","9999.9"," 0","999.9"," 0","  5.0","24","  0.9","24","  8.0"," 11.7","  28.4"," ","  23.0","*","99.99"," ","999.9","001000"
"01023099999","2023-01-13","69.055758","18.540356","76.8","BARDUFOSS, NO","  26.1","24","  24.7","24","9999.9"," 0","999.9"," 0","  6.2","24","  2.2","24","  8.0"," 11.1","  35.6","*","  10.4","*","99.99"," ","999.9","001000"
"01023099999","2023-01-14","69.055758","18.540356","76.8","BARDUFOSS, NO","  21.0","24","  14.5","24","9999.9"," 0","999.9"," 0","  6.0","24","  3.6","24","  8.9","999.9","  28.4","*","  10.4","*","99.99"," ","999.9","001000"
"01023099999","2023-01-15","69.055758","18.540356","76.8","BARDUFOSS, NO","   5.7","24","   2.5","24","9999.9"," 0","999.9"," 0","  6.2","24","  1.3","24","  4.1","999.9","  17.6","*","  -7.6","*"," 0.00","I","999.9","000000"
"01023099999","2023-01-16","69.055758","18.540356","76.8","BARDUFOSS, NO","  11.9","24","   9.5","24","9999.9"," 0","999.9"," 0","  6.2","24","  0.9","24","  4.1","999.9","  19.4","*","   3.2","*","99.99"," ","999.9","001000"
"01023099999","2023-01-17","69.055758","18.540356","76.8","BARDUFOSS, NO","  22.2","24","  18.8","24","9999.9"," 0","999.9"," 0","  6.2","24","  2.7","24","  7.0","999.9","  37.4","*","   6.8","*","99.99"," ","999.9","001000"
"01023099999","2023-01-18","69.055758","18.540356","76.8","BARDUFOSS, NO","  22.2","24","  13.9","24","9999.9"," 0","999.9"," 0","  6.2","24","  6.9","24"," 15.0","999.9","  32.0","*","   8.6","*"," 0.00","I","999.9","000000"
"01023099999","2023-01-19","69.055758","18.540356","76.8","BARDUFOSS, NO","  13.8","24","  10.9","24","9999.9"," 0","999.9"," 0","  6.2","24","  1.6","24","  5.1","999.9","  21.2","*","   6.8","*"," 0.00","I","999.9","000000"
"01023099999","2023-01-20","69.055758","18.540356","76.8","BARDUFOSS, NO","  18.6","24","  15.7","24","9999.9"," 0","999.9"," 0","  6.0","24","  2.0","24","  8.0","999.9","  33.8","*","   3.2","*","99.99"," ","999.9","001000"
"01023099999","2023-01-21","69.055758","18.540356","76.8","BARDUFOSS, NO","  20.9","24","  17.8","24","9999.9"," 0","999.9"," 0","  6.1","24","  1.6","24","  6.0","999.9","  37.4","*","  12.2","*","99.99"," ","999.9","010000"
"01023099999","2023-01-22","69.055758","18.540356","76.8","BARDUFOSS, NO","  42.2","24","  30.6","24","9999.9"," 0","999.9"," 0","  6.2","24","  7.1","24"," 12.0"," 27.0","  46.4","*","  35.6","*","99.99"," ","999.9","010000"
"01023099999","2023-01-23","69.055758","18.540356","76.8","BARDUFOSS, NO","  38.5","24","  28.6","24","9999.9"," 0","999.9"," 0","  5.4","24"," 10.4","24"," 19.0"," 34.0","  44.6","*","  30.2","*","99.99"," ","999.9","011000"
"01023099999","2023-01-24","69.055758","18.540356","76.8","BARDUFOSS, NO","  34.3","24","  25.7","24","9999.9"," 0","999.9"," 0","  6.0","24","  7.9","24"," 13.0"," 22.9","  37.4","*","  30.2","*","99.99"," ","999.9","011000"
"01023099999","2023-01-25","69.055758","18.540356","76.8","BARDUFOSS, NO","  29.6","24","  27.5","24","9999.9"," 0","999.9"," 0","  4.5","24","  2.7","24","  7.0","999.9","  32.0","*","  26.6","*","99.99"," ","999.9","001000"
"01023099999","2023-01-26","69.055758","18.540356","76.8","BARDUFOSS, NO","  29.3","24","  25.8","24","9999.9"," 0","999.9"," 0","  4.8","24","  7.3","24"," 15.0"," 20.0","  33.8","*","  24.8","*","99.99"," ","999.9","001000"
"01023099999","2023-01-27","69.055758","18.540356","76.8","BARDUFOSS, NO","  37.3","24","  31.9","24","9999.9"," 0","999.9"," 0","  6.0","24","  8.0","24"," 14.0"," 24.1","  41.0","*","  33.8","*","99.99"," ","999.9","011000"
"01023099999","2023-01-28","69.055758","18.540356","76.8","BARDUFOSS, NO","  32.5","24","  28.8","24","9999.9"," 0","999.9"," 0","  5.5","24","  5.0","24"," 11.1"," 17.1","  35.6","*","  26.6","*","99.99"," ","999.9","011000"
"01023099999","2023-01-29","69.055758","18.540356","76.8","BARDUFOSS, NO","  25.9","24","  24.5","24","9999.9"," 0","999.9"," 0","  4.5","24","  2.9","24","  9.9","999.9","  33.8","*","   6.8","*","99.99"," ","999.9","101000"
"01023099999","2023-01-30","69.055758","18.540356","76.8","BARDUFOSS, NO","  -3.9","24","  -7.2","24","9999.9"," 0","999.9"," 0","  6.2","24","  0.2","24","  1.9","999.9","   5.0","*"," -11.2","*"," 0.00","I","999.9","000000"
"01023099999","2023-01-31","69.055758","18.540356","76.8","BARDUFOSS, NO","  13.3","24","  11.3","24","9999.9"," 0","999.9"," 0","  5.3","24","  0.4","24","  1.9","999.9","  28.4","*","  -9.4","*","99.99"," ","999.9","001000"
"01023099999","2023-02-01","69.055758","18.540356","76.8","BARDUFOSS, NO","  22.7","24","  21.6","24","9999.9"," 0","999.9"," 0","  5.0","24","  1.3","24","  2.9","999.9","  28.4","*","  17.6","*","99.99"," ","999.9","101000"
"01023099999","2023-02-02","69.055758","18.540356","76.8","BARDUFOSS, NO","  -1.4","24","  -4.9","24","9999.9"," 0","999.9"," 0","  4.6","24","  0.0","24","  1.0","999.9","  15.8","*"," -15.5"," "," 0.00","I","999.9","100000"
"01023099999","2023-02-03","69.055758","18.540356","76.8","BARDUFOSS, NO"," -15.4","24"," -19.9","24","9999.9"," 0","999.9"," 0","  6.2","24","  0.0","24","999.9","999.9","  -5.8","*"," -18.4","*"," 0.00","I","999.9","000000"
"01023099999","2023-02-04","69.055758","18.540356","76.8","BARDUFOSS, NO","  10.5","24","   8.1","24","9999.9"," 0","999.9"," 0","  6.1","24","  0.1","24","  1.9","999.9","  21.2","*","  -2.2","*","99.99"," ","999.9","001000"
"01023099999","2023-02-05","69.055758","18.540356","76.8","BARDUFOSS, NO","  30.2","24","  27.0","24","9999.9"," 0","999.9"," 0","  6.1","24","  3.4","24"," 14.0"," 14.4","  37.4","*","  21.2","*","99.99"," ","999.9","011000"
"01023099999","2023-02-06","69.055758","18.540356","76.8","BARDUFOSS, NO","  40.6","24","  33.4","24","9999.9"," 0","999.9"," 0","  6.2","24","  8.5","24"," 17.1"," 25.1","  46.4","*","  35.6","*","99.99"," ","999.9","010000"
"01023099999","2023-02-07","69.055758","18.540356","76.8","BARDUFOSS, NO","  39.7","24","  32.8","24","9999.9"," 0","999.9"," 0","  5.6","24"," 11.6","24"," 20.0"," 38.1","  46.4","*","  33.8","*","99.99"," ","999.9","010000"
"01023099999","2023-02-08","69.055758","18.540356","76.8","BARDUFOSS, NO","  41.1","24","  30.9","24","9999.9"," 0","999.9"," 0","  6.2","24"," 12.8","24"," 22.0"," 40.0","  44.6","*","  37.4","*","99.99"," ","999.9","010000"
"01023099999","2023-02-09","69.055758","18.540356","76.8","BARDUFOSS, NO","  33.2","24","  28.8","24","9999.9"," 0","999.9"," 0","  5.7","24","  5.2","24"," 15.9","999.9","  39.2","*","  28.4","*","99.99"," ","999.9","011000"
"01023099999","2023-02-10","69.055758","18.540356","76.8","BARDUFOSS, NO","  25.8","24","  22.5","24","9999.9"," 0","999.9"," 0","  3.9","24","  5.6","24","  9.9"," 22.0","  28.4","*","  23.0","*","99.99"," ","999.9","001000"
"01023099999","2023-02-11","69.055758","18.540356","76.8","BARDUFOSS, NO","  27.6","24","  23.7","24","9999.9"," 0","999.9"," 0","  4.2","24","  7.7","24"," 15.9"," 24.5","  30.2","*","  24.6"," ","99.99"," ","999.9","001000"
"01023099999","2023-02-12","69.055758","18.540356","76.8","BARDUFOSS, NO","  34.4","24","  29.1","24","9999.9"," 0","999.9"," 0","  3.7","24"," 14.1","24"," 28.0"," 47.0","  42.8","*","  28.4","*","99.99"," ","999.9","011000"
"01023099999","2023-02-13","69.055758","18.540356","76.8","BARDUFOSS, NO","  34.8","24","  31.6","24","9999.9"," 0","999.9"," 0","  4.9","24"," 12.0","24"," 28.0"," 42.0","  37.4","*","  32.0","*","99.99"," ","999.9","011000"
"01023099999","2023-02-14","69.055758","18.540356","76.8","BARDUFOSS, NO","  41.2","24","  33.9","24","9999.9"," 0","999.9"," 0","  6.2","24","  7.2","24"," 17.1"," 22.0","  44.6","*","  33.8","*","99.99"," ","999.9","010000"
"01023099999","2023-02-15","69.055758","18.540356","76.8","BARDUFOSS, NO","  38.5","24","  30.7","24","9999.9"," 0","999.9"," 0","  6.2","24","  3.9","24","  8.9"," 10.7","  43.2"," ","  28.4","*"," 0.00","I","999.9","000000"
"01023099999","2023-02-16","69.055758","18.540356","76.8","BARDUFOSS, NO","  33.6","24","  27.8","24","9999.9"," 0","999.9"," 0","  5.6","24","  3.3","24","  9.9","999.9","  37.4","*","  28.4","*","99.99"," ","999.9","011000"
"01023099999","2023-02-17","69.055758","18.540356","76.8","BARDUFOSS, NO","  23.2","24","  21.6","24","9999.9"," 0","999.9"," 0","  6.2","24","  1.3","24","  5.1","999.9","  32.0","*","  14.0","*"," 0.00","I","999.9","100000"
"01023099999","2023-02-18","69.055758","18.540356","76.8","BARDUFOSS, NO","  18.6","24","  16.8","24","9999.9"," 0","999.9"," 0","  6.2","24","  0.9","24","  4.1","999.9","  26.6","*","  14.0","*"," 0.00","I","999.9","000000"
"01023099999","2023-02-19","69.055758","18.540356","76.8","BARDUFOSS, NO","  17.8","24","  15.9","24","9999.9"," 0","999.9"," 0","  5.3","24","  0.3","24","  2.9","999.9","  23.0","*","  12.2","*","99.99"," ","999.9","001000"
"01023099999","2023-02-20","69.055758","18.540356","76.8","BARDUFOSS, NO","  14.7","24","  11.0","24","9999.9"," 0","999.9"," 0","  6.2","24","  1.4","24","  8.9","999.9","  23.0","*","   5.0","*","99.99"," ","999.9","001000"
"01023099999","2023-02-21","69.055758","18.540356","76.8","BARDUFOSS, NO","   8.4","24","   4.7","24","9999.9"," 0","999.9"," 0","  6.2","24","  0.5","24","  4.1","999.9","  15.8","*","   3.2","*"," 0.00","I","999.9","000000"
"01023099999","2023-02-22","69.055758","18.540356","76.8","BARDUFOSS, NO","  11.3","24","   4.5","24","9999.9"," 0","999.9"," 0","  6.2","24","  3.1","24"," 15.0","999.9","  23.0","*","  -2.2","*"," 0.00","I","999.9","000000"
"01023099999","2023-02-23","69.055758","18.540356","76.8","BARDUFOSS, NO","  30.1","24","  22.9","24","9999.9"," 0","999.9"," 0","  5.9","24","  7.6","24"," 13.0"," 28.0","  35.6","*","  21.2","*","99.99"," ","999.9","001000"
"01023099999","2023-02-24","69.055758","18.540356","76.8","BARDUFOSS, NO","  25.9","24","  24.2","24","9999.9"," 0","999.9"," 0","  4.5","24","  3.9","24"," 11.1","999.9","  30.4"," ","  12.2","*","99.99"," ","999.9","001000"
"01023099999","2023-02-25","69.055758","18.540356","76.8","BARDUFOSS, NO","  32.0","24","  28.4","24","9999.9"," 0","999.9"," 0","  4.9","24"," 10.9","24"," 17.1"," 23.1","  35.6","*","  26.6","*","99.99"," ","999.9","011000"
"01023099999","2023-02-26","69.055758","18.540356","76.8","BARDUFOSS, NO","  36.2","24","  29.8","24","9999.9"," 0","999.9"," 0","  6.2","24","  6.7","24"," 12.0"," 15.0","  39.2","*","  32.0","*","99.99"," ","999.9","011000"
"01023099999","2023-02-27","69.055758","18.540356","76.8","BARDUFOSS, NO","  35.3","24","  28.9","24","9999.9"," 0","999.9"," 0","  4.7","24"," 19.3","24"," 36.9"," 51.1","  44.6","*","  24.8","*","99.99"," ","999.9","011000"
"01023099999","2023-02-28","69.055758","18.540356","76.8","BARDUFOSS, NO","  28.7","24","  26.6","24","9999.9"," 0","999.9"," 0","  3.4","24"," 11.8","24"," 25.1"," 28.9","  39.2","*","  24.8","*","99.99"," ","999.9","011000"
"01023099999","2023-03-01","69.055758","18.540356","76.8","BARDUFOSS, NO","  36.9","24","  33.0","24","9999.9"," 0","999.9"," 0","  5.7","24","  7.8","24"," 24.1"," 36.9","  42.3"," ","  32.0","*","99.99"," ","999.9","011000"
"01023099999","2023-03-02","69.055758","18.540356","76.8","BARDUFOSS, NO","  33.9","22","  30.9","22","9999.9"," 0","999.9"," 0","  3.5","22","  6.9","22"," 18.1"," 24.1","  35.6","*","  32.0","*","99.99"," ","999.9","011000"
"01023099999","2023-03-03","69.055758","18.540356","76.8","BARDUFOSS, NO","  25.3","18","  22.4","18","9999.9"," 0","999.9"," 0","  4.7","18","  6.3","18"," 14.0","999.9","  32.0","*","   8.6","*","99.99"," ","999.9","001000"
"01023099999","2023-03-04","69.055758","18.540356","76.8","BARDUFOSS, NO","  14.5","24","  10.1","24","9999.9"," 0","999.9"," 0","  5.6","24","  1.3","24","  5.1","999.9","  26.6","*","   6.8","*","99.99"," ","999.9","001000"
"01023099999","2023-03-05","69.055758","18.540356","76.8","BARDUFOSS, NO","  17.9","24","  13.2","24","9999.9"," 0","999.9"," 0","  5.1","24","  3.2","24","  7.0","999.9","  24.8","*","   1.4","*","99.99"," ","999.9","001000"
"01023099999","2023-03-06","69.055758","18.540356","76.8","BARDUFOSS, NO","  14.5","24","  11.5","24","9999.9"," 0","999.9"," 0","  4.1","24","  4.2","24"," 12.0"," 13.0","  21.2","*","  -2.2","*","99.99"," ","999.9","001000"
"01023099999","2023-03-07","69.055758","18.540356","76.8","BARDUFOSS, NO","  -1.5","24","  -6.4","24","9999.9"," 0","999.9"," 0","  6.2","24","  0.7","24","  2.9","999.9","  14.0","*"," -13.0","*"," 0.00","I","999.9","000000"
"01023099999","2023-03-08","69.055758","18.540356","76.8","BARDUFOSS, NO","   0.6","24","  -6.0","24","9999.9"," 0","999.9"," 0","  6.1","24","  1.9","24"," 11.1","999.9","  19.4","*"," -18.4","*","99.99"," ","999.9","001000"
"01023099999","2023-03-09","69.055758","18.540356","76.8","BARDUFOSS, NO","  22.9","24","  18.3","24","9999.9"," 0","999.9"," 0","  4.2","24","  9.5","24"," 24.1","999.9","  26.6","*","  17.6","*","99.99"," ","999.9","001000"
"01023099999","2023-03-10","69.055758","18.540356","76.8","BARDUFOSS, NO","  18.7","24","  11.8","24","9999.9"," 0","999.9"," 0","  5.7","24","  4.3","24","  8.0","999.9","  26.6","*","   5.0","*","99.99"," ","999.9","001000"
"01023099999","2023-03-11","69.055758","18.540356","76.8","BARDUFOSS, NO","  20.7","24","  11.3","24","9999.9"," 0","999.9"," 0","  6.1","24","  7.3","24"," 15.0"," 25.1","  28.4","*","   6.8","*","99.99"," ","999.9","001000"
"01023099999","2023-03-12","69.055758","18.540356","76.8","BARDUFOSS, NO","  23.6","24","  16.6","24","9999.9"," 0","999.9"," 0","  5.5","24","  4.8","24","  9.9","999.9","  30.2","*","   5.0","*","99.99"," ","999.9","001000"
"01023099999","2023-03-13","69.055758","18.540356","76.8","BARDUFOSS, NO","   8.5","24","   1.5","24","9999.9"," 0","999.9"," 0","  6.2","24","  1.4","24","  5.1","999.9","  26.6","*","  -2.2","*"," 0.00","I","999.9","000000"
"01023099999","2023-03-14","69.055758","18.540356","76.8","BARDUFOSS, NO","  18.4","24","  11.5","24","9999.9"," 0","999.9"," 0","  6.2","24","  2.7","24","  7.0","999.9","  26.6","*","   3.2","*","99.99"," ","999.9","001000"
"01023099999","2023-03-15","69.055758","18.540356","76.8","BARDUFOSS, NO","  19.0","24","  14.4","24","9999.9"," 0","999.9"," 0","  6.2","24","  3.2","24","  9.9","999.9","  28.4","*","   6.8","*","99.99"," ","999.9","001000"
"01023099999","2023-03-16","69.055758","18.540356","76.8","BARDUFOSS, NO","  19.1","24","  15.3","24","9999.9"," 0","999.9"," 0","  5.6","24","  4.8","24"," 11.1","999.9","  28.4","*","  -2.2","*","99.99"," ","999.9","001000"
"01023099999","2023-03-17","69.055758","18.540356","76.8","BARDUFOSS, NO","  12.2","24","   1.6","24","9999.9"," 0","999.9"," 0","  6.2","24","  4.4","24"," 20.0","999.9","  27.0"," ","  -7.6","*"," 0.00","I","999.9","000000"
"01023099999","2023-03-18","69.055758","18.540356","76.8","BARDUFOSS, NO","  25.1","24","  15.7","24","9999.9"," 0","999.9"," 0","  6.2","24","  9.5","24"," 20.0"," 28.9","  28.4","*","  23.0","*","99.99"," ","999.9","001000"
"01023099999","2023-03-19","69.055758","18.540356","76.8","BARDUFOSS, NO","  26.5","24","  17.6","24","9999.9"," 0","999.9"," 0","  6.0","24","  4.0","24"," 13.0","999.9","  33.8","*","  15.8","*","99.99"," ","999.9","001000"
"01023099999","2023-03-20","69.055758","18.540356","76.8","BARDUFOSS, NO","  28.8","24","  21.2","24","9999.9"," 0","999.9"," 0","  5.3","24","  3.0","24","  8.0","999.9","  37.4","*","  24.8","*","99.99"," "," 18.1","001000"
"01023099999","2023-03-21","69.055758","18.540356","76.8","BARDUFOSS, NO","  25.5","24","  19.9","24","9999.9"," 0","999.9"," 0","  5.7","24","  5.5","24"," 13.0"," 17.3","  30.2","*","  21.2","*","99.99"," ","999.9","011000"
"01023099999","2023-03-22","69.055758","18.540356","76.8","BARDUFOSS, NO","  18.0","24","  13.0","24","9999.9"," 0","999.9"," 0","  5.0","24","  2.8","24","  8.0","999.9","  30.2","*","  -9.4","*","99.99"," ","999.9","001000"
"01023099999","2023-03-23","69.055758","18.540356","76.8","BARDUFOSS, NO","   2.5","24","  -7.8","24","9999.9"," 0","999.9"," 0","  6.2","24","  1.9","24","  8.0","999.9","  23.0","*"," -16.6","*"," 0.00","I","999.9","000000"
"01023099999","2023-03-24","69.055758","18.540356","76.8","BARDUFOSS, NO","   5.9","24","  -1.6","24","9999.9"," 0","999.9"," 0","  6.0","24","  1.1","24","  5.1","999.9","  24.8","*"," -16.6","*","99.99"," ","999.9","001000"
"01023099999","2023-03-25","69.055758","18.540356","76.8","BARDUFOSS, NO","  11.8","24","   2.2","24","9999.9"," 0","999.9"," 0","  6.2","24","  2.4","24","  7.0","999.9","  26.6","*","  -7.6","*"," 0.00","I","999.9","100000"
"01023099999","2023-03-26","69.055758","18.540356","76.8","BARDUFOSS, NO","   8.1","24","  -3.3","24","9999.9"," 0","999.9"," 0","  6.2","24","  1.5","24","  4.1","999.9","  28.4","*"," -11.2","*"," 0.00","I","999.9","000000"
"01023099999","2023-03-27","69.055758","18.540356","76.8","BARDUFOSS, NO","   3.8","24","  -8.9","24","9999.9"," 0","999.9"," 0","  6.2","24","  1.3","24","  2.9","999.9","  28.4","*"," -18.4","*"," 0.00","I","999.9","000000"
"01023099999","2023-03-28","69.055758","18.540356","76.8","BARDUFOSS, NO","   5.7","24","  -6.3","24","9999.9"," 0","999.9"," 0","  6.2","24","  1.1","24","  4.1","999.9","  28.4","*"," -16.6","*"," 0.00","I","999.9","000000"
"01023099999","2023-03-29","69.055758","18.540356","76.8","BARDUFOSS, NO","  11.3","24","   1.9","24","9999.9"," 0","999.9"," 0","  6.2","24","  1.5","24","  5.1","999.9","  26.6","*"," -11.2","*","99.99"," ","999.9","001000"
"01023099999","2023-03-30","69.055758","18.540356","76.8","BARDUFOSS, NO","  28.0","24","  23.9","24","9999.9"," 0","999.9"," 0","  3.1","24"," 10.6","24"," 24.1"," 35.0","  32.0","*","  21.2","*","99.99"," ","999.9","001000"
"01023099999","2023-03-31","69.055758","18.540356","76.8","BARDUFOSS, NO","  30.4","24","  24.0","24","9999.9"," 0","999.9"," 0","  4.7","24"," 14.5","24"," 24.1"," 33.0","  33.8","*","  23.0","*","99.99"," ","999.9","001000"
"01023099999","2023-04-01","69.055758","18.540356","76.8","BARDUFOSS, NO","  26.6","24","  19.5","24","9999.9"," 0","999.9"," 0","  5.3","24","  6.2","24"," 15.0","999.9","  33.8","*","   8.6","*","99.99"," ","999.9","001000"
"01023099999","2023-04-02","69.055758","18.540356","76.8","BARDUFOSS, NO","  21.6","24","   9.1","24","9999.9"," 0","999.9"," 0","  6.2","24","  2.3","24","  6.0","999.9","  35.6","*","   6.8","*"," 0.00","I","999.9","000000"
"01023099999","2023-04-03","69.055758","18.540356","76.8","BARDUFOSS, NO","  29.1","24","  18.9","24","9999.9"," 0","999.9"," 0","  6.0","24","  5.8","24"," 12.0"," 14.2","  42.8","*","  10.4","*","99.99"," ","999.9","010000"
"01023099999","2023-04-04","69.055758","18.540356","76.8","BARDUFOSS, NO","  37.1","24","  29.7","24","9999.9"," 0","999.9"," 0","  6.2","24","  3.4","24","  9.9","999.9","  41.0","*","  33.8","*","99.99"," ","999.9","010000"
"01023099999","2023-04-05","69.055758","18.540356","76.8","BARDUFOSS, NO","  37.8","24","  27.7","24","9999.9"," 0","999.9"," 0","  6.2","24","  2.1","24","  8.0","999.9","  46.4","*","  26.6","*"," 0.00","I","999.9","000000"
"01023099999","2023-04-06","69.055758","18.540356","76.8","BARDUFOSS, NO","  36.7","24","  22.9","24","9999.9"," 0","999.9"," 0","  6.2","24","  3.0","24","  8.9","999.9","  50.0","*","  23.0","*"," 0.00","I","999.9","000000"
"01023099999","2023-04-07","69.055758","18.540356","76.8","BARDUFOSS, NO","  32.3","24","  26.2","24","9999.9"," 0","999.9"," 0","  6.1","24","  2.6","24"," 12.0","999.9","  42.8","*","  19.4","*","99.99"," ","999.9","010000"
"01023099999","2023-04-08","69.055758","18.540356","76.8","BARDUFOSS, NO","  38.1","24","  33.3","24","9999.9"," 0","999.9"," 0","  6.2","24","  4.5","24","  8.9","999.9","  42.8","*","  33.8","*","99.99"," ","999.9","010000"
"01023099999","2023-04-09","69.055758","18.540356","76.8","BARDUFOSS, NO","  37.2","24","  32.1","24","9999.9"," 0","999.9"," 0","  6.2","24","  3.1","24","  8.9","999.9","  46.4","*","  23.0","*"," 0.00","I","999.9","000000"
"01023099999","2023-04-10","69.055758","18.540356","76.8","BARDUFOSS, NO","  34.6","24","  23.8","24","9999.9"," 0","999.9"," 0","  6.2","24","  1.7","24","  6.0","999.9","  48.2","*","  19.4","*"," 0.00","I","999.9","000000"
"01023099999","2023-04-11","69.055758","18.540356","76.8","BARDUFOSS, NO","  33.7","24","  22.0","24","9999.9"," 0","999.9"," 0","  6.2","24","  3.1","24","  9.9","999.9","  48.2","*","  17.6","*"," 0.00","I","999.9","000000"
"01023099999","2023-04-12","69.055758","18.540356","76.8","BARDUFOSS, NO","  36.1","24","  25.4","24","9999.9"," 0","999.9"," 0","  6.2","24","  5.3","24"," 13.0"," 15.2","  45.3"," ","  19.4","*"," 0.00","I","999.9","000000"
"01023099999","2023-04-13","69.055758","18.540356","76.8","BARDUFOSS, NO","  38.1","24","  26.1","24","9999.9"," 0","999.9"," 0","  6.2","24","  4.8","24","  9.9","999.9","  48.2","*","  24.8","*"," 0.00","I","999.9","000000"
"01023099999","2023-04-14","69.055758","18.540356","76.8","BARDUFOSS, NO","  36.4","24","  17.6","24","9999.9"," 0","999.9"," 0","  6.2","24","  4.3","24"," 11.1","999.9","  48.2","*","  21.2","*"," 0.00","I","999.9","000000"
"01023099999","2023-04-15","69.055758","18.540356","76.8","BARDUFOSS, NO","  36.9","24","  20.5","24","9999.9"," 0","999.9"," 0","  6.2","24","  2.9","24","  7.0","999.9","  48.2","*","  21.2","*"," 0.00","I","999.9","000000"
"01023099999","2023-04-16","69.055758","18.540356","76.8","BARDUFOSS, NO","  38.2","24","  28.9","24","9999.9"," 0","999.9"," 0","  6.2","24","  2.8","24","  8.9","999.9","  44.6","*","  30.2","*","99.99"," ","999.9","010000"
"01023099999","2023-04-17","69.055758","18.540356","76.8","BARDUFOSS, NO","  38.7","24","  34.6","24","9999.9"," 0","999.9"," 0","  6.2","24","  3.9","24"," 13.0","999.9","  44.6","*","  35.6","*","99.99"," ","999.9","010000"
"01023099999","2023-04-18","69.055758","18.540356","76.8","BARDUFOSS, NO","  42.7","24","  34.0","24","9999.9"," 0","999.9"," 0","  6.2","24","  5.3","24"," 11.1"," 17.1","  48.2","*","  33.8","*","99.99"," ","999.9","110000"
"01023099999","2023-04-19","69.055758","18.540356","76.8","BARDUFOSS, NO","  44.2","24","  39.7","24","9999.9"," 0","999.9"," 0","  6.2","24","  6.2","24"," 15.0"," 25.1","  50.0","*","  37.4","*","99.99"," ","999.9","010000"
"01023099999","2023-04-20","69.055758","18.540356","76.8","BARDUFOSS, NO","  42.6","24","  38.1","24","9999.9"," 0","999.9"," 0","  6.2","24","  6.0","24"," 11.1"," 14.6","  44.6","*","  39.2","*","99.99"," ","999.9","010000"
"01023099999","2023-04-21","69.055758","18.540356","76.8","BARDUFOSS, NO","  37.4","24","  34.8","24","9999.9"," 0","999.9"," 0","  5.3","24","  3.5","24"," 11.1","999.9","  42.8","*","  28.4","*","99.99"," ","999.9","011000"
"01023099999","2023-04-22","69.055758","18.540356","76.8","BARDUFOSS, NO","  26.8","24","  22.6","24","9999.9"," 0","999.9"," 0","  4.7","24","  6.6","24"," 13.0","999.9","  30.2","*","  15.8","*","99.99"," ","999.9","001000"
"01023099999","2023-04-23","69.055758","18.540356","76.8","BARDUFOSS, NO","  26.7","24","  15.9","24","9999.9"," 0","999.9"," 0","  5.8","24","  4.8","24","  9.9"," 13.6","  33.8","*","  14.0","*","99.99"," ","999.9","001000"
"01023099999","2023-04-24","69.055758","18.540356","76.8","BARDUFOSS, NO","  27.1","24","  13.2","24","9999.9"," 0","999.9"," 0","  6.2","24","  2.1","24","  7.0","999.9","  41.0","*","  12.2","*"," 0.00","I","999.9","000000"
"01023099999","2023-04-25","69.055758","18.540356","76.8","BARDUFOSS, NO","  30.8","24","  12.5","24","9999.9"," 0","999.9"," 0","  6.2","24","  3.9","24","  9.9","999.9","  41.0","*","  12.2","*"," 0.00","I","999.9","000000"
"01023099999","2023-04-26","69.055758","18.540356","76.8","BARDUFOSS, NO","  35.3","24","  23.9","24","9999.9"," 0","999.9"," 0","  6.0","24"," 10.0","24"," 19.0"," 29.9","  41.0","*","  28.4","*","99.99"," ","999.9","001000"
"01023099999","2023-04-27","69.055758","18.540356","76.8","BARDUFOSS, NO","  46.0","24","  32.4","24","9999.9"," 0","999.9"," 0","  6.2","24","  6.2","24"," 14.0"," 19.0","  51.8","*","  35.6","*"," 0.00","I","999.9","000000"
"01023099999","2023-04-28","69.055758","18.540356","76.8","BARDUFOSS, NO","  41.6","24","  33.2","24","9999.9"," 0","999.9"," 0","  6.2","24","  5.7","24"," 13.0"," 13.2","  48.2","*","  35.6","*","99.99"," ","999.9","110000"
"01023099999","2023-04-29","69.055758","18.540356","76.8","BARDUFOSS, NO","  34.8","24","  30.1","24","9999.9"," 0","999.9"," 0","  6.1","24","  5.6","24"," 12.0","999.9","  39.2","*","  30.2","*","99.99"," ","999.9","111000"
"01023099999","2023-04-30","69.055758","18.540356","76.8","BARDUFOSS, NO","  35.9","24","  26.3","24","9999.9"," 0","999.9"," 0","  5.6","24","  5.1","24"," 11.1"," 20.0","  44.6","*","  24.8","*","99.99"," ","999.9","111000"
"01023099999","2023-05-01","69.055758","18.540356","76.8","BARDUFOSS, NO","  36.7","24","  25.5","24","9999.9"," 0","999.9"," 0","  6.2","24","  4.5","24"," 12.0","999.9","  46.4","*","  24.8","*"," 0.00","I","999.9","000000"
"01023099999","2023-05-02","69.055758","18.540356","76.8","BARDUFOSS, NO","  30.8","24","  24.5","24","9999.9"," 0","999.9"," 0","  5.8","24","  6.1","24"," 13.0","999.9","  35.6","*","  21.2","*","99.99"," ","999.9","011000"
"01023099999","2023-05-03","69.055758","18.540356","76.8","BARDUFOSS, NO","  29.1","24","  21.0","24","9999.9"," 0","999.9"," 0","  6.2","24","  5.2","24"," 11.1","999.9","  35.6","*","  19.4","*","99.99"," ","999.9","001000"
"01023099999","2023-05-04","69.055758","18.540356","76.8","BARDUFOSS, NO","  31.6","24","  25.9","24","9999.9"," 0","999.9"," 0","  5.9","24","  5.7","24"," 12.0"," 21.0","  35.6","*","  24.8","*","99.99"," ","999.9","011000"
"01023099999","2023-05-05","69.055758","18.540356","76.8","BARDUFOSS, NO","  36.4","24","  28.5","24","9999.9"," 0","999.9"," 0","  6.1","24","  5.1","24","  9.9","999.9","  41.0","*","  28.4","*","99.99"," ","999.9","011000"
"01023099999","2023-05-06","69.055758","18.540356","76.8","BARDUFOSS, NO","  37.2","24","  22.1","24","9999.9"," 0","999.9"," 0","  6.2","24","  3.4","24","  8.0","999.9","  44.6","*","  24.8"," "," 0.00","I","999.9","000000"
"01023099999","2023-05-07","69.055758","18.540356","76.8","BARDUFOSS, NO","  40.6","24","  27.2","24","9999.9"," 0","999.9"," 0","  6.7","24","  5.4","24","  9.9"," 18.1","  48.2","*","  31.6"," ","99.99"," ","999.9","010000"
"01023099999","2023-05-08","69.055758","18.540356","76.8","BARDUFOSS, NO","  42.0","24","  37.1","24","9999.9"," 0","999.9"," 0","  6.2","24","  4.7","24","  9.9"," 20.0","  46.4","*","  37.4","*","99.99"," ","999.9","010000"
"01023099999","2023-05-09","69.055758","18.540356","76.8","BARDUFOSS, NO","  48.4","24","  35.6","24","9999.9"," 0","999.9"," 0","  6.2","24","  3.5","24","  7.0"," 17.1","  57.2","*","  39.2","*","99.99"," ","999.9","010000"
"01023099999","2023-05-10","69.055758","18.540356","76.8","BARDUFOSS, NO","  46.0","24","  41.0","24","9999.9"," 0","999.9"," 0","  6.2","24","  2.1","24","  6.0","999.9","  51.8","*","  38.8"," ","99.99"," ","999.9","010000"
"01023099999","2023-05-11","69.055758","18.540356","76.8","BARDUFOSS, NO","  46.5","24","  41.8","24","9999.9"," 0","999.9"," 0","  6.2","24","  2.7","24","  7.0","999.9","  51.8","*","  42.8","*","99.99"," ","999.9","010000"
"01023099999","2023-05-12","69.055758","18.540356","76.8","BARDUFOSS, NO","  46.1","24","  39.9","24","9999.9"," 0","999.9"," 0","  6.2","24","  5.6","24","  8.9","999.9","  50.0","*","  42.8","*","99.99"," ","999.9","010000"
"01023099999","2023-05-13","69.055758","18.540356","76.8","BARDUFOSS, NO","  49.2","24","  36.6","24","9999.9"," 0","999.9"," 0","  6.2","24","  7.0","24"," 14.0"," 25.1","  53.6","*","  44.6","*","99.99"," ","999.9","010000"
"01023099999","2023-05-14","69.055758","18.540356","76.8","BARDUFOSS, NO","  48.8","24","  38.7","24","9999.9"," 0","999.9"," 0","  6.2","24","  4.2","24","  8.9"," 15.0","  55.4","*","  33.8","*","99.99"," ","999.9","010000"
"01023099999","2023-05-15","69.055758","18.540356","76.8","BARDUFOSS, NO","  53.9","24","  35.3","24","9999.9"," 0","999.9"," 0","  6.2","24","  4.5","24","  9.9"," 21.0","  68.0","*","  32.0","*","99.99"," ","999.9","010000"
"01023099999","2023-05-16","69.055758","18.540356","76.8","BARDUFOSS, NO","  48.4","24","  39.4","24","9999.9"," 0","999.9"," 0","  6.2","24","  4.7","24","  8.9","999.9","  53.6","*","  41.0","*","99.99"," ","999.9","010000"
"01023099999","2023-05-17","69.055758","18.540356","76.8","BARDUFOSS, NO","  42.0","24","  37.5","24","9999.9"," 0","999.9"," 0","  6.2","24","  8.4","24"," 13.0","999.9","  44.6","*","  37.4","*","99.99"," ","999.9","010000"
"01023099999","2023-05-18","69.055758","18.540356","76.8","BARDUFOSS, NO","  41.5","23","  29.1","23","9999.9"," 0","999.9"," 0","  6.2","23","  8.0","23"," 12.0","999.9","  46.4","*","  35.6","*"," 0.00","I","999.9","000000"
"01023099999","2023-05-19","69.055758","18.540356","76.8","BARDUFOSS, NO","  50.1","24","  38.3","24","9999.9"," 0","999.9"," 0","  6.2","24","  6.2","24"," 13.0"," 22.9","  53.6","*","  42.8","*","99.99"," ","999.9","010000"
"01023099999","2023-05-20","69.055758","18.540356","76.8","BARDUFOSS, NO","  51.5","24","  38.0","24","9999.9"," 0","999.9"," 0","  6.2","24","  8.4","24"," 17.1"," 29.9","  53.6","*","  48.2","*","99.99"," ","  4.3","010000"
"01023099999","2023-05-21","69.055758","18.540356","76.8","BARDUFOSS, NO","  53.1","24","  41.4","24","9999.9"," 0","999.9"," 0","  6.2","24","  5.8","24"," 13.0"," 19.0","  59.0","*","  42.8","*","99.99"," ","999.9","010000"
"01023099999","2023-05-22","69.055758","18.540356","76.8","BARDUFOSS, NO","  53.8","24","  36.7","24","9999.9"," 0","999.9"," 0","  6.2","24","  2.9","24","  8.9","999.9","  64.4","*","  37.4","*"," 0.00","I","999.9","000000"
"01023099999","2023-05-23","69.055758","18.540356","76.8","BARDUFOSS, NO","  49.1","24","  41.6","24","9999.9"," 0","999.9"," 0","  6.2","24","  4.1","24"," 13.0","999.9","  60.8","*","  41.0","*","99.99"," ","999.9","110000"
"01023099999","2023-05-24","69.055758","18.540356","76.8","BARDUFOSS, NO","  45.8","24","  37.8","24","9999.9"," 0","999.9"," 0","  6.0","24","  5.0","24"," 15.0"," 28.0","  57.2","*","  41.0","*","99.99"," ","999.9","110000"
"01023099999","2023-05-25","69.055758","18.540356","76.8","BARDUFOSS, NO","  41.0","24","  32.4","24","9999.9"," 0","999.9"," 0","  6.2","24","  9.1","24"," 18.1"," 29.9","  46.4","*","  35.6","*"," 0.01","G","999.9","011000"
"01023099999","2023-05-26","69.055758","18.540356","76.8","BARDUFOSS, NO","  36.2","24","  32.8","24","9999.9"," 0","999.9"," 0","  6.1","24","  7.7","24"," 14.0"," 21.0","  41.0","*","  32.0","*"," 0.00","G","999.9","011000"
"01023099999","2023-05-27","69.055758","18.540356","76.8","BARDUFOSS, NO","  39.7","24","  30.4","24","9999.9"," 0","999.9"," 0","  5.8","24","  4.6","24"," 11.1","999.9","  44.6","*","  32.0","*","99.99"," ","999.9","011000"
"01023099999","2023-05-28","69.055758","18.540356","76.8","BARDUFOSS, NO","  45.0","24","  38.4","24","9999.9"," 0","999.9"," 0","  6.2","24","  5.2","24"," 12.0"," 27.0","  55.4","*","  39.2","*","99.99"," ","999.9","110000"
"01023099999","2023-05-29","69.055758","18.540356","76.8","BARDUFOSS, NO","  42.9","24","  33.7","24","9999.9"," 0","999.9"," 0","  6.2","24","  7.4","24"," 15.9"," 19.0","  48.2","*","  39.2","*"," 0.03","G","999.9","010000"
"01023099999","2023-05-30","69.055758","18.540356","76.8","BARDUFOSS, NO","  42.8","24","  36.1","24","9999.9"," 0","999.9"," 0","  6.2","24","  6.0","24","  9.9"," 20.0","  46.4","*","  39.2","*"," 0.00","G","999.9","010000"
"01023099999","2023-05-31","69.055758","18.540356","76.8","BARDUFOSS, NO","  39.0","24","  34.3","24","9999.9"," 0","999.9"," 0","  5.9","24","  8.8","24"," 24.1"," 34.0","  44.6","*","  30.2","*","99.99"," ","999.9","011000"
"01023099999","2023-06-01","69.055758","18.540356","76.8","BARDUFOSS, NO","  38.1","23","  31.8","23","9999.9"," 0","999.9"," 0","  5.9","23","  7.3","23"," 14.0","999.9","  42.8","*","  32.0","*","99.99"," ","999.9","011000"
"01023099999","2023-06-02","69.055758","18.540356","76.8","BARDUFOSS, NO","  44.2","24","  32.9","24","9999.9"," 0","999.9"," 0","  6.2","24","  4.9","24"," 12.0","999.9","  50.0","*","  39.2","*","99.99"," ","999.9","010000"
"01023099999","2023-06-03","69.055758","18.540356","76.8","BARDUFOSS, NO","  45.0","24","  35.7","24","9999.9"," 0","999.9"," 0","  6.2","24","  4.6","24","  9.9","999.9","  48.2","*","  41.0","*","99.99"," ","999.9","010000"
"01023099999","2023-06-04","69.055758","18.540356","76.8","BARDUFOSS, NO","  44.3","24","  37.1","24","9999.9"," 0","999.9"," 0","  6.2","24","  6.5","24"," 15.9"," 26.0","  48.2","*","  41.0","*","99.99"," ","999.9","010000"
"01023099999","2023-06-05","69.055758","18.540356","76.8","BARDUFOSS, NO","  40.7","24","  36.2","24","9999.9"," 0","999.9"," 0","  6.2","24","  7.7","24"," 15.0"," 25.1","  43.5"," ","  37.4","*","99.99"," ","999.9","010000"
"01023099999","2023-06-06","69.055758","18.540356","76.8","BARDUFOSS, NO","  41.7","24","  36.6","24","9999.9"," 0","999.9"," 0","  6.1","24","  5.0","24"," 11.1","999.9","  46.4","*","  37.4","*","99.99"," ","999.9","010000"
"01023099999","2023-06-07","69.055758","18.540356","76.8","BARDUFOSS, NO","  42.1","24","  36.7","24","9999.9"," 0","999.9"," 0","  6.2","24","  3.8","24","  7.0","999.9","  48.2","*","  37.4","*","99.99"," ","999.9","010000"
"01023099999","2023-06-08","69.055758","18.540356","76.8","BARDUFOSS, NO","  41.4","24","  33.6","24","9999.9"," 0","999.9"," 0","  6.2","24","  8.3","24"," 14.0","999.9","  46.4","*","  39.2","*","99.99"," ","999.9","010000"
"01023099999","2023-06-09","69.055758","18.540356","76.8","BARDUFOSS, NO","  46.0","24","  31.6","24","9999.9"," 0","999.9"," 0","  6.2","24","  3.7","24","  8.0","999.9","  53.6","*","  35.6","*"," 0.00","I","999.9","000000"
"01023099999","2023-06-10","69.055758","18.540356","76.8","BARDUFOSS, NO","  55.4","24","  32.1","24","9999.9"," 0","999.9"," 0","  6.2","24","  4.6","24"," 12.0"," 19.0","  66.2","*","  35.6","*"," 0.00","I","999.9","000000"
"01023099999","2023-06-11","69.055758","18.540356","76.8","BARDUFOSS, NO","  56.0","24","  40.2","24","9999.9"," 0","999.9"," 0","  6.2","24","  6.5","24"," 15.0"," 28.9","  68.0","*","  41.0","*","99.99"," ","999.9","010000"
"01023099999","2023-06-12","69.055758","18.540356","76.8","BARDUFOSS, NO","  54.9","24","  38.6","24","9999.9"," 0","999.9"," 0","  6.2","24","  8.9","24"," 15.0"," 27.0","  60.8","*","  42.8","*","99.99"," ","999.9","010000"
"01023099999","2023-06-13","69.055758","18.540356","76.8","BARDUFOSS, NO","  49.5","24","  37.7","24","9999.9"," 0","999.9"," 0","  6.2","24","  8.4","24"," 15.9","999.9","  53.6","*","  44.6","*","99.99"," ","999.9","010000"
"01023099999","2023-06-14","69.055758","18.540356","76.8","BARDUFOSS, NO","  52.5","24","  39.0","24","9999.9"," 0","999.9"," 0","  6.2","24","  7.5","24"," 13.0","999.9","  60.8","*","  42.8","*"," 0.00","I","999.9","000000"
"01023099999","2023-06-15","69.055758","18.540356","76.8","BARDUFOSS, NO","  49.1","24","  42.0","24","9999.9"," 0","999.9"," 0","  6.2","24","  5.4","24"," 12.0","999.9","  51.8","*","  44.6","*"," 0.00","I","999.9","000000"
"01023099999","2023-06-16","69.055758","18.540356","76.8","BARDUFOSS, NO","  53.9","24","  42.3","24","9999.9"," 0","999.9"," 0","  6.2","24","  3.7","24","  8.9","999.9","  62.6","*","  44.6","*"," 0.00","I","999.9","000000"
"01023099999","2023-06-17","69.055758","18.540356","76.8","BARDUFOSS, NO","  59.0","24","  45.0","24","9999.9"," 0","999.9"," 0","  6.2","24","  4.2","24","  8.0","999.9","  68.0","*","  42.8","*"," 0.00","I","999.9","000000"
"01023099999","2023-06-18","69.055758","18.540356","76.8","BARDUFOSS, NO","  67.8","24","  48.0","24","9999.9"," 0","999.9"," 0","  6.2","24","  2.7","24","  7.0","999.9","  80.6","*","  46.4","*"," 0.00","I","999.9","000000"
"01023099999","2023-06-19","69.055758","18.540356","76.8","BARDUFOSS, NO","  71.9","24","  50.5","24","9999.9"," 0","999.9"," 0","  6.2","24","  3.9","24","  8.0","999.9","  84.2","*","  53.6","*"," 0.00","I","999.9","000000"
"01023099999","2023-06-20","69.055758","18.540356","76.8","BARDUFOSS, NO","  66.0","24","  54.6","24","9999.9"," 0","999.9"," 0","  6.2","24","  3.5","24","  8.9","999.9","  80.6","*","  59.0","*","99.99"," ","999.9","010000"
"01023099999","2023-06-21","69.055758","18.540356","76.8","BARDUFOSS, NO","  63.0","24","  56.7","24","9999.9"," 0","999.9"," 0","  6.2","24","  3.5","24","  8.0","999.9","  71.6","*","  55.4","*","99.99"," ","999.9","010000"
"01023099999","2023-06-22","69.055758","18.540356","76.8","BARDUFOSS, NO","  71.2","24","  53.6","24","9999.9"," 0","999.9"," 0","  6.2","24","  6.1","24"," 14.0"," 15.3","  82.4","*","  53.6","*"," 0.00","I","999.9","000000"
"01023099999","2023-06-23","69.055758","18.540356","76.8","BARDUFOSS, NO","  59.7","24","  53.6","24","9999.9"," 0","999.9"," 0","  6.2","24","  8.5","24"," 15.0","999.9","  64.4","*","  55.4","*"," 0.00","I","999.9","000000"
"01023099999","2023-06-24","69.055758","18.540356","76.8","BARDUFOSS, NO","  54.1","24","  50.9","24","9999.9"," 0","999.9"," 0","  5.9","24","  4.6","24","  8.9","999.9","  57.2","*","  50.0","*","99.99"," ","999.9","010000"
"01023099999","2023-06-25","69.055758","18.540356","76.8","BARDUFOSS, NO","  53.0","24","  49.2","24","9999.9"," 0","999.9"," 0","  6.2","24","  2.8","24","  7.0","999.9","  55.4","*","  50.0","*","99.99"," ","999.9","010000"
"01023099999","2023-06-26","69.055758","18.540356","76.8","BARDUFOSS, NO","  62.2","24","  49.7","24","9999.9"," 0","999.9"," 0","  6.2","24","  4.8","24"," 11.1","999.9","  71.6","*","  51.8","*"," 0.00","I","999.9","000000"
"01023099999","2023-06-27","69.055758","18.540356","76.8","BARDUFOSS, NO","  68.8","24","  51.3","24","9999.9"," 0","999.9"," 0","  6.2","24","  3.3","24","  8.9","999.9","  78.8","*","  51.8","*"," 0.00","I","999.9","000000"
"01023099999","2023-06-28","69.055758","18.540356","76.8","BARDUFOSS, NO","  61.9","24","  53.6","24","9999.9"," 0","999.9"," 0","  6.2","24","  5.5","24"," 12.0","999.9","  68.0","*","  50.0","*"," 0.00","I","999.9","000000"
"01023099999","2023-06-29","69.055758","18.540356","76.8","BARDUFOSS, NO","  63.3","24","  52.6","24","9999.9"," 0","999.9"," 0","  6.2","24","  4.5","24","  8.0","999.9","  75.2","*","  48.2","*"," 0.00","I","999.9","000000"
"01023099999","2023-06-30","69.055758","18.540356","76.8","BARDUFOSS, NO","  68.8","24","  48.8","24","9999.9"," 0","999.9"," 0","  6.2","24","  7.0","24"," 14.0","999.9","  78.8","*","  53.6","*"," 0.00","I","999.9","000000"
"01023099999","2023-07-01","69.055758","18.540356","76.8","BARDUFOSS, NO","  65.5","24","  42.7","24","9999.9"," 0","999.9"," 0","  6.2","24","  7.6","24"," 14.0","999.9","  73.4","*","  51.8","*"," 0.00","I","999.9","000000"
"01023099999","2023-07-02","69.055758","18.540356","76.8","BARDUFOSS, NO","  50.5","24","  35.7","24","9999.9"," 0","999.9"," 0","  6.2","24","  7.7","24"," 13.0","999.9","  55.4","*","  44.6","*"," 0.00","I","999.9","000000"
"01023099999","2023-07-03","69.055758","18.540356","76.8","BARDUFOSS, NO","  54.4","24","  36.6","24","9999.9"," 0","999.9"," 0","  6.2","24","  6.3","24"," 14.0","999.9","  62.6","*","  42.8","*","99.99"," ","999.9","010000"
"01023099999","2023-07-04","69.055758","18.540356","76.8","BARDUFOSS, NO","  60.1","24","  43.7","24","9999.9"," 0","999.9"," 0","  6.2","24","  4.1","24","  8.9","999.9","  69.8","*","  42.8","*","99.99"," ","999.9","010000"
"01023099999","2023-07-05","69.055758","18.540356","76.8","BARDUFOSS, NO","  55.5","24","  48.1","24","9999.9"," 0","999.9"," 0","  6.2","24","  8.5","24"," 15.9","999.9","  62.6","*","  50.0","*","99.99"," ","999.9","010000"
"01023099999","2023-07-06","69.055758","18.540356","76.8","BARDUFOSS, NO","  57.1","24","  48.7","24","9999.9"," 0","999.9"," 0","  6.2","24","  4.4","24","  7.0","999.9","  64.4","*","  48.2","*"," 0.00","I","999.9","000000"
"01023099999","2023-07-07","69.055758","18.540356","76.8","BARDUFOSS, NO","  65.0","24","  51.1","24","9999.9"," 0","999.9"," 0","  6.2","24","  3.2","24","  8.0"," 10.1","  76.3"," ","  48.2","*"," 0.00","I","999.9","000000"
"01023099999","2023-07-08","69.055758","18.540356","76.8","BARDUFOSS, NO","  58.2","24","  51.4","24","9999.9"," 0","999.9"," 0","  6.2","24","  7.5","24"," 15.0","999.9","  62.6","*","  53.6","*","99.99"," ","999.9","010000"
"01023099999","2023-07-09","69.055758","18.540356","76.8","BARDUFOSS, NO","  58.2","24","  47.6","24","9999.9"," 0","999.9"," 0","  6.2","24","  4.8","24"," 11.1","999.9","  66.2","*","  44.6","*"," 0.00","I","999.9","000000"
"01023099999","2023-07-10","69.055758","18.540356","76.8","BARDUFOSS, NO","  61.4","24","  48.5","24","9999.9"," 0","999.9"," 0","  6.2","24","  3.5","24","  8.9","999.9","  75.2","*","  44.6","*"," 0.00","I","999.9","000000"
"01023099999","2023-07-11","69.055758","18.540356","76.8","BARDUFOSS, NO","  69.7","24","  53.5","24","9999.9"," 0","999.9"," 0","  6.2","24","  3.4","24"," 11.1","999.9","  84.2","*","  48.2","*","99.99"," ","999.9","010010"
"01023099999","2023-07-12","69.055758","18.540356","76.8","BARDUFOSS, NO","  70.5","24","  49.3","24","9999.9"," 0","999.9"," 0","  6.2","24","  3.2","24"," 12.0"," 19.0","  80.6","*","  53.6","*"," 0.00","I","999.9","000000"
"01023099999","2023-07-13","69.055758","18.540356","76.8","BARDUFOSS, NO","  67.4","24","  51.7","24","9999.9"," 0","999.9"," 0","  7.9","24","  3.8","24"," 14.0"," 25.1","  80.6","*","  53.6","*","99.99"," ","999.9","010000"
"01023099999","2023-07-14","69.055758","18.540356","76.8","BARDUFOSS, NO","  66.0","24","  52.2","24","9999.9"," 0","999.9"," 0","  6.2","24","  6.0","24","  9.9","999.9","  73.4","*","  59.0","*","99.99"," ","999.9","010000"
"01023099999","2023-07-15","69.055758","18.540356","76.8","BARDUFOSS, NO","  56.5","24","  51.4","24","9999.9"," 0","999.9"," 0","  6.2","24","  3.5","24","  6.0","999.9","  60.8","*","  46.4","*","99.99"," ","999.9","010000"
"01023099999","2023-07-16","69.055758","18.540356","76.8","BARDUFOSS, NO","  62.5","24","  48.7","24","9999.9"," 0","999.9"," 0","  6.2","24","  7.2","24"," 17.1"," 23.9","  75.2","*","  42.8","*","99.99"," ","999.9","010000"
"01023099999","2023-07-17","69.055758","18.540356","76.8","BARDUFOSS, NO","  63.9","24","  52.0","24","9999.9"," 0","999.9"," 0","  6.2","24","  5.0","24"," 13.0"," 18.1","  77.0","*","  55.4","*","99.99"," ","999.9","010000"
"01023099999","2023-07-18","69.055758","18.540356","76.8","BARDUFOSS, NO","  57.0","24","  51.0","24","9999.9"," 0","999.9"," 0","  6.2","24","  3.5","24","  9.9","999.9","  64.4","*","  51.8","*","99.99"," ","999.9","010000"
"01023099999","2023-07-19","69.055758","18.540356","76.8","BARDUFOSS, NO","  53.3","24","  50.4","24","9999.9"," 0","999.9"," 0","  6.2","24","  3.7","24","  8.0"," 11.5","  57.6"," ","  50.0","*","99.99"," ","999.9","110000"
"01023099999","2023-07-20","69.055758","18.540356","76.8","BARDUFOSS, NO","  57.7","24","  49.9","24","9999.9"," 0","999.9"," 0","  6.2","24","  4.6","24","  8.0"," 11.3","  66.2","*","  48.2","*","99.99"," ","999.9","010000"
"01023099999","2023-07-21","69.055758","18.540356","76.8","BARDUFOSS, NO","  57.9","24","  50.9","24","9999.9"," 0","999.9"," 0","  6.2","24","  2.6","24","  7.0","999.9","  66.2","*","  46.4","*","99.99"," ","999.9","110000"
"01023099999","2023-07-22","69.055758","18.540356","76.8","BARDUFOSS, NO","  57.6","24","  48.5","24","9999.9"," 0","999.9"," 0","  6.2","24","  3.9","24","  8.9"," 12.4","  66.2","*","  48.2","*","99.99"," ","999.9","110000"
"01023099999","2023-07-23","69.055758","18.540356","76.8","BARDUFOSS, NO","  59.7","24","  52.2","24","9999.9"," 0","999.9"," 0","  6.2","24","  2.0","24","  6.0","999.9","  66.2","*","  53.6","*"," 0.00","I","999.9","100000"
"01023099999","2023-07-24","69.055758","18.540356","76.8","BARDUFOSS, NO","  63.0","24","  52.2","24","9999.9"," 0","999.9"," 0","  6.2","24","  5.2","24"," 12.0","999.9","  71.6","*","  51.8","*"," 0.00","I","999.9","000000"
"01023099999","2023-07-25","69.055758","18.540356","76.8","BARDUFOSS, NO","  63.0","24","  52.5","24","9999.9"," 0","999.9"," 0","  6.2","24","  2.6","24","  7.0","999.9","  71.6"," ","  50.0","*"," 0.00","I","999.9","000000"
"01023099999","2023-07-26","69.055758","18.540356","76.8","BARDUFOSS, NO","  62.8","24","  51.9","24","9999.9"," 0","999.9"," 0","  6.2","24","  2.8","24","  8.0","999.9","  75.2","*","  48.2","*"," 0.00","I","999.9","100000"
"01023099999","2023-07-27","69.055758","18.540356","76.8","BARDUFOSS, NO","  58.1","24","  52.8","24","9999.9"," 0","999.9"," 0","  6.2","24","  5.9","24"," 12.0"," 49.3","  66.2","*","  50.0","*"," 0.00","I","999.9","100000"
"01023099999","2023-07-28","69.055758","18.540356","76.8","BARDUFOSS, NO","  57.8","24","  50.4","24","9999.9"," 0","999.9"," 0","  6.2","24","  4.0","24","  8.0","999.9","  66.2","*","  50.0","*"," 0.00","I","999.9","000000"
"01023099999","2023-07-29","69.055758","18.540356","76.8","BARDUFOSS, NO","  54.3","24","  49.0","24","9999.9"," 0","999.9"," 0","  6.2","24","  4.6","24","  7.0","999.9","  57.2","*","  51.3","*"," 0.00","I","999.9","000000"
"01023099999","2023-07-30","69.055758","18.540356","76.8","BARDUFOSS, NO","  60.1","24","  50.5","24","9999.9"," 0","999.9"," 0","  6.2","24","  4.6","24","  8.0","999.9","  68.0","*","  51.8","*","99.99"," ","999.9","010000"
"01023099999","2023-07-31","69.055758","18.540356","76.8","BARDUFOSS, NO","  65.9","24","  50.7","24","9999.9"," 0","999.9"," 0","  6.2","24","  4.5","24"," 12.0","999.9","  77.0","*","  46.4","*"," 0.00","I","999.9","000000"
"01023099999","2023-08-01","69.055758","18.540356","76.8","BARDUFOSS, NO","  63.6","24","  52.5","24","9999.9"," 0","999.9"," 0","  6.2","24","  4.9","24","  9.9","999.9","  69.8","*","  51.8","*","99.99"," ","999.9","010000"
"01023099999","2023-08-02","69.055758","18.540356","76.8","BARDUFOSS, NO","  64.9","24","  53.5","24","9999.9"," 0","999.9"," 0","  6.2","24","  6.0","24"," 15.9","999.9","  71.6","*","  50.0","*","99.99"," ","999.9","010000"
"01023099999","2023-08-03","69.055758","18.540356","76.8","BARDUFOSS, NO","  70.0","24","  53.3","24","9999.9"," 0","999.9"," 0","  6.2","24"," 10.9","24"," 20.0"," 31.1","  77.0","*","  60.8","*"," 0.00","I","999.9","000000"
"01023099999","2023-08-04","69.055758","18.540356","76.8","BARDUFOSS, NO","  62.2","24","  53.4","24","9999.9"," 0","999.9"," 0","  6.2","24","  4.4","24"," 13.0","999.9","  71.6","*","  53.6","*","99.99"," ","999.9","010000"
"01023099999","2023-08-05","69.055758","18.540356","76.8","BARDUFOSS, NO","  56.4","24","  44.2","24","9999.9"," 0","999.9"," 0","  6.2","24","  6.0","24","  9.9"," 13.0","  62.6","*","  41.0","*"," 0.00","I","999.9","000000"
"01023099999","2023-08-06","69.055758","18.540356","76.8","BARDUFOSS, NO","  55.6","24","  42.5","24","9999.9"," 0","999.9"," 0","  6.2","24","  2.7","24","  7.0","999.9","  68.0","*","  39.2","*"," 0.00","I","999.9","000000"
"01023099999","2023-08-07","69.055758","18.540356","76.8","BARDUFOSS, NO","  54.6","23","  50.5","23","9999.9"," 0","999.9"," 0","  6.2","23","  2.1","23","  8.0","999.9","  62.6","*","  46.4","*","99.99"," ","999.9","110000"
"01023099999","2023-08-08","69.055758","18.540356","76.8","BARDUFOSS, NO","  73.1","24","  61.9","24","9999.9"," 0","999.9"," 0","  6.2","24","  8.2","24"," 18.1"," 24.9","  84.2","*","  53.6","*","99.99"," ","999.9","110000"
"01023099999","2023-08-09","69.055758","18.540356","76.8","BARDUFOSS, NO","  71.8","24","  52.9","24","9999.9"," 0","999.9"," 0","  6.2","24","  9.8","24"," 18.1"," 32.1","  77.0","*","  53.6","*"," 0.00","I","999.9","000000"
"01023099999","2023-08-10","69.055758","18.540356","76.8","BARDUFOSS, NO","  59.1","24","  52.7","24","9999.9"," 0","999.9"," 0","  5.8","24","  2.4","24","  6.0"," 11.1","  73.4","*","  48.2","*","99.99"," ","999.9","110000"
"01023099999","2023-08-11","69.055758","18.540356","76.8","BARDUFOSS, NO","  60.9","24","  51.4","24","9999.9"," 0","999.9"," 0","  6.2","24","  3.0","24","  8.9","999.9","  69.8","*","  50.0","*","99.99"," ","999.9","110000"
"01023099999","2023-08-12","69.055758","18.540356","76.8","BARDUFOSS, NO","  58.6","24","  51.6","24","9999.9"," 0","999.9"," 0","  6.2","24","  2.7","24","  8.0","999.9","  68.0","*","  48.2","*","99.99"," ","999.9","110000"
"01023099999","2023-08-13","69.055758","18.540356","76.8","BARDUFOSS, NO","  59.1","24","  52.7","24","9999.9"," 0","999.9"," 0","  5.0","24","  2.3","24","  8.9","999.9","  71.6","*","  50.0","*","99.99"," ","999.9","110000"
"01023099999","2023-08-14","69.055758","18.540356","76.8","BARDUFOSS, NO","  56.7","24","  54.7","24","9999.9"," 0","999.9"," 0","  6.0","24","  0.8","24","  2.9","999.9","  62.6","*","  50.0","*","99.99"," ","999.9","110000"
"01023099999","2023-08-15","69.055758","18.540356","76.8","BARDUFOSS, NO","  57.9","24","  55.0","24","9999.9"," 0","999.9"," 0","  5.9","24","  3.5","24","  7.0","999.9","  63.9"," ","  53.6","*","99.99"," ","999.9","110000"
"01023099999","2023-08-16","69.055758","18.540356","76.8","BARDUFOSS, NO","  55.0","24","  51.6","24","9999.9"," 0","999.9"," 0","  6.2","24","  6.6","24","  8.9"," 11.5","  59.0","*","  51.8","*","99.99"," ","999.9","110000"
"01023099999","2023-08-17","69.055758","18.540356","76.8","BARDUFOSS, NO","  51.6","24","  44.4","24","9999.9"," 0","999.9"," 0","  6.2","24","  5.6","24"," 11.1","999.9","  57.2","*","  46.4","*","99.99"," ","999.9","010000"
"01023099999","2023-08-18","69.055758","18.540356","76.8","BARDUFOSS, NO","  52.2","24","  45.3","24","9999.9"," 0","999.9"," 0","  6.2","24","  4.1","24","  9.9","999.9","  59.0","*","  46.4","*"," 0.00","I","999.9","000000"
"01023099999","2023-08-19","69.055758","18.540356","76.8","BARDUFOSS, NO","  53.1","24","  44.9","24","9999.9"," 0","999.9"," 0","  6.2","24","  3.3","24","  7.0","999.9","  62.6","*","  39.2","*"," 0.00","I","999.9","100000"
"01023099999","2023-08-20","69.055758","18.540356","76.8","BARDUFOSS, NO","  54.9","24","  46.2","24","9999.9"," 0","999.9"," 0","  6.2","24","  3.1","24","  8.9","999.9","  68.0","*","  35.6","*"," 0.00","I","999.9","100000"
"01023099999","2023-08-21","69.055758","18.540356","76.8","BARDUFOSS, NO","  57.4","24","  52.2","24","9999.9"," 0","999.9"," 0","  6.2","24","  3.0","24","  9.9"," 12.8","  64.4","*","  46.4","*","99.99"," ","999.9","010000"
"01023099999","2023-08-22","69.055758","18.540356","76.8","BARDUFOSS, NO","  55.6","24","  54.2","24","9999.9"," 0","999.9"," 0","  5.8","24","  1.3","24","  4.1","999.9","  57.2","*","  53.6","*","99.99"," ","999.9","110000"
"01023099999","2023-08-23","69.055758","18.540356","76.8","BARDUFOSS, NO","  56.3","24","  50.9","24","9999.9"," 0","999.9"," 0","  5.0","24","  2.5","24","  8.9","999.9","  66.2","*","  44.6","*"," 0.00","I","999.9","100000"
"01023099999","2023-08-24","69.055758","18.540356","76.8","BARDUFOSS, NO","  52.9","24","  49.0","24","9999.9"," 0","999.9"," 0","  6.2","24","  2.5","24","  8.0","999.9","  60.8","*","  46.4","*"," 0.00","I","999.9","100000"
"01023099999","2023-08-25","69.055758","18.540356","76.8","BARDUFOSS, NO","  52.8","24","  48.5","24","9999.9"," 0","999.9"," 0","  6.2","24","  3.4","24","  7.0","999.9","  59.0","*","  39.2","*"," 0.00","I","999.9","000000"
"01023099999","2023-08-26","69.055758","18.540356","76.8","BARDUFOSS, NO","  54.5","24","  46.9","24","9999.9"," 0","999.9"," 0","  5.0","24","  2.1","24","  8.0","999.9","  69.8","*","  41.0","*"," 0.00","I","999.9","100000"
"01023099999","2023-08-27","69.055758","18.540356","76.8","BARDUFOSS, NO","  53.1","24","  47.3","24","9999.9"," 0","999.9"," 0","  4.7","24","  2.2","24","  7.0","999.9","  68.0","*","  41.0","*"," 0.00","I","999.9","100000"
"01023099999","2023-08-28","69.055758","18.540356","76.8","BARDUFOSS, NO","  55.4","24","  48.1","24","9999.9"," 0","999.9"," 0","  6.2","24","  1.9","24","  9.9"," 10.3","  68.0","*","  38.5"," ","99.99"," ","999.9","110000"
"01023099999","2023-08-29","69.055758","18.540356","76.8","BARDUFOSS, NO","  55.1","24","  53.1","24","9999.9"," 0","999.9"," 0","  6.2","24","  2.3","24","  6.0","999.9","  57.2","*","  51.8","*","99.99"," ","999.9","110000"
"01023099999","2023-08-30","69.055758","18.540356","76.8","BARDUFOSS, NO","  54.1","24","  51.3","24","9999.9"," 0","999.9"," 0","  6.2","24","  2.7","24","  8.0"," 12.2","  62.6","*","  46.4","*","99.99"," ","999.9","110000"
"01023099999","2023-08-31","69.055758","18.540356","76.8","BARDUFOSS, NO","  53.3","24","  50.2","24","9999.9"," 0","999.9"," 0","  4.8","24","  3.0","24","  7.0","999.9","  64.4","*","  44.6","*"," 0.00","I","999.9","100000"
"01023099999","2023-09-01","69.055758","18.540356","76.8","BARDUFOSS, NO","  55.6","24","  51.8","24","9999.9"," 0","999.9"," 0","  6.2","24","  3.5","24","  7.0","999.9","  60.8","*","  51.8","*","99.99"," ","999.9","010000"
"01023099999","2023-09-02","69.055758","18.540356","76.8","BARDUFOSS, NO","  53.8","24","  49.8","24","9999.9"," 0","999.9"," 0","  6.2","24","  4.0","24","  9.9","999.9","  60.8","*","  41.0","*"," 0.00","I","999.9","100000"
"01023099999","2023-09-03","69.055758","18.540356","76.8","BARDUFOSS, NO","  51.7","24","  49.4","24","9999.9"," 0","999.9"," 0","  6.2","24","  2.2","24"," 13.0","999.9","  60.8","*","  41.0","*","99.99"," ","999.9","110000"
"01023099999","2023-09-04","69.055758","18.540356","76.8","BARDUFOSS, NO","  51.2","24","  45.6","24","9999.9"," 0","999.9"," 0","  6.2","24","  5.1","24"," 14.0"," 27.0","  57.2","*","  45.7"," ","99.99"," ","999.9","010000"
"01023099999","2023-09-05","69.055758","18.540356","76.8","BARDUFOSS, NO","  46.8","24","  42.8","24","9999.9"," 0","999.9"," 0","  6.2","24","  4.2","24"," 11.1"," 24.1","  51.8","*","  44.1"," ","99.99"," ","999.9","010000"
"01023099999","2023-09-06","69.055758","18.540356","76.8","BARDUFOSS, NO","  49.4","24","  43.0","24","9999.9"," 0","999.9"," 0","  6.2","24","  6.9","24"," 13.0"," 27.0","  51.8","*","  44.6","*","99.99"," ","999.9","010000"
"01023099999","2023-09-07","69.055758","18.540356","76.8","BARDUFOSS, NO","  54.4","24","  45.7","24","9999.9"," 0","999.9"," 0","  6.2","24","  5.5","24","  9.9","999.9","  59.0","*","  51.8","*","99.99"," ","999.9","010000"
"01023099999","2023-09-08","69.055758","18.540356","76.8","BARDUFOSS, NO","  59.8","24","  53.5","24","9999.9"," 0","999.9"," 0","  6.2","24","  4.5","24","  8.9","  9.9","  68.0","*","  50.0","*","99.99"," ","999.9","010000"
"01023099999","2023-09-09","69.055758","18.540356","76.8","BARDUFOSS, NO","  63.0","24","  54.4","24","9999.9"," 0","999.9"," 0","  6.2","24","  5.8","24"," 15.0"," 22.0","  69.8","*","  57.2","*","99.99"," ","999.9","010000"
"01023099999","2023-09-10","69.055758","18.540356","76.8","BARDUFOSS, NO","  56.9","24","  48.2","24","9999.9"," 0","999.9"," 0","  6.2","24","  8.5","24"," 14.0"," 28.9","  64.4","*","  49.3"," ","99.99"," ","999.9","010000"
"01023099999","2023-09-11","69.055758","18.540356","76.8","BARDUFOSS, NO","  51.4","24","  46.6","24","9999.9"," 0","999.9"," 0","  6.2","24","  3.5","24","  8.0","999.9","  55.9"," ","  48.2","*","99.99"," ","999.9","010000"
"01023099999","2023-09-12","69.055758","18.540356","76.8","BARDUFOSS, NO","  48.4","24","  46.2","24","9999.9"," 0","999.9"," 0","  6.2","24","  4.2","24","  9.9","999.9","  51.8","*","  44.6","*","99.99"," ","999.9","110000"
"01023099999","2023-09-13","69.055758","18.540356","76.8","BARDUFOSS, NO","  43.9","24","  39.1","24","9999.9"," 0","999.9"," 0","  6.2","24","  3.9","24","  8.9","999.9","  48.2","*","  39.2","*","99.99"," ","999.9","010000"
"01023099999","2023-09-14","69.055758","18.540356","76.8","BARDUFOSS, NO","  40.5","24","  38.1","24","9999.9"," 0","999.9"," 0","  5.7","24","  1.3","24","  4.1","999.9","  48.2","*","  32.0","*","99.99"," ","999.9","110000"
"01023099999","2023-09-15","69.055758","18.540356","76.8","BARDUFOSS, NO","  39.8","24","  36.2","24","9999.9"," 0","999.9"," 0","  4.2","24","  0.5","24","  2.9","999.9","  53.6","*","  30.2","*"," 0.00","I","999.9","100000"
"01023099999","2023-09-16","69.055758","18.540356","76.8","BARDUFOSS, NO","  43.0","24","  39.6","24","9999.9"," 0","999.9"," 0","  6.2","24","  2.7","24","  9.9","999.9","  53.6","*","  32.0","*","99.99"," ","999.9","110000"
"01023099999","2023-09-17","69.055758","18.540356","76.8","BARDUFOSS, NO","  43.6","24","  39.2","24","9999.9"," 0","999.9"," 0","  6.2","24","  4.4","24"," 12.0","999.9","  48.2","*","  35.6","*","99.99"," ","999.9","010000"
"01023099999","2023-09-18","69.055758","18.540356","76.8","BARDUFOSS, NO","  47.9","24","  40.2","24","9999.9"," 0","999.9"," 0","  6.2","24","  6.1","24"," 11.1","999.9","  51.8","*","  41.0","*","99.99"," ","999.9","010000"
"01023099999","2023-09-19","69.055758","18.540356","76.8","BARDUFOSS, NO","  42.3","15","  35.5","15","9999.9"," 0","999.9"," 0","  6.2","15","  6.9","15"," 14.0","999.9","  44.6","*","  41.0","*","99.99"," ","999.9","010000"
"01023099999","2023-09-20","69.055758","18.540356","76.8","BARDUFOSS, NO","  39.0","24","  29.9","24","9999.9"," 0","999.9"," 0","  6.2","24","  5.7","24"," 14.0"," 24.1","  44.6","*","  28.4","*","99.99"," ","999.9","010000"
"01023099999","2023-09-21","69.055758","18.540356","76.8","BARDUFOSS, NO","  39.6","24","  30.4","24","9999.9"," 0","999.9"," 0","  6.2","24"," 12.1","24"," 21.0"," 31.1","  44.6","*","  30.2","*","99.99"," ","999.9","010000"
"01023099999","2023-09-22","69.055758","18.540356","76.8","BARDUFOSS, NO","  46.0","24","  42.0","24","9999.9"," 0","999.9"," 0","  6.2","24","  2.7","24","  9.9","999.9","  48.2","*","  42.8","*","99.99"," ","999.9","010000"
"01023099999","2023-09-23","69.055758","18.540356","76.8","BARDUFOSS, NO","  47.5","24","  44.6","24","9999.9"," 0","999.9"," 0","  6.2","24","  3.9","24","  8.0"," 10.9","  51.8","*","  42.8","*","99.99"," ","999.9","010000"
"01023099999","2023-09-24","69.055758","18.540356","76.8","BARDUFOSS, NO","  45.8","24","  42.8","24","9999.9"," 0","999.9"," 0","  6.0","24","  1.7","24","  5.1","999.9","  51.8","*","  42.8","*","99.99"," ","999.9","110000"
"01023099999","2023-09-25","69.055758","18.540356","76.8","BARDUFOSS, NO","  46.6","24","  44.4","24","9999.9"," 0","999.9"," 0","  5.4","24","  1.8","24","  5.1","999.9","  50.0","*","  44.6","*","99.99"," ","999.9","110000"
"01023099999","2023-09-26","69.055758","18.540356","76.8","BARDUFOSS, NO","  51.5","24","  47.1","24","9999.9"," 0","999.9"," 0","  6.2","24","  6.4","24"," 17.1"," 28.0","  57.2","*","  42.8","*","99.99"," ","999.9","010000"
"01023099999","2023-09-27","69.055758","18.540356","76.8","BARDUFOSS, NO","  54.8","24","  46.4","24","9999.9"," 0","999.9"," 0","  6.2","24","  3.8","24"," 13.0"," 15.9","  60.8","*","  46.4","*"," 0.00","I","999.9","000000"
"01023099999","2023-09-28","69.055758","18.540356","76.8","BARDUFOSS, NO","  50.1","24","  43.0","24","9999.9"," 0","999.9"," 0","  6.2","24","  2.9","24","  8.0","999.9","  57.2","*","  42.8","*","99.99"," ","999.9","010000"
"01023099999","2023-09-29","69.055758","18.540356","76.8","BARDUFOSS, NO","  48.8","24","  47.1","24","9999.9"," 0","999.9"," 0","  6.2","24","  1.3","24","  4.1","999.9","  53.6","*","  42.8","*","99.99"," ","999.9","110000"
"01023099999","2023-09-30","69.055758","18.540356","76.8","BARDUFOSS, NO","  49.4","24","  47.8","24","9999.9"," 0","999.9"," 0","  6.2","24","  0.8","24","  4.1","999.9","  53.6","*","  46.4","*","99.99"," ","999.9","110000"
"01023099999","2023-10-01","69.055758","18.540356","76.8","BARDUFOSS, NO","  43.3","24","  41.2","24","9999.9"," 0","999.9"," 0","  7.2","24","  3.8","24"," 13.0","999.9","  48.2","*","  37.4","*","99.99"," ","999.9","110000"
"01023099999","2023-10-02","69.055758","18.540356","76.8","BARDUFOSS, NO","  38.8","24","  36.7","24","9999.9"," 0","999.9"," 0","  6.0","24","  1.1","24","  5.1","999.9","  44.6","*","  35.6","*","99.99"," ","999.9","110000"
"01023099999","2023-10-03","69.055758","18.540356","76.8","BARDUFOSS, NO","  39.6","24","  35.1","24","9999.9"," 0","999.9"," 0","  6.2","24","  2.4","24","  6.0","999.9","  44.6","*","  33.8","*","99.99"," ","999.9","010000"
"01023099999","2023-10-04","69.055758","18.540356","76.8","BARDUFOSS, NO","  36.3","24","  32.5","24","9999.9"," 0","999.9"," 0","  6.0","24","  5.9","24"," 11.1"," 14.0","  41.0","*","  32.0","*","99.99"," ","999.9","010000"
"01023099999","2023-10-05","69.055758","18.540356","76.8","BARDUFOSS, NO","  34.8","24","  31.6","24","9999.9"," 0","999.9"," 0","  5.4","24","  7.3","24"," 14.0"," 24.1","  39.2","*","  33.8","*","99.99"," ","999.9","010000"
"01023099999","2023-10-06","69.055758","18.540356","76.8","BARDUFOSS, NO","  33.6","24","  31.9","24","9999.9"," 0","999.9"," 0","  6.1","24","  2.1","24","  6.0","999.9","  39.2","*","  30.2","*","99.99"," ","999.9","011000"
"01023099999","2023-10-07","69.055758","18.540356","76.8","BARDUFOSS, NO","  31.5","24","  28.6","24","9999.9"," 0","999.9"," 0","  6.0","24","  2.8","24","  8.9","999.9","  35.6","*","  23.0","*","99.99"," ","999.9","011000"
"01023099999","2023-10-08","69.055758","18.540356","76.8","BARDUFOSS, NO","  34.3","24","  33.0","24","9999.9"," 0","999.9"," 0","  6.2","24","  2.0","24","  5.1","999.9","  39.2","*","  30.2","*","99.99"," ","999.9","010000"
"01023099999","2023-10-09","69.055758","18.540356","76.8","BARDUFOSS, NO","  33.0","24","  31.6","24","9999.9"," 0","999.9"," 0","  4.6","24","  2.4","24","  8.0","999.9","  39.2","*","  30.2","*","99.99"," ","999.9","111000"
"01023099999","2023-10-10","69.055758","18.540356","76.8","BARDUFOSS, NO","  31.8","24","  26.2","24","9999.9"," 0","999.9"," 0","  5.5","24","  6.0","24"," 22.0"," 32.1","  37.4","*","  26.6","*"," 0.00","I","999.9","100000"
"01023099999","2023-10-11","69.055758","18.540356","76.8","BARDUFOSS, NO","  35.5","24","  25.6","24","9999.9"," 0","999.9"," 0","  6.1","24"," 13.4","24"," 24.1"," 39.0","  37.4","*","  32.0","*","99.99"," ","999.9","011000"
"01023099999","2023-10-12","69.055758","18.540356","76.8","BARDUFOSS, NO","  31.0","24","  26.0","24","9999.9"," 0","999.9"," 0","  6.2","24","  1.5","24","  4.1","999.9","  37.4","*","  24.8","*","99.99"," ","999.9","001000"
"01023099999","2023-10-13","69.055758","18.540356","76.8","BARDUFOSS, NO","  28.2","24","  23.7","24","9999.9"," 0","999.9"," 0","  6.2","24","  1.5","24","  5.1","999.9","  37.4","*","  17.6","*"," 0.00","I","999.9","000000"
"01023099999","2023-10-14","69.055758","18.540356","76.8","BARDUFOSS, NO","  29.1","24","  21.3","24","9999.9"," 0","999.9"," 0","  6.2","24","  5.9","24"," 15.0","999.9","  35.6","*","  17.6","*","99.99"," ","999.9","001000"
"01023099999","2023-10-15","69.055758","18.540356","76.8","BARDUFOSS, NO","  34.3","24","  30.9","24","9999.9"," 0","999.9"," 0","  6.2","24","  8.4","24"," 15.9"," 20.2","  37.4","*","  28.4","*","99.99"," ","999.9","010000"
"01023099999","2023-10-16","69.055758","18.540356","76.8","BARDUFOSS, NO","  37.1","24","  35.3","24","9999.9"," 0","999.9"," 0","  6.2","24","  4.4","24"," 14.0","999.9","  41.0","*","  32.0","*","99.99"," ","999.9","110000"
"01023099999","2023-10-17","69.055758","18.540356","76.8","BARDUFOSS, NO","  30.4","24","  29.3","24","9999.9"," 0","999.9"," 0","  6.2","24","  0.6","24","  2.9","999.9","  36.0"," ","  21.2","*"," 0.00","I","999.9","100000"
"01023099999","2023-10-18","69.055758","18.540356","76.8","BARDUFOSS, NO","  19.7","24","  17.8","24","9999.9"," 0","999.9"," 0","  6.2","24","  0.8","24","  3.9","999.9","  27.7"," ","  14.0"," "," 0.00","E","999.9","000000"
"01023099999","2023-10-19","69.055758","18.540356","76.8","BARDUFOSS, NO","  16.4","24","  14.2","24","9999.9"," 0","999.9"," 0","  7.7","24","  0.7","24","  1.9","999.9","  27.7"," ","  10.4"," "," 0.00","G","999.9","000000"
"01023099999","2023-10-20","69.055758","18.540356","76.8","BARDUFOSS, NO","  29.2","24","  24.8","24","9999.9"," 0","999.9"," 0","  7.8","24","  3.1","24","  9.7","999.9","  39.2","*","  12.2"," "," 0.00","G","999.9","000000"
"01023099999","2023-10-21","69.055758","18.540356","76.8","BARDUFOSS, NO","  36.8","24","  30.8","24","9999.9"," 0","999.9"," 0","  7.8","24","  3.0","24","  7.8","999.9","  41.5"," ","  30.0"," "," 0.00","H","999.9","010000"
"01023099999","2023-10-22","69.055758","18.540356","76.8","BARDUFOSS, NO","  26.4","24","  22.2","24","9999.9"," 0","999.9"," 0","  7.8","24","  1.8","24","  4.1","999.9","  35.6","*","  15.8","*"," 0.00","G","999.9","000000"
"01023099999","2023-10-23","69.055758","18.540356","76.8","BARDUFOSS, NO","  24.1","24","  17.8","24","9999.9"," 0","999.9"," 0","  7.7","24","  4.9","24"," 13.6","999.9","  34.0"," ","  14.0","*"," 0.00","G","999.9","000000"
"01023099999","2023-10-24","69.055758","18.540356","76.8","BARDUFOSS, NO","  12.9","24","   9.7","24","9999.9"," 0","999.9"," 0","  7.7","24","  0.7","24","  1.9","999.9","  29.1"," ","   6.8","*"," 0.00","G","999.9","000000"
"01023099999","2023-10-25","69.055758","18.540356","76.8","BARDUFOSS, NO","  22.1","24","  19.8","24","9999.9"," 0","999.9"," 0","  7.8","24","  0.6","24","  5.1","999.9","  30.2","*","   6.8"," "," 0.00","G","999.9","001000"
"01023099999","2023-10-26","69.055758","18.540356","76.8","BARDUFOSS, NO","  29.6","24","  28.0","24","9999.9"," 0","999.9"," 0","  7.6","24","  1.9","24","  5.8","999.9","  32.4"," ","  26.1"," "," 0.00","H","999.9","001000"
"01023099999","2023-10-27","69.055758","18.540356","76.8","BARDUFOSS, NO","  26.8","24","  25.8","24","9999.9"," 0","999.9"," 0","  7.8","24","  0.6","24","  1.9","999.9","  32.2"," ","  10.4","*"," 0.02","G","999.9","101000"
"01023099999","2023-10-28","69.055758","18.540356","76.8","BARDUFOSS, NO","  12.6","24","  10.2","24","9999.9"," 0","999.9"," 0","  7.7","24","  0.6","24","  1.9","999.9","  21.0"," ","   5.0","*"," 0.00","G","999.9","001000"
"01023099999","2023-10-29","69.055758","18.540356","76.8","BARDUFOSS, NO","   6.6","24","   3.5","24","9999.9"," 0","999.9"," 0","  7.8","24","  0.4","24","  1.9","999.9","  18.5"," ","   1.4","*"," 0.00","G","999.9","000000"
"01023099999","2023-10-30","69.055758","18.540356","76.8","BARDUFOSS, NO","   9.9","24","   6.8","24","9999.9"," 0","999.9"," 0","  7.8","24","  0.6","24","  2.9","999.9","  19.4","*","   1.0"," "," 0.00","G","999.9","001000"
"01023099999","2023-10-31","69.055758","18.540356","76.8","BARDUFOSS, NO","  20.7","24","  19.3","24","9999.9"," 0","999.9"," 0","  6.9","24","  0.9","24","  3.9","999.9","  27.3"," ","  11.3"," "," 0.00","G","999.9","001000"
"01023099999","2023-11-01","69.055758","18.540356","76.8","BARDUFOSS, NO","   7.3","24","   4.4","24","9999.9"," 0","999.9"," 0","  7.7","24","  0.7","24","  2.9","999.9","  21.2"," ","   1.4"," "," 0.00","G","999.9","000000"
"01023099999","2023-11-02","69.055758","18.540356","76.8","BARDUFOSS, NO","   5.2","24","   2.2","24","9999.9"," 0","999.9"," 0","  7.7","24","  0.8","24","  3.9","999.9","  14.4"," ","   0.9"," "," 0.00","G","999.9","000000"
"01023099999","2023-11-03","69.055758","18.540356","76.8","BARDUFOSS, NO","   5.4","24","   2.0","24","9999.9"," 0","999.9"," 0","  7.7","24","  1.2","24","  3.9","999.9","  18.3"," ","   1.4"," "," 0.00","G","999.9","000000"
"01023099999","2023-11-04","69.055758","18.540356","76.8","BARDUFOSS, NO","  19.3","24","  11.3","24","9999.9"," 0","999.9"," 0","  7.7","24","  8.9","24"," 25.1"," 35.0","  30.7"," ","   2.8"," "," 0.00","G","999.9","000000"
"01023099999","2023-11-05","69.055758","18.540356","76.8","BARDUFOSS, NO","  29.9","24","  20.1","24","9999.9"," 0","999.9"," 0","  7.8","24","  8.2","24"," 25.3"," 29.9","  33.8"," ","  24.8","*"," 0.00","G","999.9","000000"
"01023099999","2023-11-06","69.055758","18.540356","76.8","BARDUFOSS, NO","  26.8","21","  24.3","21","9999.9"," 0","999.9"," 0","  7.6","21","  0.5","21","  2.9","999.9","  31.8"," ","  24.3"," "," 0.00","G","999.9","001000"
"01023099999","2023-11-07","69.055758","18.540356","76.8","BARDUFOSS, NO","  23.1","24","  22.3","24","9999.9"," 0","999.9"," 0","  5.5","24","  0.3","24","  1.9","999.9","  30.2","*","   9.1"," "," 0.06","G","999.9","101000"
"01023099999","2023-11-08","69.055758","18.540356","76.8","BARDUFOSS, NO","  21.0","24","  19.8","24","9999.9"," 0","999.9"," 0","  7.8","24","  0.3","24","  2.9","999.9","  28.6"," ","   9.1"," "," 0.00","G","999.9","001000"
"01023099999","2023-11-09","69.055758","18.540356","76.8","BARDUFOSS, NO","  10.2","24","   8.0","24","9999.9"," 0","999.9"," 0","  7.8","24","  1.0","24","  3.9","999.9","  28.6"," ","   3.2","*"," 0.00","G","999.9","001000"
"01023099999","2023-11-10","69.055758","18.540356","76.8","BARDUFOSS, NO","  23.3","24","  21.9","24","9999.9"," 0","999.9"," 0","  5.6","24","  1.5","24","  5.8","999.9","  28.6"," ","   9.0"," "," 0.03","G","  1.6","001000"
"01023099999","2023-11-11","69.055758","18.540356","76.8","BARDUFOSS, NO","  16.7","24","  15.0","24","9999.9"," 0","999.9"," 0","  5.5","24","  1.3","24","  4.1","999.9","  27.5"," ","   0.9"," "," 0.01","G","  1.6","100000"
"01023099999","2023-11-12","69.055758","18.540356","76.8","BARDUFOSS, NO","   0.2","24","  -3.3","24","9999.9"," 0","999.9"," 0","  7.3","24","  0.4","24","  2.9","999.9","   7.9"," ","  -4.4"," "," 0.00","G","  1.2","000000"
"01023099999","2023-11-13","69.055758","18.540356","76.8","BARDUFOSS, NO","  -8.0","24"," -12.0","24","9999.9"," 0","999.9"," 0","  7.7","24","  0.4","24","  1.9","999.9","   0.1"," "," -13.0","*"," 0.00","G","  1.2","000000"
"01023099999","2023-11-14","69.055758","18.540356","76.8","BARDUFOSS, NO","  -2.6","24","  -6.6","24","9999.9"," 0","999.9"," 0","  7.4","24","  0.5","24","  3.9","999.9","  17.6","*"," -12.6"," "," 0.00","G","  1.2","000000"
"01023099999","2023-11-15","69.055758","18.540356","76.8","BARDUFOSS, NO","  17.2","24","  15.5","24","9999.9"," 0","999.9"," 0","  7.4","24","  0.2","24","  1.9","999.9","  23.4"," ","   5.9"," "," 0.03","G","  2.0","001000"
"01023099999","2023-11-16","69.055758","18.540356","76.8","BARDUFOSS, NO","  24.9","24","  22.4","24","9999.9"," 0","999.9"," 0","  7.3","24","  3.0","24","  9.7","999.9","  33.8","*","  10.8"," "," 0.07","G","  2.4","001000"
"01023099999","2023-11-17","69.055758","18.540356","76.8","BARDUFOSS, NO","  29.5","24","  26.2","24","9999.9"," 0","999.9"," 0","  5.8","24","  4.5","24","  9.9","999.9","  34.0"," ","  21.6"," "," 0.09","G","  4.7","001000"
"01023099999","2023-11-18","69.055758","18.540356","76.8","BARDUFOSS, NO","  22.9","24","  21.5","24","9999.9"," 0","999.9"," 0","  6.2","24","  1.8","24","  5.1","999.9","  30.6"," ","  11.5"," "," 0.25","G","  8.7","101000"
"01023099999","2023-11-19","69.055758","18.540356","76.8","BARDUFOSS, NO","   4.4","24","   1.7","24","9999.9"," 0","999.9"," 0","  6.8","24","  0.3","24","  1.9","999.9","  20.1"," ","  -8.5"," "," 0.13","G","  7.9","100000"
"01023099999","2023-11-20","69.055758","18.540356","76.8","BARDUFOSS, NO","  -2.4","24","  -6.0","24","9999.9"," 0","999.9"," 0","  7.5","24","  0.0","24","  1.0","999.9","   8.8"," "," -13.0","*"," 0.00","G","  7.1","101000"
"01023099999","2023-11-21","69.055758","18.540356","76.8","BARDUFOSS, NO","  -5.3","24","  -9.2","24","9999.9"," 0","999.9"," 0","  7.5","24","  0.0","24","  1.9","999.9","   6.8"," "," -13.7"," "," 0.00","G","  6.3","000000"
"01023099999","2023-11-22","69.055758","18.540356","76.8","BARDUFOSS, NO","  21.8","24","  14.2","24","9999.9"," 0","999.9"," 0","  7.8","24","  7.7","24"," 17.5"," 22.9","  32.0","*","  -7.6","*"," 0.00","G","  4.3","001000"
"01023099999","2023-11-23","69.055758","18.540356","76.8","BARDUFOSS, NO","  18.8","24","  15.6","24","9999.9"," 0","999.9"," 0","  6.3","24","  3.6","24"," 11.1","999.9","  30.9"," ","   8.1"," "," 0.00","G","  4.3","001000"
"01023099999","2023-11-24","69.055758","18.540356","76.8","BARDUFOSS, NO","  12.1","24","   7.7","24","9999.9"," 0","999.9"," 0","  5.6","24","  2.7","24"," 15.5","999.9","  25.5"," ","  -4.5"," "," 0.27","G","  6.7","001000"
"01023099999","2023-11-25","69.055758","18.540356","76.8","BARDUFOSS, NO","   6.3","24","   3.1","24","9999.9"," 0","999.9"," 0","  7.8","24","  0.7","24","  2.9","999.9","  15.8","*","  -6.7"," "," 0.00","G","  6.3","001000"
"01023099999","2023-11-26","69.055758","18.540356","76.8","BARDUFOSS, NO","  17.1","24","  15.4","24","9999.9"," 0","999.9"," 0","  7.3","24","  0.8","24","  2.9","999.9","  23.0","*","   6.6"," "," 0.00","G","  5.9","101000"
"01023099999","2023-11-27","69.055758","18.540356","76.8","BARDUFOSS, NO","   0.7","24","  -2.4","24","9999.9"," 0","999.9"," 0","  5.2","24","  0.8","24","  1.9","999.9","  22.3"," ","  -8.5"," "," 0.00","G","  5.9","100000"
"01023099999","2023-11-28","69.055758","18.540356","76.8","BARDUFOSS, NO","   7.9","24","   3.0","24","9999.9"," 0","999.9"," 0","  7.8","24","  4.1","24"," 15.0","999.9","  30.2","*","  -8.5"," "," 0.00","G","  5.9","001000"
"01023099999","2023-11-29","69.055758","18.540356","76.8","BARDUFOSS, NO","  28.2","24","  17.1","24","9999.9"," 0","999.9"," 0","  7.8","24","  8.0","24"," 13.6","999.9","  30.6"," ","  14.9"," "," 0.00","G","  5.5","000000"
"01023099999","2023-11-30","69.055758","18.540356","76.8","BARDUFOSS, NO","  18.6","24","  14.9","24","9999.9"," 0","999.9"," 0","  7.8","24","  1.2","24","  9.7","999.9","  29.3"," ","  13.8"," "," 0.00","G","  5.5","001000"
"01023099999","2023-12-01","69.055758","18.540356","76.8","BARDUFOSS, NO","  10.9","24","   8.2","24","9999.9"," 0","999.9"," 0","  7.8","24","  0.9","24","  4.1","999.9","  20.5"," ","   1.4"," "," 0.00","G","  5.1","000000"
"01023099999","2023-12-02","69.055758","18.540356","76.8","BARDUFOSS, NO","  10.2","24","   7.1","24","9999.9"," 0","999.9"," 0","  7.8","24","  1.2","24","  6.0","999.9","  19.0"," ","  -4.0","*"," 0.00","G","  5.1","000000"
"01023099999","2023-12-03","69.055758","18.540356","76.8","BARDUFOSS, NO","  -3.9","24","  -7.6","24","9999.9"," 0","999.9"," 0","  7.8","24","  0.5","24","  1.9","999.9","   6.8","*"," -10.1"," "," 0.00","G","  5.1","000000"
"01023099999","2023-12-04","69.055758","18.540356","76.8","BARDUFOSS, NO","  13.0","24","  10.6","24","9999.9"," 0","999.9"," 0","  6.5","24","  0.2","24","  2.9","999.9","  17.8"," ","  -2.6"," "," 0.00","G","  6.7","001000"
"01023099999","2023-12-05","69.055758","18.540356","76.8","BARDUFOSS, NO","   7.5","24","   4.9","24","9999.9"," 0","999.9"," 0","  7.5","24","  0.6","24","  2.9","999.9","  16.7"," ","   0.9"," "," 0.08","G","  6.7","001000"
"01023099999","2023-12-06","69.055758","18.540356","76.8","BARDUFOSS, NO","   5.0","24","   1.9","24","9999.9"," 0","999.9"," 0","  6.3","24","  0.9","24","  6.0","999.9","  15.8","*","  -7.6"," "," 0.00","G","  6.7","001000"
"01023099999","2023-12-07","69.055758","18.540356","76.8","BARDUFOSS, NO","   7.2","24","   1.9","24","9999.9"," 0","999.9"," 0","  7.7","24","  2.8","24"," 11.7","999.9","  18.0"," ","  -7.1"," "," 0.00","G","  6.3","000000"
"01023099999","2023-12-08","69.055758","18.540356","76.8","BARDUFOSS, NO","   4.7","24","  -0.1","24","9999.9"," 0","999.9"," 0","  7.7","24","  2.3","24","  9.9","999.9","  25.0"," ","  -6.7"," "," 0.00","G","  6.3","000000"
"01023099999","2023-12-09","69.055758","18.540356","76.8","BARDUFOSS, NO","   7.0","24","   3.0","24","9999.9"," 0","999.9"," 0","  7.7","24","  1.9","24","  7.0","999.9","  25.0"," ","  -8.9"," "," 0.00","G","  5.9","000000"
"01023099999","2023-12-10","69.055758","18.540356","76.8","BARDUFOSS, NO","   7.3","24","   3.5","24","9999.9"," 0","999.9"," 0","  7.7","24","  1.5","24","  3.9","999.9","  17.8"," ","  -8.9"," "," 0.00","G","  5.9","000000"
"01023099999","2023-12-11","69.055758","18.540356","76.8","BARDUFOSS, NO","  13.2","24","   7.8","24","9999.9"," 0","999.9"," 0","  7.8","24","  1.8","24","  5.8","999.9","  16.0"," ","   6.6"," "," 0.00","G","  5.9","001000"
"01023099999","2023-12-12","69.055758","18.540356","76.8","BARDUFOSS, NO","  -4.3","24","  -8.0","24","9999.9"," 0","999.9"," 0","  7.7","24","  0.5","24","  1.9","999.9","   8.6","*"," -10.7"," "," 0.00","A","  5.9","000000"
"01023099999","2023-12-13","69.055758","18.540356","76.8","BARDUFOSS, NO","  -8.8","24"," -12.7","24","9999.9"," 0","999.9"," 0","  7.7","24","  0.2","24","  1.9","999.9","  -0.4"," "," -13.2"," "," 0.00","F","  5.9","000000"
"01023099999","2023-12-14","69.055758","18.540356","76.8","BARDUFOSS, NO","  -0.9","24","  -4.8","24","9999.9"," 0","999.9"," 0","  7.7","24","  1.5","24","  5.8","999.9","  10.8"," "," -12.8"," "," 0.00","G","  5.9","000000"
"01023099999","2023-12-15","69.055758","18.540356","76.8","BARDUFOSS, NO","   7.0","24","   1.4","24","9999.9"," 0","999.9"," 0","  7.8","24","  2.1","24","  6.0","999.9","  16.0"," "," -10.7"," "," 0.00","G","  5.5","001000"
"01023099999","2023-12-16","69.055758","18.540356","76.8","BARDUFOSS, NO","  22.3","24","  18.7","24","9999.9"," 0","999.9"," 0","  7.3","24","  2.9","24","  7.8","999.9","  36.0"," ","   3.7"," "," 0.04","E","  6.3","001000"
"01023099999","2023-12-17","69.055758","18.540356","76.8","BARDUFOSS, NO","  32.7","24","  29.9","24","9999.9"," 0","999.9"," 0","  5.1","24","  9.0","24"," 21.4"," 35.9","  38.3"," ","  20.8"," "," 0.18","G","  8.3","011000"
"01023099999","2023-12-18","69.055758","18.540356","76.8","BARDUFOSS, NO","  26.3","24","  25.1","24","9999.9"," 0","999.9"," 0","  6.0","24","  1.5","24","  5.1","999.9","  36.1"," ","  14.9"," "," 0.48","G","  9.1","111000"
"01023099999","2023-12-19","69.055758","18.540356","76.8","BARDUFOSS, NO","  26.2","24","  24.9","24","9999.9"," 0","999.9"," 0","  5.8","24","  2.3","24","  9.7","999.9","  32.0","*","  14.9"," "," 0.02","G"," 10.6","011000"
"01023099999","2023-12-20","69.055758","18.540356","76.8","BARDUFOSS, NO","  18.8","24","  17.5","24","9999.9"," 0","999.9"," 0","  7.2","24","  2.1","24","  6.0","999.9","  31.6"," ","   3.7"," "," 0.22","G"," 12.6","001000"
"01023099999","2023-12-21","69.055758","18.540356","76.8","BARDUFOSS, NO","   6.4","24","   3.7","24","9999.9"," 0","999.9"," 0","  7.6","24","  1.0","24","  2.9","999.9","  17.2"," ","   2.1"," "," 0.04","G"," 11.8","000000"
"01023099999","2023-12-22","69.055758","18.540356","76.8","BARDUFOSS, NO","  -3.1","24","  -6.7","24","9999.9"," 0","999.9"," 0","  7.3","24","  1.1","24","  2.9","999.9","   5.2"," ","  -7.8"," "," 0.00","G"," 11.0","000000"
"01023099999","2023-12-23","69.055758","18.540356","76.8","BARDUFOSS, NO"," -12.3","24"," -16.5","24","9999.9"," 0","999.9"," 0","  7.7","24","  0.5","24","  2.9","999.9","  -0.4","*"," -17.0"," "," 0.00","G"," 11.0","000000"
"01023099999","2023-12-24","69.055758","18.540356","76.8","BARDUFOSS, NO","  18.7","24","  15.4","24","9999.9"," 0","999.9"," 0","  7.4","24","  3.0","24","  8.9","999.9","  28.8"," ","   1.8","*"," 0.02","E"," 11.0","001000"
"01023099999","2023-12-25","69.055758","18.540356","76.8","BARDUFOSS, NO","   5.8","24","   2.9","24","9999.9"," 0","999.9"," 0","  7.8","24","  1.1","24","  4.1","999.9","  28.8"," ","  -4.4"," "," 0.00","F"," 11.0","000000"
"01023099999","2023-12-26","69.055758","18.540356","76.8","BARDUFOSS, NO","  16.1","24","  13.9","24","9999.9"," 0","999.9"," 0","  5.5","24","  2.4","24","  8.9","999.9","  23.4"," ","   0.1"," "," 0.06","G"," 13.4","001000"
"01023099999","2023-12-27","69.055758","18.540356","76.8","BARDUFOSS, NO","  18.9","24","  15.3","24","9999.9"," 0","999.9"," 0","  7.8","24","  2.5","24","  9.7","999.9","  25.9"," ","  10.2"," "," 0.13","G"," 13.0","001000"
"01023099999","2023-12-28","69.055758","18.540356","76.8","BARDUFOSS, NO","  13.4","24","  11.0","24","9999.9"," 0","999.9"," 0","  7.8","24","  0.8","24","  3.9","999.9","  21.4"," ","  -4.4"," "," 0.00","G"," 12.6","001000"
"01023099999","2023-12-29","69.055758","18.540356","76.8","BARDUFOSS, NO","  -6.0","24","  -9.8","24","9999.9"," 0","999.9"," 0","  7.7","24","  0.8","24","  1.9","999.9","   5.5"," ","  -8.7"," "," 0.00","G"," 12.2","000000"
"01023099999","2023-12-30","69.055758","18.540356","76.8","BARDUFOSS, NO","  -6.7","24"," -10.4","24","9999.9"," 0","999.9"," 0","  7.7","24","  1.1","24","  4.1","999.9","  -0.0"," "," -12.1"," "," 0.00","G"," 11.8","000000"
"01023099999","2023-12-31","69.055758","18.540356","76.8","BARDUFOSS, NO"," -12.6","24"," -17.0","24","9999.9"," 0","999.9"," 0","  7.7","24","  0.6","24","  1.9","999.9","  -5.6"," "," -15.3"," "," 0.00","G"," 11.0","000000"
